"N° CABALLO ","","EDAD ","KG ","JINETE ","CUADRA ","PREPARADOR ","CAIÓN ","UR ",
"1 AGAMENON ","","2 afos ","57 ","LREVOLTE ","11 PLACA]E ","INSOUNI ","3 ","[08] ",
"1 DANKO (GB) ","","2 alos ","57 ","","BERNARDO ","RAVIAL ","10 ","(01,02] ",
"3 LICHTNINGSUN ","","alxas ","57 ","MDE JULIAN ","VALMODOMUS REAL ESTATE PSI ","ANUÑEZ ","2 ","[03] ",
"4 MONTERREDONDO (GE) ","(5) ","2 años ","57 ","","FE RETORNO ","L'ENNOUNI ","11 ","(02,05,02,06,06) ",
"s MUR ","","2 afaxi ","57 ","","REZA PAZOOKI ","DANAYA ","7 ","(03,02] ",
"6 ROCKY (FR) ","","alos ","57 ","ALEMAITRE ","ROVALGAIT ","MALONSO ROLDAN ","13 ","(04,07,04) ",
"7 TUNANTE ","","2 años ","57 ","JGELABERT ","E .PEREZ GUZNAN ","","9 ","[01,04,02] ",
"H ASTURIAS ","","2 atos ","55,5 ","VJANACEX ","TEGUADA ROCH ","","4 ","[02,01,04] ",
"9 ","","2 años ","55,5 ","","ROCIO ","","& ","(04,01,03,NP) ",
"10 HAMNINA ","","2 ","55,5 ","","MARQUES DE MIRAFLORES DE SAN ANTONIO ","CHLDELCHER ","5 ","[01,02] ",
"11 KARELA (FR) ","(5) ","2 años ","55,5 ","","MEDITERSANEO ","","13 ","[02,02,05] ",
"12 KENDAYA (IRE) ","","2 ales ","55,5 ","RJFAYOS ","AGRADO ","ELBIZON ","1 ","[04] ",
"13 TOKTO ","(5) ","2 ","55,5 ","AMELGAREÇO ","LEONESA ","","a ","[04] ",
