"N° CABALLO ","","FDAD ","KG ","INETE ","CUADRA ","PREPARADOR ","CAIÓN ","UR ",
"1 ATTY PERSSE (IRE) ","","6 alxas ","58,5 ","XDI JULIAN ","MARQUES DE NIRAFLORES DE SAN ANTONIO ","ORDELCHER ","7 ","(01,02,06,02,01) ",
"2 EMIN (IRE) ","","años ","SBS ","","MARQUES DE MIRAFLORES DE SAN ANTONIO ","OHDELCHER ","6 ","(05,02,06,01,10) ",
"3 EMINENCE (IRE) ","(4) ","4 años ","SB.S ","MEFERNANDEZ ","YEGUADA ROCIO ","","s ","",
"4 COLDEN MOOD (FR) ","","10 alles ","58,5 ","ALEMAITRE ","VIME CHRISTIAN WINGTANS ","NCAULLEKY ","4 ","(03,01/04/02,01) ",
"$ ESKANDERHON(USA) ","","4 atos ","SB,S ","J.GROSJEAN ","AVAZ ISMOILOT ","MDILOHERS ","2 ","(01,07,09,08,08) ",
"6 ELTING DEW (CB) ","(3) ","6 años ","SBS ","EREVOLTE ","CARTAGENA DE INDIAS ","DANAYA ","10 ","(02,03,02,03,16) ",
"7 TAZONES ","","4 años ","58,5 ","","TEGIADA ROCIO ","","3 ","(04,02,08,03,03) ",
"R (FR) ","","años ","Sib ","REFYOS ","NANINA ","LCALDIRON ","a ","(01,01,01,01.04) ",
"9 HARDPIA (FR) ","(4)(5) ","3 ates ","54.5 ","","EL FARGUE ","IALOSORIO ","11 ","(05,01,03,04,05) ",
"10 NAVIA (IRE) ","","3 alos ","$4.5 ","VJANACEX (C.Reja) ","TEGUADA ROCIO ","","1 ","(02,03,01,01.02) ",
"11 TARANTHA (FH) ","","3 ","54,5 ","","AGF ","",", ","(02,02,07,01.07) ",
