"N° CARALLO ","","FDAD ","","JINETE ","CUADRA ","PREPARADOR ","CAJON ","UR ",
"1 ","","3 años ","so ","VJANAON ","ROCO ","","2 ","(02,03,01,01.04) ",
"2 ROQUE (FE) (a) ","(3) ","4 años ","57,5 ","LGROSJEAN ","YEGUADA AGF ","","1 ","(01,07,04,05,07) ",
"3 VETONA (IRE) (=) ","(4) ","4 años ","55 ","VLVALENZUELA(54) ","HERMANOS ABOIN ","ACARRASOS ","5 ","(05,07,05,04,02) ",
"4 VELETA ","(5) ","3 años ","54.5 ","R.SOUSA ","POPURRI ","MIPEREE ","3 ","(06,01,06,11,05) ",
"5 ONFALE ","","3 anos ","53.5 ","JABLABERT ","DUQUED ALBURQUERQUE ","INLOSORIO ","4 ","[05] ",
"6 TOSCA ","(4) ","3 años ","$3,5 ","LIARGUIZZONES (C.Ro(a) ","TEGUADA AGP ","GARIZKORBITA ","5 ","[06] ",
