"N° CABALLO ","","EDAD ","KG ","JINETE ","CUADRA ","PREPARADOR ","CAIÓN ","UR ",
"1 ABRANTES ","","Talios ","57.5 ","ILMARTINEZ ","RIDASOA ","","2 ","",
"2 HILL (GB) ","","abes ","57,5 ","EMARTINEZ ","MADRIZ ","","10 ","(03,05,01,04,01) ",
"3 BLUEBERRY (IRE) ","","años ","575 ","","ROCIO ","GARIZKOWRETA ",", ","(08,01,02,05,06) ",
"4 FINTAS (GB) ","","","57,5 ","R.SOUSA ","MARQUES DE MIRAFLORES DE SAN ANTONIO ","COLDELCHER ","3 ","(01,02,04,10,03) ",
"5 CREAT PROSFECTOR (IRE) ","","Salos ","57.5 ","MEFERNANDEZ ","MALLOW GRAN CANARIA ","DANAYA ","4 ","",
"6 HOT SPOT (IRE) ","(5) ","ales ","57,5 ","R.FAYOS ","BEST HOBSE ","G.VAZ ",", ","",
"7 PRESIDINAY (CM) ","(2) ","Talion ","57,5 ","","ZEZINHO ","","11 ","(06,02,03,07,02) ",
"8 WIRREY (GB) ","(3) ","años ","57,5 ","(GAcal) ","YEGUADA ROCIO ","","6 ","[03,01,01,07,14] ",
"9 BRIARED (IRI) (a) ","(5) ","3 años ","57 ","","DUQUE DE ALBURQUERQUE ","INLOSORIO ","5 ","(08,04,05,04,03) ",
"to MOLLIFIER (IRE) ","","3 años ","55 ","DEJULIAN (G.Verde) ","MARQUES DE NIRAFLORES DE SAN ANTONIO ","OLDELCHER ","a ","",
"11 DANCING BALLERINA (IRE) ","","4 años ","56 ","LFONSECA ","EUROPA ","ICCERQUEIRA ","1 ","(03,07,06,02,01) ",
