"CABALLO ","","PESO ","EDAD ","JINETE ","CUADRA ","PREPARADOR ","CAJON ",
"PADRON ","3 ","62 ","4 ","A. GOMEZ (60) ","PEREIRA SAT ","J. C. LOPERA ","9 ",
"COVELO ","5 ","62 ","7 ","D. DELGADO (B. BLANCA) ","PEREIRA SAT ","J. C. LOPERA ","1 ",
"PERFECTAMENTE (GB) ","","60 ","6 ","E. MELIAN (58) ","JOLAM ","E. OLGADO ","8 ",
"SUPER NENA (IRE) ","","60 ","4 ","J. CROCQUEVIEILLE ","AREVACOS ","J. A. RODRIGUEZ ","2 ",
"MEARI (ARG) ","","57 ","5 ","F. JIMENEZ ","MI VIEJITA ","J. C. FERNANDEZ ","10 ",
"GRANADA ","3 ","57 ","4 ","V. JANACEK ","BATTISTI TURF ","M. AUGELLI ","3 ",
"AMERVI ","5 ","56 ","4 ","J. GROSJEAN ","LOS TONELES ","F. RODRIGUEZ ","11 ",
"NORTH EAST CORNER (USA) ","5 ","52 ","6 ","SRTA. GELABERT, L. (49) ","CASTILLO DE CHARETA ","B. RAMA ","6 ",
"BERLINESA (IRE) ","","51 ","4 ","M. GOMES (51,5) ","LAS AGUILAS ","G. VILLARTA ","12 ",
"CAVALLERIA (GB) ","4 ","50 ","5 ","V. SANCHEZ (48) ","CARRERAS INT. ","J. L. EYRE ","5 ",
"SPECTRUM'S CHILD (IRE) ","","50 ","5 ","C. CAZALIS (B. ROJA) ","LAS AGUILAS ","G. VILLARTA ","4 ",
"SHERWOOD ","5 ","50 ","6 ","SRTA. ZAPICO, S. (52) ","LA GITANA ","J. HIDALGO ","7 ",
