"CABALLO ","","PESO ","EDAD ","JINETE ","CUADRA ","PREPARADOR ","CAJON ",
"CHIQUI (IRE) (10.000) ","","59 ","3 ","C. FERNANDEZ (56) ","SUFLE ","J. C. FERNANDEZ ","7 ",
"JUAN DANIEL (10.000) ","","59 ","3 ","A. GOMEZ (56) ","JEREZANA ","J. CALDERON ","8 ",
"BENTAYGA (IRE) (8.000) ","","57,5 ","3 ","I. LOPEZ ","INSTAGONZA ","o. ANAYA ","1 ",
"EL TIBET (IRE) (8.000) ","","57,5 ","3 ","J.L. MARTINEZ ","MARIA DE SALAS ","M. ALVAREZ ","6 ",
"LADYKIN (IRE)(8.000) ","","56 ","3 ","F. JIMENEZ ","MAZANTINNI ","A. CARRASCO ","2 ",
"CANELA FINA (6.000) ","5 ","54,5 ","3 ","E. MELIAN (52) ","SOÑADOR ","J. SALGUERO ","9 ",
"ESTELLA (6.000) ","","54,5 ","3 ","J. GROSJEAN ","SAFSAF ","F. RODRIGUEZ ","3 ",
"GIMENA (6.000) ","","54,5 ","3 ","V. JANACEK (55) ","REZA PAZOOKI ","F. RODRIGUEZ ","4 ",
"SEMINOLA (6.000) ","","54,5 ","3 ","S. MARTIN ","YEGUADA CORTIÑAL ","J. A. RODRIGUEZ ","5 ",
