"CABALLO ","","PESO ","EDAD ","JINETE ","CUADRA ","PREPARADOR ","CAJÓN ",
"BLAISE TOWER (GB) ","","62 ","6 ","F. ALVARADO ","CASTILLO DE CHARETA ","B. RAMA ","5 ",
"DAVAY (USA) ","","60 ","4 ","J.C. CERQUEIRA ","LUIS ALBERTO NUÑEZ ","J. A. RODRIGUEZ ","10 ",
"EL AFRICANO ","","58 ","5 ","R. RAMOS ","LAS AGUILAS ","G. VILLARTA ","3 ",
"ESQUIO ","3 ","58 ","5 ","V. JANACEK ","PEREIRA SAT ","J. C. LOPERA ","11 ",
"IRAIZOTZ ","","58 ","5 ","R. HUAYAS ","MADELEINE ","R.H. HUAYAS ","6 ",
"SALTERGATE (GB) ","3 ","58 ","4 ","I. LOPEZ ","INSTAGONZA ","o. ANAYA ","12 ",
"AROUSA ","","56 ","5 ","A. GOMEZ (54) (B. BLANCA) ","PEREIRA SAT ","J. c. LOPERA ","9 ",
"BARATHEA BAY (IRE) ","","55 ","4 ","J.M. SANCHEZ C. (53) ","TICIANO ","M. DELCHER S, ","7 ",
"PRECIADOS (IRE) ","","55 ","6 ","J.L. MARTINEZ ","RETIRO ","M. ALVAREZ ","8 ",
"VALLE DE RONCAL ","5 ","54 ","4 ","J. GROSJEAN ","SAFSAF ","F. RODRIGUEZ ","1 ",
"SANDOVAL (GB) ","5 ","53 ","6 ","J. CROCQUEVIEILLE (54,5) ","VADILLO ","A. CARRASCO ","2 ",
"LISSELAN PHAROAH (USA) ","5 ","51 ","5 ","M. GOMES (51,5) ","LISSELAN FARMS ","A. R. ACOSTA ","4 ",
