"N° ","CABALLO ","","PESO ","EDAD ","JINETE ","CUADRA ","PREPARADOR ","CAJON ",
"1 ","DRACO ","5 ","66 ","6 ","SRTA. LOPEZ L., D. (64) ","LOPEZ VALLADARES ","D. LOPEZ L, ","3 ",
"2 ","MONSAGRO ","5 ","66 ","5 ","SR. HIDALGO, J. (64) ","LA GITANA ","J. HIDALGO ","2 ",
"3 ","BANBU ","","64 ","4 ","SR. SOTO, A. ","ALBERO ","J. C. FERNANDEZ ","6 ",
"4 ","JORDAN WATER ","","64 ","5 ","SRTA. BUESA, C. (62) ","SAYAGO ","G. ARIZCORRETA ","9 ",
"5 ","OLINA ","5 ","62,5 ","5 ","SR. CARMENA,M. ","KINGS RACING ","B. RAMA ","7 ",
"6 ","BOREAS ","5 ","62 ","5 ","SRTA. RODRIGUEZ, G. (60) ","CELSO MENDEZ ","M. ALVAREZ ","5 ",
"7 ","SKY BLUE ","","62 ","5 ","SRTA. GONZALEZ, R. (60) ","LAS AGUILAS ","G. VILLARTA ","4 ",
"8 ","AMOREBIETA ","","60,5 ","4 ","SRTA. ZAPICO, S. ","MADELEINE ","R.H. HUAYAS ","8 ",
"9 ","CUÑATAY ","","58,5 ","4 ","SR. GREDILLA, P. ","GUAYCURU ","A. R. ACOSTA ","1 ",
