"CABALLO ","","PESO ","EDAD ","JINETE ","CUADRA ","PREPARADOR ","CAJON ",
"FORTUN (IRE) ","","58 ","3 ","J. CROCQUEVIEILLE ","LA TOLEDANA ","J. L. MAROTO ","2 ",
"ALFACAR ","","57 ","3 ","J. GROSJEAN ","EL FARGUE ","M. DELCHER S, ","1 ",
"ESGUES ","","57 ","3 ","D. DELGADO ","LA SUECA ","J. C. LOPERA ","6 ",
"FINLEY CONNOLLY (IRE) ","","57 ","3 ","J.L. MARTINEZ ","AMIGA ","M. ALVAREZ ","3 ",
"GERGES ","5 ","57 ","3 ","S. MARTIN ","SANTIAGUESA ","J. A. RODRIGUEZ ","5 ",
"GNOMO ","5 ","57 ","3 ","V. JANACEK ","DOMI ","J. A. RODRIGUEZ ","4 ",
"MAKALALI (GB) ","5 ","57 ","3 ","I. LOPEZ ","MARTEL SANCHEZ ","o. ANAYA ","7 ",
