"NO CABALLO ","","EDAD ","KG ","JINETE ","CUADRA ","PREPARADOR ","CAJÓN ","UR ",
"1 MELAMPO ","(8) ","añes ","62 ","B.FAYOS ","ZURRAQUIN ","RAMA ","1 ","(03,01,05,09,07) ",
"2 KARLUVY ","","años ","69.5 ","","A'CASINA ","DANAYA ",", ","(02,02,05,06,10) ",
"3 TALES (GB) (a) ","(8) ","añas ","58 ","IMELGAREJO ","CANARIAS ","LCCERQUEIRA ","2 ","[05.10.NP.06,04 ",
"4 VELETA ","(5)(8) ","años ","575 ","LLMARTINEZ ","POPORRI ","MIPEREZ ","3 ","[11/04,14,15,05) ",
"5 (IRE) ","","años ","54.5 ","","DIECISEIS ","LCROSILL ","5 ","[02,07,NP,02,03] ",
"6 YIYE (GB) ","(5) ","añas ","54.5 ","R.SOUSA ","BRISTOL: STUD ","T.MARTINS ",", ","(02,02,03,09.06) ",
"7 ","(5) ","años ","54.5 ","","","F.PEREZ ","4 ","",
"8 NIAGARA ","","años ","52.5 ","R.V.VALLE ","TEGUADA CORTIÑAL ","LHORCAJADA ","6 ","[01,03,02,09,06] ",
"+ RUN REN ","(5) ","añas ","51 ","","MAGKA ","MAM RACING ","* ","(09,05,04,04,07) ",
"10 MYALDAGOBA ","","años ","51 ","LOBLABERT (52) ","COMETA ","","10 ","(08.05.01.14/02) ",
