"N° CABALLO ","","EDAD ","KG ","JINETE ","CUADRA ","PREPARADOR ","CAJÓN ","OR ",
"1 LEGIONARIO (GB) ","(4) ","5 años ","69.5 ","NJERUDOSOVA (65) ","SANTA BARBARA ","LOSORIO ",", ","(01,01,02,08.01) ",
"2 EINAR (IRE) ","(5) ","5 añas ","61,5 ","ALMONCEAUX (57) ","BERNIE ","LLOPEZ ","5 ","(02,07,06,03,03) ",
"3 SUPER POHN (FR) ","(5) ","5 años ","54.5 ","BLFAVOS ","PEREZ GUZSIAN ","LARODRIGUEZ ","3 ","(01/06/01,11,03) ",
"4 ISHRAQ (FR) ","(8) ","añas ","SB ","","S.ELORZA CAVENGT ","DANAYA ","4 ","(06,04,07,01,08) ",
"3 TRUJILLO (FR) ","","añas ","37 ","IMELGARE)O ","SALVADOR MARQUEX ","EBUZON ","6 ","[02,08,08,09,NP ",
". TRECE (IRK) ","(3) ","5 años ","54.5 ","R.SOUSA ","BELEN ","","3 ","(02,07,03,07.05) ",
"7 MANUMART (GH) ","(4) ","4 años ","S6 ","","CALEBAÑA ","AREVOLINA ","2 ","(03.11.10.09.01) ",
