"NE CAB4LLO ","","EDAD ","KG ","JINETE ","CUADRA ","PREPARADOR ","CAJÓN ","UR acteacions ",
"1 RATTLE OF WATERLOO (IRE) ","","5 años ","67 ","SR SARABIA,D, ","DIAZHOR ","BANAYA ","1 ","[NP,02,07,06,03] ",
"2 CHAPNAN BILLY (CB) ","(2)(5) ","5 años ","67 ","RALONSO.C. ","DE TODO UN POCO ","LARODRIGUEZ ","5 ","[03,01,06,05,06] ",
"3 NADER ","(8) ","8 años ","47 ","","REZA PAZDOKI ","BANAYA ","3 ","(06.06.03.01.02) ",
"4 JARANA (GB) ","","4 años ","64,5 ","SR PINEDALG. ","DOBLE II ","ASOTO ","2 ","(06,03,03,01,06) ",
"5 STOWDAN (GB) ","","4 años ","64 ","sa SAINZ, A. [63] ","JULIAN VIEITEZ ","DANAYA ","4 ","(07,07,03,05,06) ",
