"XE CABALLO ","","EDAD ","KG ","JINETE ","CUADRA ","PREPARADOR ","CAJÓN ","UR ",
"1 BABA KARAM ","(3)(8) ","4 años ","60 ","R.SOUSA ","REZA PAZDOKI ","DANAYA ","3 ","(01,07,02,01.01) ",
"2 TONDERO (FR) ","(5) ","años ","39 ","LFONSECA (56) ","SIEVPRE FANI ","T.MARTINS ","1 ","[03,02,04,04,08 ",
"3 HIGHROCK BUVE ","","años ","57.5 ","IMELGARE)O ","AGRADO ","EBUZON ","2 ","",
"4 ZIBARY (FR) ","(8) ","ades ","57 ","","HABIT ","","$ ","(03,01,06,05,06) ",
"5 ALPIN KING (IRE) ","","añas ","36 ","","RIO CUBAS ","DANAYA ","6 ","(06,03,08,06,03) ",
"é DON QUINTIN (IRE) ","(2) ","años ","56 ","LGELAHERT ","SANTA BARBARA ","IMOSORIO ",", ","(NP,NP.Qdo] ",
"7 LADY TRINITY (FR) ","(3) ","4 años ","54.5 ","(49,5) ","Y TODOS PARA UNA ","RVALENTI ","4 ","(06,07,13,07,06) ",
