"N° CABALLO ","","EDAD ","KG ","JINETE ","CUADRA ","PREPARADOR ","CAJÓN ","UR ",
"1 DARKO (9000) ","(4)(#) ","3 años ","59 ","(54) ","EL RETORNO ","L ENNOUNI ","5 ","[07,09] ",
"2 ","","3 años ","57,5 ","INELGAREJO ","SALVADOR MARQUEZ ","DANAYA ","1 ","[02,04.08] ",
"3 VONTERREDONDO (GE)(T000) ","(5)(8) ","3 años ","57,5 ","","EL RETORNO ","L'ENNOUNI ","4 ","(05,02,04,06,02) ",
"4 ","(8) ","3 años ","56 ","","TEGIADA ROCIO ","GARIZKORRETA ","J ","(03,02,03,08,04) ",
"5 MADIDINA (FR)(7000) ","(8) ","3 años ","S6 ","R.SOUSA ","ECURIE DES NOUETTIS ","RMARTINY, ","2 ","[01,05,02,01.01] ",
