"N° CABALLO ","","EDAD ","KG ","JINETE ","CUADRA ","PREPARADOR ","CAIÓN ","",
"1 PELLIQUERO (FR) ","","","62 ","VJANACEK ","CEELD DE MADRID ","LA RODRIGUER ","5 ","(04.02.02.06.05 ",
"2 POWERFIL SOLE (GE) ","","Salles ","61,5 ","","AGRADO ","","4 ","(05.06.02.04.01) ",
"3 BABA WARAM ","(3)(#) ","dalles ","61 ","","REZA PAZDOKI ","OANATA ","10 ","",
"+ BRET DE VALIENTE ","(4) ","Sales ","59,5 ","","TEGEADA VALIENTE ","LLOPIZ ","à ","(02,01,01,01,04) ",
"s DEFERENCE ","(8) ","Sates ","$7,5 ","R.SOUSA ","TINERFE ","O.ANATA ","1 ","[11,02,04,03,01 ",
"& ","(8) ","dates ","57 ","REFYOS ","ENBIQUE FERNANDEZ DE TFGA ","","2 ","(08,02,07,04,01 ",
"7 ARENAL (IRE) ","(3) ","Sales ","56,5 ","","FEROZ ","P.OLAVE ","3 ","",
"a MAN'S THUNDER (IRK) ","","dates ","56.5 ","","ZUL ","LECERQUEIRA ","11 ","(01,07,04/04,04) ",
"9 COSTA ESMERALDA(FI) ","(3)(1) ","7alles ","54.5 ","","SHOSHOLOZA ","246M RACING ","13 ","",
"10 APUBAME ","(5) ","dales ","54 ","","BALCONDE TELDE ","FPEREZ ",", ","(02.02.07/03,08) ",
"11 REY ANTOME ","","Sales ","54 ","","TEGUADA MGF ","","a ","(02.05.04.03.10) ",
"13 WAR STORM (08) ","(3) ","dales ","54 ","ILMARTINEZ ","LATOLEDANA ","","9 ","(17.09.04.13.01) ",
