"N° CABALLO ","","EDAD ","KG ","INETE ","CUADRA ","FRARADOR ","CAIÓN ","Lit ",
"1 les SOKHINA (IRE) ","","3 alsos ","57 ","BJFAYOS ","BECARES ","","10 ","[@2,05] ",
"2 FEARLESS ROCK (IRE) ","(5) ","3albos ","57 ","R,SOUSA ","BRISTOL: STUD ","T.MARTINS ","2 ","[12] ",
"3 MANDOS (GB) ","","3abos ","57 ","RAVALLE ","SARMIENTO v BAYID ","DANATA ","a ","(NP,07,04) ",
"4 INFANT (GB) ","(5) ","Tabos ","57 ","","CARTAGENA DE INDUS ","OANATA ","4 ","(05.02.05.07.03) ",
"5 LUANCO (IRE) ","(*) ","abos ","53 ","VJANACEX ","TEGUADA ROCIO ","",", ","(04,07) ",
"& SPANISH COLT ","(*) ","","53 ","","JAVICA LDONADO TRINCHANT ","","a ","[NP,03,03] ",
"7 WHITE BAY (GB) ","(4) ","3ahos ","57 ","REAMOS ","TEGUADA VAL ","R.MARTINAL ","Il ","",
"a EL ZAR ","(4) ","3ahos ","55,5 ","EMARTINEZ ","TEGUADA CORTINAL ","|HORCAJADA ","5 ","I Debutante I ",
", MAUNA LOA ","","3ahos ","55,5 ","","PAOLO Y BERTA ","","di ","[03,07] ",
"10 STUDENT ","","3 años ","55,5 ","LINENEZ ","EFES ","A.CARRASCO ","* ","I Debutante ",
