"N° CABALLO ","","EDAD ","HG ","INETE ","CUADRA ","PREPARADOR ","CAIÓN ","",
"I INCIA ","","","60 ","VJANACEX ","WILLIAN ARVITAGE ","","4 ","[03,01,03] ",
"2 SPEEDEUL (GB) ","(8) ","Jales ","50,5 ","RSOUSA ","NEGURI ","LENNOUNI ","3 ","",
"3 MABACAY ","","Jates ","SBS ","","TOLEDO ","AMUREZ ","a ","[01,05] ",
"4 MACIN POCHIU ","","Jates ","se ","NGARCIA ","","","2 ","(01,03,02,01,02) ",
"5 (FR) ","","3alles ","57,5 ","","ELBILLETERO ","OANATA ","di ","[02,01/01] ",
"6 SANBLASS ","","3aies ","57 ","ILMARTINEZ ","BUELNAEQUE ","B.VORENO ","1 ","(01.06.06/03,04) ",
"7 ARGUBLLES ","","Sales ","54 ","RAVALLE ","SALVADOR MARQUEZ ","0.ANATA ","5 ","[02,02,04,00] ",
"a BECHO (FR) ","","Dates ","53 ","IGELABEKT (G.Ro(a) ","SALVADOR MARQUEZ ","",", ","[04,03.06] ",
