"CABALLO ","","EDAD ","KG ","INETE ","CUADRA ","PREPARADOR ","CAIÓN ","",
"1 ASTIMEGOESIN (IRE) ","(8) ","3alhos ","57 ","","ISLA DE ","0.ANATA ","4 ","[03,10,16,03] ",
"2 SOBAK YELLOW (TRE) ","(3)(4) ","alsos ","57 ","RJFAYOS ","","ACARRASCO ","1 ","",
"3 CONSPIRACY (GB) ","","alos ","57 ","JAMARTINEZ ","SHOSHOLOTA ","246M ","5 ","",
". SING OF SPIRITS (IRE) ","","3alos ","57 ","VJANACEK ","MEDINA DIAX ","OANATA ",", ","",
"5 (GB) ","(8) ","Babos ","5.7 ","FJINENEZ ","FLRETORNO ","1. ENNOUNI ","3 ","",
"4 DA TORRE (POR) ","(2) ","Jahos ","5.7 ","NDEJULIAN ","AGRO CARVALHO ","ALCARVALHO ","10 ","Iq ",
"7 UNDAYA (IRK) ","","","55,5 ","","AGRADO ","","4 ","[02,02,04] ",
"a BUNBA ","","3 años ","55,5 ","RSOUSA ","TEGUADA CORTINAL ","","a ","[09] ",
"2 sou LANTA ","","3 ","55,5 ","A.CH4VEZ(51,5) ","BOLAW ","NAM RACING ","7 ","[P] ",
"10 GRAN VIA (IRE) ","(*) ","3 thas ","54 ","RAVALLI ","DRO ","ATSERITILI ","2 ","I Debutante I ",
