"N° CABALLO ","","FDAD ","KG ","INETE ","CUADRA ","PREPARADOR ","CAIÓN ","",
"1 DBANOS (IRE) ","(8) ","7ales ","63 ","R,SOUSA ","CANTER ","ELEON ","1 ","",
"2 NELTING DEW (GH) ","(3) ","7ales ","63 ","LEFERNANDEZ ","CARTAGENA DE INDUS ","DANATA ","a ","02.09.02.03.02 ",
"a ORBATO (IRE) ","(*) ","Sales ","56 ","REANOS ","LAS AGUILAS ","ACARRASCO ","4 ","(01,02,01,01,08) ",
"4 (IRI) ","","Salles ","55,5 ","VJANACEX ","MEDREAL ","","4 ","[01.01.06.06.06 ",
"5 (FR) ","(3) ","4ales ","54.5 ","ILMARTINIZ ","","MALVAREZ ","2 ","",
"di COLIBRI (IRE) ","","7ates ","53 ","RAVVELLE ","BARILA SUR ","LENNOUNI ","5 ","",
"7 ST FETERS BASILICA (IRE) ","(4)(B) ","Sates ","52 ","B.FAYOS(54) ","ENRIQUE FERNANDEZ DE VEGA ","","7 ","",
"a SIR MAIRO (68) ","","Sales ","53 ","LGELABERT ","YEGUADA AGF ","G ","a ","",
"* MABAYEDI (IRE) ","","dates ","51 ","","","ACMIRASCO ","+ ","[01.10.04.10.10 ",
