"N° ","CABALLO ","","EDAD ","KG ","JINETE ","CUADRA ","PREPARADOR ","CAJÓN ","Últ. actuaciones* ",
"1 ","TAGUAL (FR) ","","3 años ","57 ","V.JANACEK ","LACINTERNACIONAL ","A.SOTO ","5 ","[03,07,06,02,04] ",
"2 ","CHOCOLATE HOP ","(4) ","3 años ","56 ","F.JIMENEZ ","LOS NIÑOS ","G.RODRIGUEZ ","2 ","[10] ",
"3 ","ZIBARY (FR) ","","3 años ","56 ","B.FAYOS ","HABIT ","C.FERNANDEZ ","7 ","[06,05,06,05] ",
"4 ","ALCIMEDA (FR) (a) ","","3 años ","54,5 ","J.GELABERT ","DUQUE DE ALBURQUERQUE ","I.M.OSORIO ","1 ","[08,NP] ",
"5 ","NEFILO (FR) ","(3) ","3 años ","54,5 ","J.L.MARTINEZ ","RAPIER ","B.VALENTI ","4 ","[07,04,05,07,07] ",
"6 ","SHOKOLINE (GER) ","","3 años ","54,5 ","M.E.FERNANDEZ ","REZA PAZOOKI ","O.ANAYA ","6 ","[13] ",
"7 ","VECTRA (IRE) ","(3) ","3 años ","54,5 ","R.SOUSA ","CLASSIC ","A.TSERETELI ","3 ","[04,14,08,08,06] ",
