"N° ","CABALLO ","","EDAD ","KG ","JINETE ","CUADRA ","PREPARADOR ","CAJÓN ","Últ. actuaciones* ",
"1 ","BANK GUARANTEE (USA) ","","8 años ","63 ","D.FERREIRA (61,5) ","ELEVAGE LA REVERDITE ","T.MARTINS ","5 ","(11,06,01,03,13) ",
"2 ","ORFEON (GB) ","","8 años ","62 ","V.M.VALENZUELA (60,5) ","E. PEREZ GUZMAN ","I.A.RODRIGUEZ ","6 ","[09,11,03,01,01) ",
"3 ","COSTA ESMERALDA (FR) ","(3)(4) ","6 años ","60 ","I.MELGAREJO (58,5) ","SHOSHOLOZA ","M&M RACING ","1 ","[05,03,04,01,10] ",
"4 ","OREGON ","","9 años ","60 ","C.A.LOAIZA (58) ","YEGUADA CORTIÑAL ","J.HORCAJADA ","2 ","[10,10,06,02,03 ",
"5 ","GORMAZ ","","4 años ","59 ","V.JANACEK ","L'ETOILE ","G.ARIZKORRETA ","12 ","[05,07,03,04,01 ",
"6 ","NADER ","","7 años ","58 ","R.SOUSA ","REZA PAZOOKI ","O.ANAYA ","3 ","[03,03,07,05,05] ",
"7 ","TILO (IRE) ","(3) ","6 años ","58 ","J.L.BORREGO ","JOSE IGNACIO OLAVE ","P.OLAVE ","4 ","[02,04,04,10,09] ",
"8 ","ABSOLUT ","(5) ","4 años ","56,5 ","N.DE JULIAN ","ENALTO ","A.TSERETELI ","10 ","[04,04,06,02,02] ",
"9 ","CITY MASTER (GB) ","","4 años ","55 ","SRTA BUESA,C. (54) ","BERNIE ","J.C.CERQUEIRA ","8 ","[09,07,03,02,05] ",
"10 ","YIYE (GB) ","","4 años ","53,5 ","M.HRUBOSOVA (49) ","OUTSIDER RACING PROJECT ","A.SOTO ","7 ","[03,05,05,03,02] ",
"11 ","NICE PIORNO (FR) ","(3) ","5 años ","53 ","J.GELABERT ","RUSH RACING ","M&M RACING ","9 ","[04,06,01,04,03] ",
"12 ","SATINE ROUGE (IRE) ","","6 años ","53 ","M.MONCEAUX (48,5) ","IL PADRINO ","J.LOPEZ ","11 ","[02,06,NP,09,07] ",
