"N° ","CABALLO ","","EDAD ","KG ","JINETE ","CUADRA ","PREPARADOR ","CAJÓN ","Últ. actuaciones ",
"1 ","QATAR RIVER (FR) ","(3) ","5 años ","62 ","V.JANACEK ","RAPIER ","B.VALENTI ","3 ","[07,09,01,01,01] ",
"2 ","RING CYCLE (GB) ","","4 años ","60 ","R.SOUSA ","BOLAK ","J.C.CERQUEIRA ","1 ","[02,12,03,01,04] ",
"3 ","URBAN ROCK (IRE) ","","5 años ","59,5 ","M.HRUBOSOVA (55) ","ODON ","L. ENNOUNI ","5 ","[02,01,02,08,01] ",
"4 ","EMBAT (IRE) ","(4) ","7 años ","59,5 ","J.L.MARTINEZ ","LA TOLEDANA ","J.L.MAROTO ","6 ","[03,02,06,02,02] ",
"5 ","COSSIO ","","4 años ","57,5 ","J.GELABERT ","INCITATUS RACING ","M&M RACING ","8 ","[05,07,05,03,02] ",
"6 ","NEW IALY BARELIERE (FR) ","","5 años ","57 ","B.FAYOS ","JULIAN VIEITEZ ","R.MARTIN V. ","2 ","[03,03,11,04,06] ",
"7 ","SIR MAURO (GB) ","","4 años ","51,5 ","F.MARTINEZ ","YEGUADA AGF ","G.ARIZKORRETA ","7 ","[06,04,08,03,03] ",
"8 ","CABUERNIGA (GB) ","","3 años ","51 ","M.E.FERNANDEZ ","BERING ","P.OLAVE ","4 ","[08,02,01,06] ",
