"N° ","CABALLO ","","EDAD ","KG ","JINETE ","CUADRA ","PREPARADOR ","CAJÓN ","Últ. actuaciones* ",
"1 ","BRANDON (FR) ","(5) ","4 años ","62 ","V.JANACEK ","HERMANOS ABOIN ","A.CARRASCO ","1 ","[07,08,08,06,06] ",
"2 ","NERVA ","","3 años ","62 ","B.FAYOS ","CELSO MENDEZ ","J.LOPEZ ","12 ","[08,07,02,01,05] ",
"3 ","ZEEBULLET (IRE) ","(5) ","5 años ","61,5 ","C.A.LOAIZA (59,5) ","DIECISEIS ","I.C.ROSELL ","10 ","[02,02,05,09,07] ",
"4 ","BRANCO ","","4 años ","61 ","J.L.BORREGO ","YEGUADA CORTIÑAL ","J.HORCAJADA ","3 ","[11,12,10,05] ",
"5 ","YOZAKURA (FR) ","(5) ","3 años ","60 ","V.M.VALENZUELA (58,5) ","AMAZING TURF ","J.A.RODRIGUEZ ","4 ","[10,09,08,08,04] ",
"6 ","CHICAGO DREAM (IRE) ","","3 años ","59 ","I.MELGAREJO (57,5) ","BELEN ","J.HORCAJADA ","14 ","[07,08,03] ",
"7 ","VELETA ","(5) ","3 años ","59 ","M.HRUBOSOVA (54,5) ","POPURRI ","M.J.PEREZ ","2 ","[06,11,05,08,04] ",
"8 ","PULSING DRAGON (IRE) ","(5) ","4 años ","58,5 ","R.SOUSA ","EL BILLETERO ","O.ANAYA ","9 ","[01,07,07,05,03] ",
"9 ","MY LADY (FR) ","(6) ","años ","57,5 ","R.RAMOS ","ODISEA ","A.CARRASCO ","11 ","[08,09,08,NP,07] ",
"10 ","SHADES OF MIST (GB) ","","5 años ","57 ","J.GELABERT ","LOS NIÑOS ","G.RODRIGUEZ ","5 ","[02,09,08,04,01] ",
"11 ","BOEING BARELIERE (FR) ","(5) ","3 años ","55,5 ","F.JIMENEZ ","EACHWAY ","J.A.RODRIGUEZ ","7 ","[06,15,17] ",
"12 ","MISS TUFIA ","","4 años ","53,5 ","J.ZAMBUDIO (48,5) ","GUTIERREZ LA SERNA ","E.PUENTE ","13 ","[13,07,04,07,06] ",
"13 ","LITTLEBECK LADY (GB) ","(4)(5) ","6 años ","53 ","F.MARTINEZ ","IIMENA ","B.RAMA ","6 ","[08,06,04,06,08 ",
"14 ","PLUNDERED (IRE) ","(6) ","5 años ","52,5 ","N.GARCIA (51) ","BERNIE ","A.CARRASCO ","8 ","[04,01,06,03,03] ",
