"N° CABIALLO ","","FDAD ","","","CUADRA ","PREPARADOR ","CABÓN ","07 ",
"1 CUPPACOFFEE (IRE) ","(5) ","Gales ","62 ","","OF ","HSM RACING ","6 ","",
"2 FINTAS(ES) ","","+alos ","62 ","R.SOUSA ","MARQUES DE MIRAFLORES DE SAN ANTONIO ","CH.DELCHER ","1 ","",
"3 FURIOSO ","","+alos ","62 ","VJANACEK ","YEGUADA ROCIO ","","s ","",
"4 GREAT PROSPECTOR (IRE) ","","Sales ","62 ","","NALLOW GRAN CANARIA ","OANAYA ","2 ","(02,02,01,04.01) ",
"5 RESACON (GB) ","","4alos ","62 ","|GILABERT ","FORMENTOR ","PALOSDRIO ","a ","(06.05.01.03.02) ",
"& ","(23(5) ","balos ","62 ","CCADEL ","BOLAK ","HAM RACING ","9 ","",
"7 VIRBEY (GB) ","(3) ","","62 ","RRAMOS ","YEGBADA ","","3 ","",
"a BRIARED (IRE) (a) ","(5) ","Bates ","61,5 ","","DUQUE ","","7 ","",
"9 SODABALLO ","","Balos ","61,5 ","","PATA NEGRA RALING ","","4 ","",
"10 UNTITULID (FR) ","(2) ","Salos ","61,5 ","DE JULIAN ","LAS ROZAS ","RAON ","10 ","",
