"N° CABALLO ","","FDAD ","","","CIADRA ","PREPARADOR ","CANON ","de ",
"1 SOUND OF (IRE) ","","4 ales ","62 ","R.RAMOS ","ELMO ","A.MARIN ","10 ","",
"2 ARENAL (IRE) ","(3) ","dalios ","61.5 ","","FEROZ ","P.OLAVE ","4 ","",
"3 cossio ","(2) ","talios ","61 ","IGELABERT ","INOTATUS RACING ","NEM RACING ","12 ","",
"4 TRECE (IRE) ","","dalos ","60 ","","BELEN ","LHORCAIADA ","T ","",
"s GRACE'S SECRET (GB) ","","Sales ","59.5 ","FJIMENEZ ","ARIA PADDOKI ","LENNOUNI ","13 ","",
"6 (FR) ","","Jales ","59 ","","PALCO: ","ILMAROTO ","s ","",
"7 REY ANTONI ","","Salos ","59 ","ARGUINZONES ($7,5) ","TEGUADA AGI ","","1 ","(05,04,03,10.04) ",
"a TRUBILLO (FR) ","","Sales ","58,5 ","LMILGARI]O ","SALVADOR MARQUIZ ","ESUZON ","2 ","",
"- NADER ","","Tatos ","sa ","R.SOUSA ","REZA PAZOOKI ","O.ANAYA ","3 ","",
"10 KARIBBAAN DREAM (FR) ","(5) ","atos ","57,5 ","NDE JULIAN ","SAMALASSA ","MAM RACING ","9 ","",
"11 SUPER jOHN (PR) ","(5) ","4 alos ","57 ","VANACEK ",". PEREZ CUZHAN ","LARODRIGUEZ ","8 ","(03,03/02,06,01) ",
"12 (IRE) ","","4alos ","57 ","","LAS AGUILAS ","ACARRASCO ","G ","(03,01,09,04.02) ",
