"N° CABIALLO ","","EDAD ","","JIVETE ","CUADRA ","PREPARADOR ","CABÓN ","- ",
"I KINDATA (IRE) ","","Zalos ","$7.5 ","","AGRADO ","ESUZON ","7 ","[02,04] ",
"2 LONGNY (Fa) ","(4) ","Zalos ","57,5 ","F.JIMENEZ ","ARTES ","L INNOUNI ","1 ","",
"3 CORIMIO (IRE) ","","2 alos ","So ","","CHOLAICA ","ILMAROTO ","6 ","(os) ",
"4 panco (FR) ","","Zalos ","56 ","","NIRANDA ","CH.DELCHER ","S ","[NP,3E] ",
"5 GAMONELI ","","Zados ","56 ","","TEGUADA ","","3 ","",
"6 BALLET STAR ","","Lados ","54,5 ","NDE JULIAN ","ANJOSSELVAENS ","D.TEIXEIRA ","2 ","[10] ",
"? INES (CB) ","","ales ","54.5 ","ILMARTINEZ ","MEDETERRAMEDO ","","a ","[02] ",
"a OUREA ","","alos ","54,5 ","IGELABERT ","DUQUE DEALERURQUERQUE ","","4 ","(as) ",
