"N° CABIALLO ","","EDAD ","10G ","JIVETE ","CUADRA ","PREPARADOR ","CABÓN ","- ",
"E TROVATORE (IRE) ","","","59 ","NSACCU(SS.S) ","YEGUADA AGF ","","3 ","",
"2 PAVELER GRINE (C#) ","","Jalos ","SBLS ","","EL VERDUGAL ","SOTO ","+ ","",
"3 ESHRAQ(FR) ","","Jalos ","sa ","VJANACEK ","SELORZA CAVENGT ","ELEON ","s ","",
"4 DARRAAS (CB) ","","","57 ","T.JIMENEZ ","BARRASUR ","L INNOUNI ","7 ","(03,01,09) ",
"3 AL BADA (GB) ","","Salos ","56 ","NDEJULIAN ","CONETA ","LCROSELI ","6 ","(06,06,04) ",
"6 DON QUINTIN (IRE) ","(2) ","Salos ","S6 ","","SANTA BARBARA ","","9 ","[Qde] ",
"7 LOWD OF THESKY (GB) ","","Balos ","56 ","R.SOUSA ","MARQUES DE MIRAFLORES DE SAN ANTONIO ","CH.DELCHER ","1 ","[19,04,98 ",
"a PARKLAND(FR) ","","Sales ","56 ","V.M.VALENZUIELA(54,5) ","LAS REIZAS ","NIPEREZ ","8 ","(138) ",
", CALOBRA (GB) ","","3alos ","55,5 ","JGELABERT ","AFRICA ","","2 ","(06,02,03.04) ",
