"X° CASIALLO ","","LDAD ","","JIVETT. ","CUADRA ","PREPARADOR ","CABÓN ","",
"1 FOLGAR (IRE) ","","+alos ","62 ","CALOAIZA (64) ","VOLEAR ","","T ","",
"2 RAQUIRA (FR) ","","Jalos ","61,5 ","FJIMENEZ ","CELSO MENDEZ ","MALYAKEZ ","15 ","",
"3 LARMOUR (IRE) ","","+alos ","59.5 ","LFONSECA(S: ","IGUELDO ","ILMORENO ","17 ","",
"4 KARACAS ","","4alos ","$9.5 ","","EFES ","ACARRASCO ","13 ","(08.AP.05.04,04) ",
"5 HAVANA MAGIC (GE) ","","Sales ","5P9 ","R.SOUSA ","GRAN CANARIA ","BANAYA ","14 ","",
"6 DROVER (GB) ","(3) ","Salos ","58,5 ","","PATRIZIA ROSSANA TESTA ","HEMIRACING ","1 ","",
"7 ELMIRA ","","Bates ","58,5 ","ANARTINEZ (55) ","4C ","JARODRIGUEZ ","10 ","",
"a NICE FIORNO (PR) ","(3) ","Sales ","sa ","N. DE JULIAN ","RACING ","BRALING ","12 ","",
"9 SATINE ROUGE (IRE) ","","6alos ","57,5 ","M. FERNANDEX ","- PADRINO ","LOPEZ ","5 ","",
"10 AL ONEDA (FR) (=) ","","Balos ","57.5 ","","DOQUE DE AL ","","11 ","",
"11 ATLANTICO (GER) ","","Sales ","56.5 ","VANNACEK ","REAPERTURA ","ATSEWETELI ","a ","",
"12 DELTA CRUCIS (USA) ","","9alos ","56.5 ","R.RAMOS ","LAS AGUILAS ","ACARRASCO ","3 ","",
"13 TURAISH MARCH ","(1) ","","ES ","V.M.VALEXZUELA(S4.5) ","NAGICA ","HEM RACING ","18 ","(14.06.05.05.03) ",
"14 MAYRO (GE) ","(5) ","+alos ","$4.5 ","LMELCAREJO (55) IG Raja) ","CELSO MENDEZ ","MALTAREZ ","16 ","",
"is PIMT BDEK ","(4) ","Jalos ","$4.5 ","SRTA BUESA, (53.5) ","PETIT CANTER ","","4 ","",
"16 DANZIG DE SAON (FR) ","(5) ","Jalos ","$3.5 ","","PEDRA BULA ","D.SOUSA ","9 ","",
"17 MAGARA ","","Salos ","52 ","MURUBOSOVA (49) ","TEGUADA CORTINAL ","","2 ","(16.09.05.01.05) ",
"18 MYALDACORA ","","Sales ","51 ","(44,5) ","CONETA ","LCROSELL ","6 ","(02.10.04.04.13) ",
