"N° ","CABALLO ","","EDAD ","PESO ","","CUADRA ","PREPARADOR ","CAJON ","Ult. Actuac. ","",
"1 ","LORD ATHOS (IRE) ","","c ","3 ","55 ","B. FAYOS (55,5) ","SALVADOR MARQUEZ ","I. LOPEZ ","2 ","Debut. ",
"2 ","REST BAY (IRE) ","","c ","3 ","55 ","I. MELGAREJO (55,5) ","SOÑADOR ","I. LOPEZ ","5 ","10,10,6,8,3 ",
"3 ","DINAS POWYS (IRE) ","(5) ","Y ","3 ","53,5 ","J. GELABERT ","PAULO ALVES JUNIOR ","H. PEREIRA ","4 ","3,8,5,3,7 ",
"4 ","HATHA (GB) ","","Y ","3 ","53,5 ","N. DE JULIAN ","A GRANXA ","H. PEREIRA ","1 ","9,8,7,4,4 ",
"5 ","LA CHICA MAGICA (IRE) ","","Y ","3 ","53,5 ","N. GARCIA ","c. FEP RACING ","o. ANAYA ","6 ","9,5,3 ",
"6 ","PRIMMA ","","Y ","3 ","53,5 ","M. MONCEAUX (51,5) ","BUELNA EQUII ","P.P. DIAZ ","7 ","7 ",
"7 ","URUBAMBA (FR) ","","Y ","3 ","53,5 ","V.M. VALENZUELA (54) ","NANINA ","J. CALDERON ","3 ","5,6,6,8 ",
