"N° ","CABALLO ","","SEXO ","EDAD ","PESO ","JINETE ","CUADRA ","PREPARADOR ","CAJON ","Ult. Actuac. ",
"1 ","SHEHAB (FR) ","(4) ","c ","6 ","62 ","J. GELABERT ","NANINA ","J. CALDERON ","3 ","3,5,9,5,7 ",
"2 ","RIGHT CONNECTION (GB) ","","c ","7 ","61 ","F. JIMENEZ ","LABERINTO ","I. LOPEZ ","4 ","2,1,1,2,3 ",
"3 ","BARENTON (FR) ","(5) ","Cas ","5 ","60 ","B. FAYOS ","SILVER ","D. TEIXEIRA ","1 ","4,3,7,1,6 ",
"4 ","SANCHO (FR) ","","c ","5 ","60 ","V. JANACEK ","BALDA ","G. ARIZKORRETA ","6 ","1,7,4,8,5 ",
"5 ","LEE BAY (GB) ","","Cas ","6 ","59 ","R.H. HUAYAS ","LAS AGUILAS ","P.P. DIAZ ","7 ","7,9,10,1,3 ",
"6 ","MIDNIGHT WHISTLER (USA) ","","Cas ","7 ","57 ","N. DE JULIAN ","SA JOAO BATISTA ","H. PEREIRA ","2 ","3,4,5,1,5 ",
"7 ","SETTLER'S SON (IRE) ","(4) ","Cas ","8 ","57 ",".M. VALENZUELA (56) (G. Blanca ","SILVER ","D. TEIXEIRA ","5 ","5,7,5,9,9 ",
