"N° ","CABALLO ","","SEXO ","EDAD ","PESO ","JINETE ","CUADRA ","PREPARADOR ","CAJON ","Ult. Actuac. ",
"1 ","BREY DE VALIENTE ","(6) ","c ","3 ","58 ","F. JIMENEZ ","YEGUADA VALIENTE ","I. LOPEZ ","3 ","3 ",
"2 ","MAXIUS ","","c ","3 ","57 ","N. DE JULIAN ","BUELNA EQUII ","P.P. DIAZ ","5 ","9 ",
"3 ","ARLANZA ","","Y ","3 ","55,5 ","N. GARCIA ","YEGUADA CORTIÑAL ","J.A. RODRIGUEZ ","7 ","4,6,4,7 ",
"4 ","MAKUKI ","(3) ","Y ","3 ","55,5 ","I. MELGAREJO ","CELSO MENDEZ ","M. ALVAREZ ","4 ","6,5,6,9 ",
"5 ","PEÑALARA ","(5) ","Y ","3 ","55,5 ","V. JANACEK (56) ","ORO ","A. TSERETELI ","1 ","8,11,6 ",
"6 ","PAPIRO ","","c ","3 ","55 ","B. FAYOS (55,5) ","4 C ","A. SANCHEZ c. ","2 ","Debut. ",
"7 ","CLEAS DULRA ","","Y ","3 ","53,5 ","J. GELABERT ","SILVER ","D. TEIXEIRA ","6 ","Debut. ",
