"N° ","CABALLO ","","SEXO ","EDAD ","PESO ","JINETE ","CUADRA ","PREPARADOR ","CAJON ","Ult. Actuac. ",
"1 ","ARMINIO ","(2) ","Cas ","5 ","62 ","N. DE JULIAN ","NAZARENA ","J. SALGUERO ","8 ","4,9,1,3,6 ",
"2 ","FASHIONATA (IRE) ","(3) ","Y ","6 ","62 ","V. JANACEK ","PATRIZIA ROSANNA TES ","M. TELLINI ","1 ","8,5,4,7,9 ",
"3 ","SEVERO (FR) ","","Cas ","5 ","60 ","M. MONCEAUX (58,5) ","CAN FARRELL ","P.P. DIAZ ","6 ","9,5,3,6,10 ",
"4 ","ROCK ONE (GB) ","","Cas ","4 ","59,5 ","J. GELABERT ","LAS AGUILAS ","P.P. DIAZ ","5 ","7,16,8,11,5 ",
"5 ","FLYING COOKIE (FR) ","","Y ","4 ","59 ","B. FAYOS ","REZA PAZOOKI ","o. ANAYA ","2 ","5,2,10,4,8 ",
"6 ","MY FERLOMA (FR) ","(3) ","Y ","6 ","58 ","D. FERREIRA (57) ","MENDES E SA COUTO ","H. OLIVEIRA ","4 ","4,7,5,5,1 ",
"7 ","INTERLAKEN (FR) ","","Cas ","4 ","56,5 ","V.M. VALENZUELA (55,5) ","NANINA ","J. CALDERON ","3 ","2,2,6,8,8 ",
"8 ","ASCANIO ","(2) ","Cas ","5 ","55 ","J.L. BORREGO (55,5) ","HELISABEL ","J. SALGUERO ","7 ","2,4,8,10,6 ",
