"N° ","CABALLO ","","SEXO ","EDAD ","PESO ","JINETE ","CUADRA ","PREPARADOR ","CAJON ","Ult. Actuac. ",
"1 ","LONDON CALLING ","","c ","5 ","63 ","V.JANACEK ","ENALTO ","A. TSERETELI ","4 ","4,9,5,2,1 ",
"2 ","FALKIRK (IRE) ","(3) ","Cas ","8 ","61,5 ","B. FAYOS ","RIO CUBAS ","o. ANAYA ","3 ","4,6,1,5,1 ",
"3 ","DON MIGUEL (FR) ","(3) ","Cas ","5 ","58,5 ","N. GARCIA ","4 C ","J.A. RODRIGUEZ ","8 ","8,4,5,2,7 ",
"4 ","RISCHIATUTTO (IRE) ","(2) ","c ","6 ","58 ","V.M. VALENZUELA (57) ","MAIA LIDADOR ","H. OLIVEIRA ","10 ","3,8,4,6,1 ",
"5 ","DELTA CRUCIS (USA) ","","Cas ","8 ","56,5 ","R.H. HUAYAS ","LAS AGUILAS ","P.P. DIAZ ","9 ","3,4,1,1,11 ",
"6 ","BSHEER (FR) ","","c ","4 ","56,5 ","I. MELGAREJO (55,5) ","E. PEREZ GUZMAN ","J.A. RODRIGUEZ ","5 ","7,10,15,2 ",
"7 ","ARNULFO ","","c ","7 ","55 ","F. JIMENEZ ","IVAN LOPEZ RACING ","J. JIMENEZ ","6 ","3,1,8,6,2 ",
"8 ","OZARKBLUE (GB) ","","Cas ","4 ","55 ","J.L. BORREGO (55,5) ","ALEGRIA ","J.C. ROSELL ","7 ","2,5,9,15,7 ",
"9 ","MAESTRO MAC (IRE) ","(3) ","Cas ","6 ","54 ","A. FIORI (G. Blanca) ","4 C ","T. MARTINS ","2 ","7,8,3,7,5 ",
"10 ","MUNSTEAD GOLD (GB) ","","Cas ","4 ","52,5 ","J. GELABERT ","HELISABEL ","J. SALGUERO ","1 ","11,8,5,6,1 ",
