"","","1 ","CARRERA ","Premio ","Prosegur (Hándicap) 6.038 Euros a repartir ","2.300 mts. Hora: 17:30 h. PISTA ","DE ARENA ","","",
"N° ","CABALLO ","","EDAD ","KG ","JINETE ","CUADRA ","PREPARADOR ","CAJÓN ","Últ. actuaciones* ",
"1 ","OLZA (GB) ","","5 años ","62 ","M.SECCI ","SCUDERIA TOSCANA ","AUGELLI, M. ","4 ","[06,04,06,01,04] ",
"2 ","ORLOV ","(2)(5) ","6 años ","62 ","V.JANACEK ","AGRADO ","CALLEJO S., T ","7 ","[18,05,01,05,03] ",
"3 ","MADRUGAR (FR) ","(2)(5) ","8 años ","61 ","SR DE JULIAN,N. (58) ","PADRONESA ","RODRIGUEZ, J.A. ","8 ","[08,07,11,02,08] ",
"4 ","ALBUR (GB) ","(5) ","4 años ","60 ","J.CROCQUEVIEILLE ","AFRICA ","OSORIO, J.M. ","1 ","[08,05,05,10] ",
"5 ","ISAMAN (GB) ","","5 años ","59 ","M.GOMES ","ESTACION TURF ","HUAYAS R. ","3 ","[05,02,07,02,05 ",
"6 ","VIREAL (FR) ","","4 años ","59 ","B.FAYOS ","ALISARES ","SANCHEZ c., A. ","6 ","[04,06,07,08,04] ",
"7 ","AVON FERRY (GB) ","","5 años ","56 ","J.GROSJEAN ","CIUDAD DE ARUCAS ","PEREZ, F. ","2 ","[NP,03,06,04,03] ",
"8 ","PATRICIO (GB) ","","5 años ","50 ","A.GOMEZ (52) ","PEÑARROYA ","GALLIPOLI, c. ","5 ","(05,13,05,04,09) ",
