"N° ","CABALLO ","","EDAD ","KG ","JINETE ","CUADRA ","PREPARADOR ","CAJÓN ","Últ. actuaciones* ",
"1 ","ALFACAR (12000) ","","3 ","56 ","J.HORCAJADA ","EL FARGUE ","DELCHER S., M. ","12 ","[03,03,02,02,04] ",
"2 ","ALUVION(12000) ","","3 años ","56 ","B.FAYOS ","SAN JOSE ","RODRIGUEZ, J.A. ","4 ","[14,07,NP] ",
"3 ","ARKADIN (IRE) (12000) ","","3 años ","56 ","J.CROCQUEVIEILLE ","IGUELDO ","ROSELL, J.C. ","7 ","[NP,05,08,09,06] ",
"4 ","BLANTOR (IRE)(12000) ","(5) ","3 años ","56 ","R.HUAYAS ","E. PEREZ GUZMAN ","MARTIN V., R. ","5 ","[11,09] ",
"5 ","CALLSIDE (IRE)(12000) ","(3) ","3 años ","56 ","M.SECCI(B.Roja) ","E. PEREZ GUZMAN ","MARTIN V., R. ","8 ","[06,07,07,01,05] ",
"6 ","GALEGO (12000) ","(5) ","3 años ","56 ","O.O. DE URBINA ","YEGUADA GONZALEZ CARO ","LOPEZ, R. ","1 ","[07,04,03,01,01] ",
"7 ","GWENDAL(12000) ","","3 años ","56 ","J.GROSJEAN ","JIMENA ","SANCHEZ c., A. ","3 ","[05,06] ",
"8 ","KIUMARS (IRE)(12000) ","(3) ","3 años ","56 ","A.GOMEZ (54) ","REZA PAZOOKI ","RODRIGUEZ, F. ","9 ","[08,02,07,03,06] ",
"9 ","MICEROUS(12000) ","","3 años ","56 ","J.L.BORREGO ","TRES Y MEDIO ","VALENTI, B. ","2 ","[04,09,NP,07] ",
"10 ","OBLA DI(12000) ","","3 años ","56 ","R.RAMOS ","L. Y J.A. ALONSO ","RODRIGUEZ, o. ","6 ","[09,07,04,05,02] ",
"11 ","TANGO (12000) ","","3 años ","56 ","E.MELIAN (53) ","YEGUADA CORTIÑAL ","RODRIGUEZ, J.A. ","11 ","[05] ",
"12 ","VISINDARIO (FR)(12000) ","","3 años ","56 ","V.JANACEK ","YEGUADA URDIÑ-ORIYA ","PEREZ, F. ","10 ","[08,03] ",
