"N° ","CABALLO ","","EDAD ","KG ","JINETE ","CUADRA ","PREPARADOR ","CAJÓN ","Últ. actuaciones* ",
"1 ","CLUNIA (IRE) ","","4 años ","60 ","B.FAYOS ","BRAZACORTA ","VILLARTA, G. ","3 ","[05,07,03,02,04] ",
"2 ","AZAMOR ","","4 años ","57 ","V.JANACEK ","EL HERROJO ","ARIZKORRETA, G. ","7 ","[03,03,03,04,05] ",
"3 ","HELLO TOMORROW (USA) ","","4 años ","57 ","M.SECCI ","LABERINTO ","AON, ROBERTO ","1 ","[04,12,09,09,04] ",
"4 ","RAMALLAH ","","4 años ","57 ","A.GOMEZ ","ODISEA ","GOMEZ, I. ","6 ","[03,07,01,11,01] ",
"5 ","TAFADHALI ","(4) ","4 años ","57 ","F.JIMENEZ ","LAJORQUIN ","LOPEZ, J. ","4 ","[03,02,08,08,01] ",
"6 ","TASHA LINDA (IRE) ","(3) ","5 años ","57 ","O.O. DE URBINA ","PAGANINI ","CALLEJO S., T ","5 ","[06,06,05,04,05) ",
"7 ","VERGARA (GB) ","","4 años ","57 ","J.CROCQUEVIEILLE ","VIGURIA ","OSORIO, J.M. ","2 ","(08,09,05,07) ",
