"N° ","CABALLO ","","EDAD ","KG ","JINETE ","CUADRA ","PREPARADOR ","CAJÓN ","Últ. actuaciones* ",
"1 ","LUCCIOLE LOL (FR)(18000) ","","3 años ","59 ",".BERMEJO (56) ","CIELO DE MADRID ","RODRIGUEZ. o. ","7 ","[07,05,06,02,06 ",
"2 ","STEWBALL GB)(18000) ","","3 años ","59 ","J.CROCQUEVIEILLE ","VIGURIA ","OSORIO, J.M. ","10 ","I Debutante 1 ",
"3 ","EYWA (12000) ","","3 años ","56 ","M.BORREGO ","MATIAS BORREGO ","BORREGO, M. ","3 ","[09,08,14] ",
"4 ","GIMENA(12000 ","","3 años ","56 ","A.GOMEZ (54) ","REZA PAZOOKI ","RODRIGUEZ, F. ","1 ","[02,04,04,04] ",
"5 ","LUCENA (GB)(12000) ","","3 años ","56 ","J.L.BORREGO ","REALEJO ","ARIZKORRETA, G. ","8 ","[06,06,05,01,06] ",
"6 ","MISS USHUAIA (FR)(12000) ","","3 años ","56 ","V.JANACEK ","L'ETOILE ","SALAS, J.L. DE ","9 ","[07] ",
"7 ","SECRET NIGHT(12000) ","","3 años ","56 ","J.GROSJEAN ","YEGUADA CORTIÑAL ","FERNANDEZ R., J.C. ","6 ","[08,10] ",
"8 ","SENTENCE(12000) ","","3 años ","56 ","M.SECCI ","FINCA CAS SANT ","ARIZKORRETA G. ","2 ","[07,06] ",
"9 ","VELEZA(12000) ","(3) ","3 años ","56 ","B.FAYOS ","SAN JOSE ","RODRIGUEZ, J.A. ","4 ","[07,08,02,01,05] ",
"10 ","VRAIVITA (12000) ","","3 años ","56 ","O.O. DE URBINA ","MARISOL ","LOPEZ, R. ","5 ","[04,03,04,01,03] ",
