"N° ","CABALLO ","","EDAD ","KG ","JINETE ","CUADRA ","PREPARADOR ","CAJÓN ","Ult. actuaciones* ",
"1 ","ILLUNBE (FR) ","","3 años ","58 ","J.HORCAJADA ","CIELO DE MADRID ","RODRIGUEZ, o. ","3 ","[03,07,01,04,04] ",
"2 ","MAKALALI (IRE) ","","3 años ","58 ","I.LOPEZ ","MARTEL SANCHEZ ","ANAYA, o. ","5 ","[05,01,01,02,04] ",
"3 ","MONTE NAPOLEONE (FR) ","","3 años ","58 ","O.O. DE URBINA ","SAN IGNACIO ","LOPEZ, R. ","1 ","[05,02,02,02,01] ",
"4 ","GOMARIZ ","","3 años ","57 ","B.FAYOS ","PADRONESA ","RODRIGUEZ, J.A. ","6 ","[05,NP,10] ",
"5 ","KADMIOS (FR) ","","3 años ","57 ","J.L.MARTINEZ ","NAKATA ","MARTINEZ, J.L. ","2 ","[01] ",
"6 ","VALIANT BLUE (IRE) ","","3 años ","57 ","V.JANACEK ","AGRADO ","CALLEJO S., T ","4 ","[01] ",
