"N° CABALLO ","","1040 ","KG ","INITE ","CUADHA ","","CAJÓN ","",
"1 TILD (IRE) ","(3) ","dates ","62 ","(39) ","1068 KALIO GLAVE ","P.OLAVE ","* ","",
"2 TRECE (IRE) ","","dales ","62 ","VANSACEK ","RELEN ","","3 ","",
"3 ","","","63,5 ","","","AREXOUNA ","a ","[10.09.01.02,04) ",
"4 AL BADR (GII) ","","","63.5 ","","COMITA ","","& ","",
"5 (FR) ","","3áfice ","65 ","","SRATADOS MARQUEZ ","","4 ","",
"6 SUFER (FR) ","(5) ","dates ","se ","BUFAYOS ","e ","","10 ","",
"7 and (FN) ","(5) ","Bates ","sa ","KTALLE ","LASHIZAS ","NIPERET ","11 ","",
"a KARLINY ","","Dates ","53.5 ","RSDUSA ","","","2 ","(06.10.12.04,02) ",
"9 RIONE o UN SOR (FR) ","","dates ","$5 ","(54) ","","",", ","",
"18 DELTA ORECB (USA) ","","Tates ","53.5 ","","LASABILAS ","",", ","",
"11 GATES ","(3)(4) ","dates ",""" ","M. ","ALFERE ","","5 ","",
