"N° CABALLO ","","EDAD ","KG ","JINETE ","CUADRA ","PADPARADOR ","CAJÓN ","Un ",
"i BARA KARAM ","(3) ","3 años ","éd ","","RETA ","","5 ","",
"2 HOBLI ","","3 atos ","68 ","","LTD ","LLUN ","4 ","[01.00.02.07.04) ",
"3 LAG NACK ","","3 años ","se ","","MAGKA ","NAN RACING ",". ","(06,03,01,04,04) ",
"4 TRESEFES ","(4) ","3 abes ","SES ","BUPAYOS ","","","2 ","",
"5 ","","3 ","58,5 ","","uns ","","1 ","[09] ",
"6 RUMEO ","","3 afos ","58.5 ","ILMARTINEE ","FQUI ",". MORENO ","3 ","",
"? POTANA ","(2) ","a años ","54 ","","","unpez ",", ","",
