"CARALÃO ","","FDAD ","KG ","JINETE ","CIIADRA ","PREPARADOR ","CAJÓN ","DR ",
"1 FL (FR) ","","dates ","61 ","R PAVOS ","touno ","AMINE ",". ","",
"2 PORT (IRE) ","(3) ","Salas ","63 ","","SHOSHOLOZA ","","2 ","(02,02,03,01,01) ",
"3 ABLE PORT (CE) ","(3) ","7ades ","64 ","","REO CUBAS ","LLEDS ","6 ","",
"4 NEW JACK (IRE) ","","3ates ","60 ","","","","1 ","",
"s NELUFER (IRE) ","(3) ","Sales ","59 ","RSUESA ","MARQUES DE DE SAN ANTOMID ","","5 ","[07,01] ",
"6 POWERFUL SOLI (CE) ","","dates ","sa ","","AGRADO ","","3 ","[06,02,04,01,03] ",
"7 DANOING BALLERINA (IRI) ","","dates ","53.5 ","","","","3 ","",
"u WAR STURM (tai) ","(3) ","Jates ","","","LA TOLIDANA ","","4 ","",
