"N GARALLO ","","EDAD ","KG ","INETE ","CUADRA ","FREPARADOR ","CAPÓN ","UE ",
"1 DOS DE MAND (IRE) ","","Zalos ","56 ","","MEDITERRASED ","","4 ","",
"2 KASPAR (TR) ","","2alion ","se ","","SALVADOR MARQUIZ ","","* ","[01,04,02] ",
"3 KAURI CUFPS (IRE) ","","Zalos ","S6 ","","INRIQUE VECA ","","s ","",
"4 PRINCE CALAF (PR) ","(3) ","Zalos ","56 ","","ANNIVA ","ICROSELL ","3 ","[07] ",
"s FLIENTE AREE (CER) ","(4) ","Zalos ","56 ","","BERING ","PABAVE ","2 ","[01] ",
"6 (GM ","","2alos ","56 ","","NEGURI ","LEMNOUNI ","6 ","",
"7 TOPA (IRE) ","","Zalos ","S6 ","","MARTIL ","","3 ","[06,01] ",
"B LONGNY (FR) ","(4) ","2 ales ","54,5 ","TAMENEZ ","ARTES ","L EMNOUNI ","7 ","(13,05,03,04,03) ",
