"10 CARALLO ","","EDAD ","","INETE ","CUADRA ","FREPARADOR ","CAPON ","Ut ",
"1 ARK EN ausu ","","2 ales ","87 ","R.SOUSA ","MARQUES DE MIRAPLORES re ","MUDELOHERS ","6 ","[ Debatante ] ",
"2 BARRADO ","(4) ","2 ales ","57 ","","WINLAR ","","1 ","I Debatante 1 ",
"3 (FR) ","","2 ales ","57 ","","","EPEREZ ","3 ","I Debutante 1 ",
"4 MAITRE VODA (FR) ","","2 ales ","&7 ","","DENAS ","","4 ","I Debetante 1 ",
"s POROS (GB) (*) ","(5) ","2 ales ","57 ","IGELABENT ","","","2 ","I Debatante I ",
"6 USSEA (FR) ","","Zales ","S7 ","","AGE ","","s ","I Debutante 1 ",
"y (FN) ","(3) ","ales ","ST ","","TENFE ","POLAVE ","7 ","[ Debutante ] ",
