"50 CABALLO ","","EDAD ","MG ","INETE ","CUADRA ","FREPARADOR ","CAPÓN ","",
"1 DOM ALNARO ","","alion ","61 ","(60) ","CEDLO DE MADRID ","POLAVE ",", ","",
"2 MEDICIAN (GH) ","","Salos ","61,5 ","","TIZANNO ","","4 ","",
"3 (IRE) ","","6abos ","64,5 ","(55) ","","LEMNOINI ","sa ","",
"4 SOUND oe VICTORY ","","","","RJANDE ","ELMO ","MANARIN ","3 ","",
"s ","","dalos ","se ","","","","2 ","(04.02.03.01.04) ",
"6 ST PETERS BASILICA (IRK) ","(4) ","dalos ","ST,S ","","ENREQUE VELA ","LLOFEZ ",", ","",
"7 CAMALEON ","","Salos ","545 ","","DOBEA ","ILMAROTO ","1 ","",
". ROELA ","(4)(5) ","Jalos ","55,5 ","","LATULIDASA ","","6 ","",
"° (FR) ","(3) ","Jalos ","ss ","","","MALVAREZ ","$ ","",
"10 ","","alos ","54,5 ","","LASAGIRAS ","ACARBASOS ","* ","",
