"N GARALLO ","","FDAD ","100 ","INETE ","CUADRA ","FREPARADOR ","CAOÓN ","","",
"1 CALL PEE (FR) ","","ales ","56 ","","ANTEONY DENNIS FORDES ","","B ","[ Debatante ","1 ",
"2 KALABURI (FR) (a) ","(4) ","ales ","56 ","RAANDS ","SIVILLA ","ASEITO ","6 ","I Debutante ","1 ",
"3 LA SAETA (IRE) ","","2 ales ","S6 ","","LA CINCIA ","","so ","I Debutante 1 ","",
"4 MANKINA ","","2 años ","de ","","","","4 ","[ Debutante ","1 ",
"5 MAYA ","","alos ","56 ","","","","a ","I Debutante ","1 ",
"6 MAYSEL (G#) ","","alles ","S6 ","","","LHORCALADA ","3 ","I Debutante ","1 ",
"7 MV BART DE (CR) ","","2 ales ","56 ","","AQUA RACING ","",""" ","I Debutante 1 ","",
"B MENTO BARELIERE (TR) ","","ates ","is ","IMELCARIO ","","ASOTO ","1 ","I Debratante 1 ","",
". PERAL TA (IRE) ","","ales ","S6 ","","QUINTORIAL ","",", ","I Debutante 1 ","",
"to SOLANIA ","","ales ","86 ","N.VALLE ","BUBLAK ","RACING ","13 ","[ Debutante ","] ",
"11 (IRF) ","","años ","34 ","","","ASEITO ","$ ","I Debutante ","I ",
"12 POON ","","ales ","S6 ","","","POLAVE ","9 ","I Debutante ) ","",
"13 LRUMEA (IRE) ","","ales ","Sé ","VJANACIX ","AGF ","","#2 ","I Debutante ","1 ",
