"N° ","CABALLO ","","SEXO ","EDAD ","PESO ","JINETE ","CUADRA ","PREPARADOR ","CAJON ","Ult. Actuac. ",
"1 ","BLUE MARTINI (GER) ","","Y ","5 ","62,5 ","J. GELABERT ","BEST HORSE ","G. VAZ ","4 ","8,7,4,2,4 ",
"2 ","BARRY LYNDON (FR) ","(3) ","c ","4 ","61,5 ","R. SOUSA ","RIO CUBAS ","o. ANAYA ","1 ","6,2,4,6,2 ",
"3 ","FILIRA (IRE) ","(2) ","Y ","4 ","61 ","V.M. VALENZUELA (59,5) ","ALGEMESI ","o. ANAYA ","8 ","1,7,14,13,1 ",
"4 ","HIGH BAROQUE (USA) ","","c ","6 ","61 ","D. FERREIRA (60) ","ELEVAGE LA REVERDITE ","T. MARTINS ","7 ","1,3,2,2,4 ",
"5 ","MAESTRO MAC (IRE) ","","Cas ","5 ","59 ","R.H. HUAYAS ","4 C ","T. MARTINS ","3 ","3,7,5,8,8 ",
"6 ","FORBAIFOR ","(5) ","Cas ","4 ","57 ","C.A. LOAIZA (55,5) ","ARTEMIS ","J. LOPEZ ","2 ","9,4,6,12,1 ",
"7 ","OZARKBLUE (GB) ","","Cas ","3 ","57 ","A. FIORI ","ALEGRIA ","J.C. ROSELL ","6 ","9,15,7,2,16 ",
"8 ","RINCONEDA (FR) ","(3) ","Y ","3 ","56 ","F. JIMENEZ ","ARIA PAZOOKI ","G. RODRIGUEZ ","5 ","11,11,6,3,2 ",
