"N° ","CABALLO ","","SEXO ","EDAD ","PESO ","JINETE ","CUADRA ","PREPARADOR ","CAJON ","Ult. Actuac. ",
"1 ","SPINNERETT (GB) ","","Y ","3 ","62 ","F. JIMENEZ ","AIRES DE DOÑANA ","G. RODRIGUEZ ","7 ","12,6,6 ",
"2 ","GETARIA (GB) ","(2) (3) ","Y ","4 ","61,5 ","R. H. HUAYAS ","R.H.O. ","R.H. HUAYAS ","8 ","7,4,14,1,4 ",
"3 ","MY MAN CHARLIE (FR) ","(3) ","c ","5 ","61,5 ","E.J. ARGUINZONES (60,5) ","ANJOS SELVAGENS ","H. OLIVEIRA ","5 ","4,7,12,9,10 ",
"4 ","RAVENOAK (IRE) ","","Cas ","4 ","59 ","A. FIORI ","os COISAS DOCES ","H. PEREIRA ","3 ","6,11,2,11,2 ",
"5 ","SANDY DUKE (FR) ","","Cas ","6 ","59 ","J. GELABERT ","FRANCISCO SANTOS ","G. VAZ ","4 ","8,4,11,9,7 ",
"6 ","MY FERLOMA (FR) ","(3) ","Y ","5 ","57,5 ","V.M. VALENZUELA (56) ","MENDES & SA COUTO ","H. OLIVEIRA ","6 ","7,5,5,1,1 ",
"7 ","MISS GALAXIA ","","Y ","3 ","56,5 ","R. SOUSA ","A'CASIÑA ","o. ANAYA ","1 ","5,6,2,3,6 ",
"8 ","GAMELIN ","","Y ","4 ","51 ","C.A. LOAIZA (53) ","LEZAMA ","A. LEZAMA ","2 ","9,3,6,12,5 ",
