"N° ","CABALLO ","","SEXO ","EDAD ","PESO ","JINETE ","CUADRA ","PREPARADOR ","CAJON ","Ult. Actuac. ",
"1 ","PIRATE (IRE) ","","c ","2 ","60 ","R. SOUSA ","SALVADOR MARQUEZ ","o. ANAYA ","1 ","10,6,2,8,4 ",
"2 ","ARENAL (IRE) ","(3) ","c ","2 ","58 ","F. JIMENEZ ","BERING ","P. OLAVE ","7 ","4,3,4 ",
"3 ","MOSHARAKKA (IRE) ","","c ","2 ","57 ","R.H. HUAYAS ","A GRANXA ","H. PEREIRA ","5 ","10,9 ",
"4 ","PORTABELLO ROAD (GB) ","","Cas ","2 ","57 ","D. FERREIRA (56) ","TINERFE ","o. ANAYA ","2 ","18,3 ",
"5 ","SHINING TORCH (IRE) ","","c ","2 ","57 ","J.E.JARCOVSKY ","SOÑADOR ","I. LOPEZ ","9 ","6,4,7 ",
"6 ","BREEZE DIVINE (FR) ","(6) ","Y ","2 ","55,5 ","A. FIORI ","ANJOS SELVAGENS ","M. GOMES ","10 ","6,4,7,8,5 ",
"7 ","KEREVIA (FR) ","(5) ","Y ","2 ","55,5 ","C.A. LOAIZA (53,5) ","ASTURLEÑA ","J. LOPEZ ","3 ","7,9 ",
"8 ","LA CHICA MAGICA (IRE) ","","Y ","2 ","55,5 ","E.J. ARGUINZONES (54,5) ","FEP RACING ","o. ANAYA ","4 ","5,3 ",
"9 ","URUBAMBA (FR) ","(3) ","Y ","2 ","55,5 ","V.M. VALENZUELA (54) ","NANINA ","J. CALDERON ","8 ","6,6,8 ",
"10 ","MAYRO (GB) ","","c ","2 ","55 ","J. GELABERT ","CELSO MENDEZ ","M. ALVAREZ ","6 ","Debut. ",
