"N° ","CABALLO ","","SEXO ","EDAD ","PESO ","JINETE ","CUADRA ","PREPARADOR ","CAJON ","Ult. Actuac. ",
"1 ","MIDNIGHT IN PARIS (GB) (10.000) ","","Y ","3 ","57,5 ","SRTA. BUESA, c. (55) ","ZEZINHO ","J.C. CERQUEIRA ","1 ","10,8,10,7,5 ",
"2 ","DESERT DEER (IRE) (8.000) ","(5) ","Cas ","3 ","57 ","R. SOUSA ","SIEMPRE FANI ","T. MARTINS ","7 ","2,1,8,1,2 ",
"3 ","VIENTO SUR (IRE) (8.000) ","","c ","3 ","57 ","V.M. VALENZUELA (55) ","ANAIAK ","o. ANAYA ","3 ","1,1,1,2,2 ",
"4 ","IRON ROCK (IRE) (6.000) ","","Cas ","3 ","55 ","D. FERREIRA (54) ","ATERPE ","G. ARIZKORRETA ","2 ","3,8,4,1,2 ",
"5 ","SINALOA (IRE) (6.000) ","(3) ","Cas ","3 ","55 ","J. GELABERT ","TINERFE ","o. ANAYA ","5 ","2,7,6,3,6 ",
"6 ","TREDOS (IRE) (6.000) ","(3) ","c ","3 ","55 ","A. FIORI ","MEDITERRANEO ","G. ARIZKORRETA ","4 ","11,6,5,5,1 ",
"7 ","AXE CAP (IRE) (6.000) ","","Y ","3 ","53,5 ","C.A. LOAIZA (53) ","ZURBANO ","J. LOPEZ ","6 ","5,3,1,5,10 ",
