"N° ","CABALLO ","","SEXO ","EDAD ","PESO ","JINETE ","CUADRA ","PREPARADOR ","CAJON ","Ult. Actuac. ",
"1 ","CAÑEDO ","","c ","3 ","59 ","R. SOUSA ","YEGUADA LA LLANA ","E. LEON ","4 ","4,7,8,2,2 ",
"2 ","INDIANO ","(2) (5) ","Cas ","10 ","59 ","A. FIORI ","EL POTRO CLUB ","G. ARIZKORRETA ","5 ","4,2,5,1,5 ",
"3 ","MORDAN ","","c ","5 ","57 ","J. GELABERT ","LABERINTO ","o. ANAYA ","1 ","3,2,3,2,1 ",
"4 ","PERFECTA ","","Y ","4 ","55,5 ","V.M. VALENZUELA (54) ","SUPERMERCADOS CARDOSO ","D. DUARTE ","2 ","4,1,10,7,6 ",
"5 ","QUM RAM ","(5) ","Y ","4 ","55,5 ","C.A. LOAIZA (53,5) ","JAKEMATE ","J. LOPEZ ","3 ","9,3,3,1,4 ",
