"EDAD ","KG ","JINETE ","CUADRA ","PREPARADOR ","CAJÓN ","",
"6 ","61 ","I.L.MARTINEZ ","MARCEL MEZY ","BERNARD ","2 ","5,9,3,5,2 ",
"","58 ","J.CABRE ","CHABOULLAH B KAL THANI ","T.FOURCY ","3 ","2,1,4 ",
"5 ","57 ","V.JANACEK ","CHEK TAHNOON BIN ZAYED ","Mme. JF BERNARD ","4 ","0,6,4,7,1 ",
"","55 ","R.SOUSA ","LAURA PEREZ ","WATRIGANT ","6 ","2,7,5,8,4 ",
"4 ","54 ","A.GAVILAN ","RENEE LAURE KOCH ","ITRIGODET ","5 ","4,6 ",
"4 ","54 ","J.GROSJEAN ","YAS HORSE RAC MANAG. ","S.CHEVALIER ","1 ","4 ",
