"KG ","JINETE ","CUADRA ","PREPARADOR ","CAJÓN ","Utt.Actuac. ",
"62 ","V.M.VALENZUELA (60,5) ","C.BEST HORSE ","G VAZ ","1 ","3,6,3,4,6 ",
"61 ","F.JIMENEZ ","C.ALEGRE ","D.FARLETE ","6 ","9,0,0,6,4 ",
"61 ","B.FAYOS ","C.CIDADE BERÇO ","H.PEREIRA ","10 ","0,8,5,6,5 ",
"60,5 ","R.SOUSA ","C.ONYARBI ","R.MARTIN V. ","5 ","9,4,7,3,6 ",
"59 ","N.DE JULIAN ","C.GRAN ELENCO ","I.C.ROSELL ","3 ","3,1,5,8,8 ",
"57 ","V.JANACEK ","C.EL SABLE ","E.PUENTE ","4 ","$,1,3,0,0 ",
"55,5 ","J.GELABERT ","C. J.M. ","E.PUENTE ","8 ","0,4,4,5,0 ",
"52 ","","C.EL SABLE ","E.PUENTE ","7 ","7.6.4.0.8 ",
"51 ","J.ZAMBUDIO (46,5) ","C.GUTIERREZ LA SERNA ","c. ","2 ","9,0,6,5,0 ",
"51 ","A.SANCHEZ M. (52) ","C.LAGUNILLA ","SANCHEZ M ","9 ","7,0,9,8,0 ",
