"KG ","JINETE ","CUADRA ","PREPARADOR ","CAJÓN ","ULLActuac. ",
"62 ","IMELGAREJO (60,5) ","C.BERNARDO ","RAVIAL ","3 ","3,6,4,1,9 ",
"60 ","B.FAYOS ","c. EL SABLE ","E.PUENTE ","6 ","7.3.7.0,3 ",
"59.5 ","N.DE JULIAN (G.roja) ","C.EL SABLE ","E.PUENTE ","4 ","7,2,0,1,6 ",
"59 ","J.GELABERT ","C.SANTA BARBARA ","J.M.OSORIO ","2 ","8,5,2,3,3 ",
"58 ","V.M.VALENZUELA (56,5) ","C.METAPHOR ","G.VAZ ","11 ","1,2,5,0,5 ",
"57,5 ","J.GROSJEAN ","C.LUCARMADA ","RAVIAL ","8 ","5.0.9.1.2 ",
"56,5 ","R.SOUSA ","A.C.M. ","M.GOMES ","1 ","4,0,3,7,3 ",
"56,5 ","JIMENEZ ","Y.VALIENTE ","ILOPEZ ","10 ","5,4,1,1,6 ",
"54,5 ","J.L.MARTINEZ ","C.ALEGRE ","D.FARLETE ","5 ","8,9,4,3,5 ",
"54 ","V.JANACEK (54,5) ","C.COSTA LA VALL ","R.COSTA ","7 ","5,5,7,0,8 ",
"53,5 ","M.E FERNANDEZ ",".ESCALONA ","MALONSO R. ","12 ","3,0,5,0,0 ",
"52.5 ","N.GARCIA (51) ","C.JOLAM ","M.J.GOMEZ ","9 ","2,2,2,0,7 ",
