"N° ","CABALLO ","","EDAD ","PESO ","JINETE ","CUADRA ","PREPARADOR ","CAJON ","Ult. Actuac. ",
"1 ","GODOFREDO (FR) ","(3) ","4 ","62 ","V. JANACEK ","NANINA ","J. CALDERON ","5 ","[9,11,6,9,3] ",
"2 ","MAKAAMEN (GB) ","","11 ","58 ","R. SOUSA ","GREILET ","A. SANCHEZ C. ","3 ","[13,4,7,7,8] ",
"3 ","JACETANA (FR) ","(3)(4 ","7 ","57 ","M. GOMES ","MAIA LIDADOR ","C. VIDINHA ","2 ","[9,12,3,6,4] ",
"4 ","PERSIAN VALLEY (GB) ","","6 ","56 ","N. GARCIA ","LAS AGUILAS ","C. MOYA ","1 ","[11,5,7,5,2] ",
"5 ","FIGUEIRAS ","","7 ","56 ","C.A. LOAIZA ","PATITAS ","S. SARRIAS ","4 ","[13,13,6,6, ",
