"N° ","CABALLO ","","EDAD ","PESO ","JINETE ","CUADRA ","PREPARADOR ","CAJON ","Ult. Actuac. ",
"1 ","MERCENARY (GER) ","","4 ","58 ","B. FAYOS ","YEGUADA LA LLANA ","o. ANAYA ","5 ","[2,99,9,6,9] ",
"2 ","AIR NYGER (GB) ","(5) ","4 ","56,5 ","R. SOUSA ","ALISARES ","F. PEREZ ","1 ","[9,10,3,2,2] ",
"3 ","LEE BAY (GB) ","","4 ","56 ","J.E. JARCOVSKY ","LAS AGUILAS ","C. MOYA ","2 ","[5,10,5,7,4] ",
"4 ","TIEBAS (GB) ","","5 ","56 ","V. JANACEK ","ALDARA ","G. ARIZKORRETA ","4 ","[6,7,6,4,3] ",
"5 ","SAGEKALI ROSETGRI (FR) ","","4 ","55,5 ","N. DE JULIAN ","ASSOCIAÇÃO PORTO COLLECTOR ","J.P. OLIVEIRA ","6 ","[13,12,8,9,3] ",
"6 ","ZAMINAL (GB) ","","4 ","54,5 ","M. GOMES ","FORTUNE COOKIE ","G. RODRIGUEZ ","3 ","[8,7,3,10,7] ",
