"N° ","CABALLO ","","EDAD ","PESO ","JINETE ","CUADRA ","PREPARADOR ","CAJON ","Ult. Actuac. ",
"1 ","PERFECTA ","","3 ","57,5 ","R. SOUSA ","SUPERMERCADOS CARDOSO ","I. MENDES ","6 ","[4,1,4,4,4] ",
"2 ","STAR WARS ","","3 ","57,5 ","B. FAYOS ","PALOMARES ","J.A. RODRIGUEZ ","1 ","[99,1,4,2,3] ",
"3 ","DOCTOR OSCAR ","","3 ","57 ",".JANACEK ","MARBELLA ","G. ARIZKORRETA ","2 ","[5] ",
"4 ","FARRAGUAS ","(5) ","3 ","57 ","J. GELABERT ","YEGUADA CORTIÑAL ","J.A. RODRIGUEZ ","3 ","[4] ",
"5 ","PERDIGON ","(3) ","3 ","57 ","M. GOMES ","DELTA ","M.A. MARIN ","4 ","[9,6,4,7] ",
"6 ","ZURITA DE CASTILLA ","","3 ","55,5 ","A. GUTIERREZ B. (53) ","PEONY ROSE ","J. SALGUERO ","5 ","[10] ",
