"N° ","CABALLO ","","EDAD ","PESO ","JINETE ","CUADRA ","PREPARADOR ","CAJON ","Ult. Actuac. ",
"1 ","DELTA CRUCIS (USA) ","","6 ","62 ","J.E. JARCOVSKY ","LAS AGUILAS ","C. MOYA ","7 ","[10,12,11,2,3] ",
"2 ","ELUSIVE KID (USA) ","","5 ","61,5 ","N. GARCIA ","HEWSUE ","P. HALEY ","8 ","[1,9,10,6,3] ",
"3 ","ARTESA (GB) ","(3) ","7 ","61 ","A. FIORI ","KARIKATO ","M. AUGELLI ","12 ","[6,3,2,1,6] ",
"4 ","FRANCESCOLI ","","4 ","60 ","B. FAYOS ","CIELO DE MADRID ","J.A. RODRIGUEZ ","5 ","[1,3,1,7,5] ",
"5 ","ZULOAGA ","(5) ","6 ","58,5 ","M. GOMES ","KAELA ","R. MARTIN ","6 ","[3,6,2,10,2] ",
"6 ","SAMSARA ","(3) ","8 ","58 ","J. GELABERT ","LAURENT MIRABILE ","J.P. OLIVEIRA ","9 ","[8,1,9,5,11] ",
"7 ","MUNGAMIS (GB) ","","6 ","58 ","R. SOUSA ","JIMENA ","B. RAMA ","1 ","[4,8,5,11,10] ",
"8 ","EL SHERIFF (IRE) ","(5) ","7 ","58 ","C.A. LOAIZA ","SUPERMERCADO CARDOSO ","I. MENDES ","2 ","[10,7,9,6,7] ",
"9 ","MILLENNIUM FALCON (GB) ","(3) ","4 ","57,5 ","V. JANACEK ","JEREZANA ","J. CALDERON ","10 ","[2,8,3,5,2] ",
"10 ","DABAYIN (FR) ","","6 ","56 ","A. GUTIERREZ B. (54) ","C.E.LOUREIRO VELHO ","I. MENDES ","3 ","[8,5,9,99,5] ",
"11 ","SANTA HELENA (FR) ","(4) ","5 ","55 ","SR. MELGAREJO, I. ","JEPE ","M. ALVAREZ ","11 ","[9,9,10,5,7] ",
"12 ","SCHEME OF THE MOON (FR) ","","5 ","54 ","N. DE JULIAN ","MAIA LIDADOR ","C. VIDINHA ","4 ","[3,6,2,6,4] ",
