"N° ","CABALLO ","","EDAD ","PESO ","JINETE ","CUADRA ","PREPARADOR ","CAJON ","Ult. Actuac. ",
"1 ","EBEON ","(3) ","6 ","62 ","J. GELABERT ","NANINA ","J. CALDERON ","5 ","[11,6,11,99,8] ",
"2 ","FLECHE D'ARCIS (FR) ","(3) ","9 ","62 ","V. JANACEK ","C.E.LOUREIRO VELHO ","I. MENDES ","3 ","[6,3,4,3,6] ",
"3 ","NIKI ","","5 ","60 ","A. FIORI ","MAGICA ","M. AUGELLI ","4 ","[8,10,10,11,5] ",
"4 ","INNUENDO (FR) ","","6 ","57 ","R. SOUSA (G. VERDE) ","C.E.LOUREIRO VELHO ","I. MENDES ","1 ","[5,8,4,6,3] ",
"5 ","MANOLETE ","(5) ","5 ","56 ","B. FAYOS ","ROYAL GAIT ","J.A. RODRIGUEZ ","2 ","[3,3,2,2,6] ",
"6 ","PERSIAN PINK ","","5 ","55,5 ","J.E. JARCOVSKY (56) ","YANKEE RACING ","J. SALGUERO ","6 ","[8,8,6,7,10] ",
