"N° ","CABALLO ","","EDAD ","KG ","JINETE ","CUADRA ","PREPARADOR ","CAJON ","Ult.Actuac. ",
"1 ","BEROA (GB) ","","7 ","63 ","R. SOUSA ","QUINTA SANTA JUSTA MAIA ","CARLOS VIDINHA ","3 ","(13,1,2,1,5) ",
"2 ","CARAMELO (GB) ","","5 ","62 ","J. J. SALGUERO (60) ","VIENTOS DEL SUR ","J. SALGUERO ","5 ","(4,4,5,1,3) ",
"3 ","SYRILLUS (IRE) ","3 ","9 ","62 ","M. GOMES (B. blanca) ","QUINTA SANTA JUSTA MAIA ","CARLOS VIDINHA ","6 ","(6,11,4,2,6) ",
"4 ","OPERETA ","","3 ","61,5 ","I. BORREGO ","EDUARDO BUZON ","E. BUZON ","8 ","(9,8,10,10,1) ",
"5 ","DESEADO ","","6 ","61 ","N. GARCIA ","SUREÑA ","J. A. RODRIGUEZ ","1 ","(7,2,12,6,1) ",
"6 ","DUBAI SPRING (USA) ","2-6 ","6 ","60 ","N. DE JULIAN (58) ","ZUL ","JOSE C. CERQUEIRA ","9 ","(8,6,12,3,1) ",
"7 ","ALABARDA ","","5 ","58 ","SR. LABORDE, P. (56) ","IL PADRINO ","JESUS LOPEZ ","7 ","(6,10,10,7,14) ",
"8 ","MON PETIT SECRET (GB) ","","4 ","58 ","SR. MELGAREJO, I. (55) ","CELSO MENDEZ ","M. ALVAREZ ","4 ","(9,6,5,8,8) ",
"9 ","SILVERWAGON ","3 ","4 ","58 ","M. NARVAEZ ","YEGUADA IGKAMARK ","RAMON QUEREDA ","2 ","(11,11,8,8,7) ",
