"N° ","CABALLO ","","EDAD ","PESO ","JINETE ","CUADRA ","PREPARADOR ","CAJON ","Ult.Actuac. ",
"1 ","ALBRET (IRE) ","","6 ","64 ","N. DE JULIAN (62) ","M. G. RACING ","E. BUZON ","7 ","(6,1,4,2,5) ",
"2 ","CAPTAIN MOONLITE (IRE) ","6 ","4 ","64 ","M. GOMES ","JIMENA ","BLAS RAMA ","3 ","(2,7,3,2,1) ",
"3 ","GALILEUS ","","6 ","64 ","SR. SARABIA, D. ","TINERFE ","OSCAR ANAYA ","4 ","(10,1,2,3,2) ",
"4 ","HAIL PROMENADER (IRE) ","","9 ","64 ","I. BORREGO ","LAS AGUILAS ","ELENA IVANOVA ","2 ","(4,1,4,4,2) ",
"5 ","MOU THE SPECIAL (IRE) ","3 ","5 ","64 ","B. FAYOS ","EL BILLETERO ","OSCAR ANAYA ","1 ","(1,1,4,8,3) ",
"6 ","WAD VISON ","","5 ","64 ","SR. PINEDA, G. (62,5) ","SUREÑA ","J. A. RODRIGUEZ ","5 ","(4,4,3,1,7,) ",
"7 ","MUNGAMIS (GB) ","6 ","5 ","60 ","R. SOUSA (B.blanca) ","JIMENA ","BLAS RAMA ","6 ","(8,10,11,10,1) ",
"8 ","HORSETRACKER (GB) ","","3 ","55,5 ","M. NARVAEZ ","SOÑADOR ","J. SALGUERO ","8 ","(3,1,11,6,7) ",
