"N° ","CABALLO ","","EDAD ","PESO ","JINETE ","CUADRA ","PREPARADOR ","CAJON ","Ult.Actuac. ",
"1 ","CHICHARITO ","5 ","4 ","62 ","N. DE JULIAN (60) ","EL BRUJO ","M. ALVAREZ ","5 ","(10,14,6,11,8) ",
"2 ","MAKAAMEN (GB) ","","9 ","62 ","J. GELABERT (59) ","EACHWAY ","A. SANCHEZ c. ","10 ","(3,1,6,13,8) ",
"3 ","THABAZINBI ","","3 ","61,5 ","SR. MELGAREJO, I. (58,5) ","USSIA FIGUEROA ","F. RODRIGUEZ ","7 ","(8,5,11,12,10) ",
"4 ","EL AFRICANO ","","8 ","61 ","I. BORREGO ","LAS AGUILAS ","ELENA IVANOVA ","2 ","(5,2,4,9,2) ",
"5 ","ONIRIO (FR) ","","4 ","59 ","J. L. MARTINEZ ","LOS NIÑOS ","J. SALGUERO ","9 ","(10,3,5,13,9) ",
"6 ","HANIBAL ","5 ","3 ","57,5 ","N. GARCIA ","AREVACOS ","J. A. RODRIGUEZ ","1 ","(13,13,10,11,5) ",
"7 ","PERSIAN VALLEY (GB) ","","5 ","57 ","M. NARVAEZ (B. azul) ","LAS AGUILAS ","ELENA IVANOVA ","6 ","(7,9,11,14,8) ",
"8 ","THE LAST ONE ","","4 ","57 ","R. SOUSA ","AGRO CARVALHO ","ISMAEL MENDES ","4 ","(8,3,2,3,2) ",
"9 ","FIONA ","4 ","4 ","56 ","B. FAYOS (B. roja) ","EACHWAY ","A. SANCHEZ C. ","3 ","(12,11,5,8,4) ",
"10 ","BLADE RUNNER ","6 ","6 ","54 ","M. GOMES ","ADRIANA ","BLAS RAMA ","8 ","20,8,1,11,1) ",
