"N° ","CABALLO ","","EDAD ","PESO ","JINETE ","CUADRA ","PREPARADOR ","CAJON ","Ult.Actuac. ",
"1 ","GIGGOLO STAR ","5 ","6 ","66,5 ","SR. CARMENA, M. ","EL TACO ","MICHELA AUGELLI ","1 ","(3,11,12,4,6) ",
"2 ","SARO (IRE) ","","6 ","66,5 ","SR. SARABIA, D. ","RIO CUBAS ","OSCAR ANAYA ","3 ","(1,3,5,3,7) ",
"3 ","FIGUEIRAS ","","5 ","63,5 ","SR. CUESTA, S. (59,5) ","PATITAS ","SARA SARRIAS ","8 ","(14,11,6,13,11) ",
"4 ","SIR ALFIL ","5 ","6 ","63,5 ","SR. LABORDE, P. ","AJEDREZ RACING ","BLAS RAMA ","4 ","(5,5,3,12,7) ",
"5 ","CAPE SAMBA (GB) ","","6 ","62 ","SRTA. BUESA, c. ","TINERFE ","OSCAR ANAYA ","5 ","(7,4,7,14,7) ",
"6 ","FIRST MOVE (FR) ","","5 ","62 ","SR. PINEDA, G. (62,5) ","EACHWAY ","A. SANCHEZ c. ","7 ","(5,4,7,8,13) ",
"7 ","MALYSIEUSE (FR) ","","5 ","62 ","SR. MELGAREJO, I. (60) ","QUINTA SANTA JUSTA MAIA ","CARLOS VIDINHA ","10 ","(7,4,2,1,1) ",
"8 ","PARIPE (GB) ","5 ","5 ","62 ","SR. HIDALGO, J. (60) ","LA GITANA ","JAVIER HIDALGO ","9 ","(7,7,7,4,14) ",
"9 ","GRACIOUS MANNER (IRE) ","","3 ","59 ","SR. GREDILLA, P. (62) ","ROBERTO COCHETEUX ","M. ALVAREZ ","2 ","(Debutante) ",
"10 ","URGULL ","","3 ","59 ","SRTA. GELABERT, L. ","AREVACOS ","J. SALGUERO ","6 ","(7,7,12) ",
"","","","","","","","","","",
