"N° ","CABALLO ","","EDAD ","PESO ","JINETE ","CUADRA ","PREPARADOR ","CAJON ","Ult.Actuac. ",
"1 ","SHIGUERU ","5 ","4 ","68 ","I. BORREGO ","VIGO ","E. BUZON ","7 ","(9,7,5,8,6) ",
"2 ","MILAGRES (GB) ","","7 ","62 ","SR. SARABIA, D. ","RIO CUBAS ","OSCAR ANAYA ","3 ","(2,12,12,3,6) ",
"3 ","MILIKI ","","4 ","62 ","B. FAYOS ","BRAVO TANGO ZULU ","V. B. BUDA ","5 ","(6,6,2,6,2) ",
"4 ","ARGALY ","3 ","7 ","60 ","R. HUAYAS ","AREQUIPA ","R. HUAYAS ","6 ","(4,3,3,10,8) ",
"5 ","SIR PEPO ","","5 ","60 ","M. NARVAEZ ","SOÑADOR ","J. SALGUERO ","4 ","(5,4,8,6,1) ",
"6 ","INDYKOVA ","","4 ","55 ","SR. MELGAREJO, I. ","CELSO MENDEZ ","M. ALVAREZ ","2 ","(12,10,14,3,4) ",
"7 ","POR FIN ","","4 ","54 ","R. SOUSA (B. roja) ","SOÑADOR ","J. SALGUERO ","1 ","(10,9,9,6,7) ",
