"PROPIETARIO ","N° CABALLO He. ","COMDUCTOR ","ENTRENADOR ","DIST ace ","ORIGEN ","SUMAS ","R.Als ","R.Dist ","CLABIF ","ULTIMA CARRERA ",
"som Mas ","1 AFRA ","n. ROSSELLO n. ","- R ","2000 6c71 ","Hegre be ","1,192 ","1.20.3 ","1.20.5 ","0-34-4-R.D ","",
"vich ","2 NICOLA CROWN ","M. VICH C ","Jand Vech ","2040 Bell ","- ","1.214 ","","122.1 ","DODR61 ","",
"Agundin ","3 DE TE AR ","M. RIERA o ","M . ","2000 CAH ","","1.26% ","1.18.3 ","1.20.9 ","004400 ","",
"Quadra Mogar Moror ","4 BELA ZETA ","a RERA ","","2000 Cot ","","1.504 ","1.20.5 ","1.20.7 ","","",
"Landabera ",". ARMANI ","J NADAL M ","Nocial M ","2058 ","- ","1,626 ","1215 ","1215 ","","",
"Cumina la Manka the ","6 DENUS TARTIFUME JS ","a ANDREU ","","","","1.730 ","1.18.4 ","1.20.5 ","4-04-0-0 ","",
"Rigal u ","7 BENVENGUT SPA ",", LL. ","","Cod ","Nages - ","1,0014 ","1.18.4 ","","147020 ","",
"","6 DEST GRANDCHAMP ","A. M°. PRIETO c. ","a ","20000 Ent ","D'as ","2.119 ","1.78.4 ","1.20.2 ","54-06-14 ","",
"",", BE GOCO 55 or ","J.A. PIERA ","","2000 Cot ","Hall - ","2,100 ","1.19.3 ","1.19.3 ","24-D-3-R-2 ","",
"Ciam Pow 5. ","10 AMANDA BIDD ","u. WIBLAND ","","205a ","- - - ","2.408 ","","1212 ","67.657.0 ","",
"Ca's Prim ","11 ANUO DINIATI ","A. RIERA a ","A Firma ","2000 ","- . ","","1.18.2 ","1.78.2 ","","",
