"PROPIETARIO ","N° CABALLO He. ","CONDUCTOR ","ENTRENADOR ","DIST acs ","ORIGEN ","SUMAS ","R.Als ","R.Dist ","CLASIF. ","",
"Cars Visdo ","1 XLIMPICA ","J MOYA ","Mopa ","2058 ","A to ","90.301 ","1.47.4 ","1.17.4 ","04004-0 ","",
"- Lilenas ","2 UNA FOTO PRIM ","G.RIERA ","A Lilenas u ","2040 ","- ","10.721 ","1.10.0 ","1.18.7 ","06304104 ","",
"Ladi ","3 UNIO DE LADIL ","POCOVI ","","2000 ","- ","11.074 ","1.14.5 ","1.10.0 ","","",
"to ","4 VET AQUI 54 VA - ","J A PIERA ","di ","2000 Ceb ","Pretence ","11,206 ","1.15.7 ","1.17.5 ","0-5-3-44-4 ","",
"So Goneta ",". TEAM OF QUEEN ",", BENNASAR R. ","a ","2050 Coll ","- - ","13,338 ","","1.17.5 ","048048 ","",
"Massared ","6 TO XISOO OP ","A. ALZAMORA ","A ","2000 Cuti ","de Farialle Bark ","","1.17.7 ","1.17.8 ","","",
"D'ass ","7 ULLERA SAS ","FLUXA ","A Jaras RL ","2040 no ","","","1.10.1 ","1.18.0 ","401000 ","FLANA ",
"Dos Plans ","6 NUBE ","M°. LLINAS ","A VICA ","2000 Cett ","Tau Ganue - EN ","90.906 ","1.15.8 ","1.17.7 ","0-0-6-1-4-4 ","",
"Guadra Es Moya ",", UN D'ALICANTI ","M. RIERA . ","M 6 ","2058 Ca7 ","","","1.15.4 ","1,17.8 ","24507.6 ","s-a ",
