"PROPIETARIO ","N° CABALLO He. ","CONDUCTOR ","ENTRENADOR ","DIST SCE ","ORIGEN ","SUMAS ","R.Abs ","R.Diat ","CLASIF. ","ULTIMA OARRERA ",
"Farsolls ","1 UNTES ca ","A. NICOLAU LL ","o ","2040 ","de - - ","a 704 ","1.19.2 ","","","",
"Cuindras ","2 VOL VIURE DR ","Jme. DASSA R. ","J.L Mos a ","2000 Ecti ","Furmas Nanny liker ","2.900 ","1.18.2 ","1.78.4 ","","",
"Amorio ","3 BONDAD MARE ","J.A. HERNANDEZ ","No A N ","2008 Cot ","- ","4.014 ","1.15.2 ","1.15.7 ","","",
"Ciam Pow Sil ","4 ALBOR NEULA ","u. WIBLAND ","a P ","2050 Call ","- ","4,138 ","1.18.4 ","120.4 ","346047 ","",
"Cumira Hariansia ","5 VALENT GOAL CH ","S. BARCELO ","","2010 CUE ","Conal Empanatria Al ","4.238 ","1.18.2 ","1.18.2 ","2+0-002 ","",
"","6 VESIADA JM ","J. M. JUAN ","","2000 Cot ","Crome Hend ","4.006 ","1.15.2 ","1.19.2 ","","",
"Cuiedra ","7 VALKIRIA SES PLANES ","a ANDREU ","","2000 Ecti ","- Fissi ","4.40 ","","1.21.3 ","","",
"Cuadra ",". VEP TUPISTA ","A. VAQUER 8. ","IM e ","2058 Cal ","De O - ","4,467 ","1.19.1 ","1.19.1 ","04-064-0 ","",
"Gairmés Miequel ",". UNDITO DU ase ","2 NADAL M. ","a R ","2050 CaT ","- - - - ","4.804 ","1.19.1 ","1.19.4 ","004244 ","",
"Cumira Ihm Prom ","10 UNA OEN TROBAT ","l BAUZA D. ","M n ","2010 Not ","do DE ","4.978 ","1.18.8 ","","","BALDO . ",
"","11 VENDAVAL c5 ","F. ANDREU ","","2000 Cob ","Va - ","5.071 ","1.18.5 ","1.20.1 ","","",
"Marti ","12 SIRIA HC ","N. MARTI a ","a ","2050 ","","6,400 ","1.10.9 ","1.19.7 ","","",
