"PROPIETARIO ","N° CABALLO He. ","CONDUCTOR ","ENTRENADOR ","DIST SCE ","ORIGEN ","SUMAS ","R-Abs ","R.Dist ","CLASIF. ","ALTIMA GARRERA ",
"Cumira ","1 VAN DER K ","A. MASSOT ","","fice ","Du * Calmana ","5.016 ","1.18.1 ","1.21.3 ","","",
"Port ","2 TERYLL ","A. VAZQUEZ ","","2315 Ect ","(- ","5.964 ","1.17.3 ","1216 ","","",
"Som Somo ","3 BUPALO as ","M. A. MARTI ","Marti ","2975 Cod ","- - - - - ","6,500 ","1,17.8 ","1.20.4 ","","",
"Larma ","4 TOTTI De MONMES ","F. MARTI ","Mark ","2013 CAR ","- ","","1.17.8 ","1.78.4 ","","",
"Ca's ","5 ARC DE LLEVANT ","J.A. MOYAP. ","Moya ","2373 Ces ","D'ans ","","1.17.4 ","1.20.4 ","","",
"Guadra ",". AS VEMGUT 8C ","M. BOMILA - II ","6 ","2975 ","Noul - - - ","7.638 ","1,15.5 ","1.20.7 ","","",
"","7 SPEZIA ","5. SANMARTI ","- ","2315 Coll ","Leg ","6.426 ","1.17.6 ","1.19.2 ","","",
"Guatra ",". AVA BARDNER ","M. FORMES e ","6 ","2975 ","- ","8.616 ","1.17.9 ","","542440 ","",
"Hasald ","* BEN MERVAL OP ","a. BENNASAR ","","2013 Cus ","","","1.17.7 ","","1-5-0-1-20 ","",
"Dos ","10 TINA HARD or ","M. VICH ","VICA ","2375 ","Denie Ward ","9.075 ","1.17.1 ","1.19.7 ","","",
"ferma ","11 TOMNADO STAR ","M. PASTOM 8. ","de ","2875 Ceb ","- ","9,910 ","1.15.2 ","1.15.5 ","340740 ","",
"Camar ","12 BURINOT ","a. MASCARO ","M Plusa a ","2013 Cad ","- ","0.217 ","1.17.7 ","1.20.7 ","0-4-1-1-2-1 ","",
