"PROPIETARIO ","N° CABALLO He. ","COMDUCTOR ","ENTRENADOR ","DIST SCE ","ORIGEN ","SUMAS ","R.Alss ","M.Dist ","CLABIF ","",
"Quadra 900 Parence ","1 UN QUEPRIXET MAR ","J. 5. ","IMP. ","2000 Cc? ","Bote ","20.210 ","1.15.2 ","1.10.0 ","","1-a PHERA ",
"","2 VI* TIRETY ","ANDREU ","","2050 Cof ","a - - on ","20.714 ","1.15.4 ","","","",
"Ca Ha ","2 URANUS LOVER ","A. RIERA a. ","A n ","2010 CAT ","","20.807 ","1.15.9 ","1.10.9 ","020000 ","",
"Na Poca Des ","4 VANYUIT DG ","M. RIERA o ","A DMP ","2000 Cob ","LA ","22,161 ","1.15.2 ","1.17.3 ","1-41-04-1 ","",
"dome S. ",", ULTRA DE FONT ","","vicial 0 ","2058 Co? ","- Mai L - - ","22,815 ","1.15.8 ","1.17.9 ","1-4604-3 ","",
"Ca's ",". ANGELINA DURAN ","a MASCARO ","","2040 ","","22.800 ","1.15.3 ","1.17.3 ","030240 ","",
"","7 UTOPIA AR ","A. BROGLIA ","e ","205a ","","24,706 ","1149 ","1.17.7 ","","",
"Cumina ",". VERI DE FONT ","e RIUTORT ","","2010 CUB ","Lave Duties De - ","27.348 ","1.14.3 ","1.17.5 ","","",
"Cuadra soge-L ","9 TREBOLI SPA ","J. RIGO LL. ","Pago LL ","2000 Cas ","* ","31.000 ","1.15.4 ","1.10.9 ","","LL ",
"Som Om ","10 SALEROSO ","8 SAGRERA ","Puigsorver ","2058 CeD ","- - - ","31,960 ","1.15.8 ","1,17.8 ","0-3-2-1-15 ","",
"","11 NOMMEL CRACK ","FLUXA ","M Plasa a ","2040 Call ","des Fangie - ","34.016 ","","1.15.9 ","746340 ","is ",
"Thenk ","12 SULTAN B5 ","DENNASAR ",". ","2000 ","Lavve Vas Parmana im ","35.560 ","1.15.4 ","1.17.4 ","","",
