"N° ","CABALLO ","","SEXO ","EDAD ","PESO ","JINETE ","CUADRA ","PREPARADOR ","CAJON ","Ult. Actuac. ",
"1 ","NYALA (GB) ","(3) (4) ","Y ","5 ","62 ","R.N. VALLE ","BOLAK ","M. AUGELLI ","4 ","9,3,2,3,6 ",
"2 ","NICE PIORNO (FR) ","(3) ","Cas ","5 ","61 ","F. JIMENEZ ","RUSH RACING ","M. AUGELLI ","1 ","3,5,2,3,5 ",
"3 ","FASHIONATA (IRE) ","(5) ","Y ","7 ","60,5 ","J. GELABERT ","PATRIZIA ROSANNA TESTA ","M. TELLINI ","5 ","5,7,10,14,8 ",
"4 ","PALAKIN BARELIERE (FR) ","(5) ","Y ","4 ","60,5 ","I. MELGAREJO (59) ","DOMINICANA STABLE ","A. SOTO ","7 ","1,4,10,7,6 ",
"5 ","FORBAIFOR ","(3) ","Cas ","6 ","59,5 ","B. FAYOS ","ARTEMIS ","J. LOPEZ ","2 ","4,7,7,2,3 ",
"6 ","MAESTRO MAC (IRE) ","(2)(3) ","Cas ","7 ","58,5 ","D. FERREIRA (57) ","MAZANTINNI ","A. SANCHEZ c. ","8 ","7,7,8,3,7 ",
"7 ","LITTLEBECK LADY (GB) ","(5) ","Y ","6 ","55 ","V. JANACEK (56) ","JIMENA ","B. RAMA ","6 ","4,6,8,12,2 ",
"8 ","ASCANIO ","","Cas ","6 ","51 ","N. DE JULIAN (53) ","HELISABEL ","J. SALGUERO ","3 ","2,4,3,2,3 ",
