"N° ","CABALLO ","","SEXO ","EDAD ","PESO ","JINETE ","CUADRA ","PREPARADOR ","CAJON ","Ult. Actuac. ",
"1 ","ANGLIRU (IRE) ","(2) ","Cas ","5 ","62 ","E.J. ARGUINZONES (60,5) ","CELSO MENDEZ ","M. ALVAREZ ","10 ","3,7,5,9,6 ",
"2 ","SANXENXO ","","c ","4 ","62 ","V. JANACEK ","YEGUADA AGF ","G. ARIZKORRETA ","3 ","5,2,4,8,13 ",
"3 ","LA FRISLA (IRE) ","","Y ","4 ","61 ","J.L. BORREGO ","JOLAM ","M. GOMEZ F. ","1 ","7,9,11,3,4 ",
"4 ","AYAMONTE (FR) ","","Cas ","7 ","61 ","F. JIMENEZ ","ECURIE JNK ","J. OLIVEIRA ","6 ","7,8,5,3,6 ",
"5 ","DOBLE o NADA (FR) ","","Cas ","5 ","60 ","J. GELABERT ","JAYJO ","G. MADERO ","2 ","1,5,12,10,8 ",
"6 ","DELTA CRUCIS (USA) ","","Cas ","9 ","59,5 ","D. FERREIRA (58) ","LAS AGUILAS ","F. RODRIGUEZ ","4 ","2,5,4,4,11 ",
"7 ","SUPER EVA ","(3) ","Y ","4 ","59,5 ","J.L. MARTINEZ ","POPURRI ","M.J. PEREZ ","7 ","7,6,1,2,7 ",
"8 ","KISMAR (IRE) ","","Y ","7 ","55,5 ","B. FAYOS ","ROYAL GAIT ","J.A. RODRIGUEZ ","8 ","4,5,4,5,6 ",
"9 ","COYOTE DAX ","(5) ","Cas ","5 ","55 ","N. DE JULIAN ","TOLEDO ","A. NUÑEZ ","5 ","2,2,4,3,11 ",
"10 ","TE KOOP (GB) ","","Cas ","5 ","54 ","R.N. VALLE ","ZEBRA ","M. TELLINI ","9 ","5,4,5,3,10 ",
