"N° ","CABALLO ","","SEXO ","EDAD ","PESO ","JINETE ","CUADRA ","PREPARADOR ","CAJON ","Ult. Actuac. ",
"1 ","ELUAN (GB) ","","c ","4 ","61 ","B. FAYOS ","MARTUL ","R. MARTIN V. ","5 ","1,3,2,5,2 ",
"2 ","MOLLY KING (GER) ","(3) ","Cas ","7 ","59,5 ","F. JIMENEZ ","SAMALASSA ","J.A. RODRIGUEZ ","4 ","2,2,11,7,11 ",
"3 ","QATAR RIVER (FR) ","(3) ","Cas ","5 ","59,5 ","J.L. BORREGO ","RAPIER ","B. VALENTI ","3 ","1,1,6,2,4 ",
"4 ","SAUMET (IRE) ","(3) ","Cas ","6 ","57,5 ","v. JANACEK ","MEDITERRANEO ","G. ARIZKORRETA ","1 ","3,1,1,6,2 ",
"5 ","WE KNOW (IRE) ","","c ","5 ","57,5 ","J. GELABERT ","RIO CUBAS ","E. LEON ","2 ","1,2,4,3,8 ",
