"N° ","CABALLO ","","SEXO ","EDAD ","PESO ","JINETE ","CUADRA ","PREPARADOR ","CAJON ","Ult. Actuac. ",
"1 ","ALBORAN (FR) ","","c ","3 ","57 ","J.L. MARTINEZ ","IGUELDO ","B. MORENO ","5 ","8 ",
"2 ","DON PACO ","","Cas ","3 ","57 ","F. JIMENEZ ","LAS AGUILAS ","F. RODRIGUEZ ","4 ","6,9,9,8,4 ",
"3 ","LUEFE ","","c ","3 ","57 ","J.L. BORREGO ","ODISEA ","A. CARRASCO ","11 ","12 ",
"4 ","GRILO (IRE) ","(4) ","Cas ","3 ","57 ","D. FERREIRA (55,5) ","NOSSA SENHORA DO VALE ","H. PEREIRA ","3 ","2,7,7,8,d ",
"5 ","ROMPEVALLAS ","","c ","3 ","57 ","N. GARCIA (55,5) ","LOS NIÑOS ","J. SALGUERO ","1 ","3,6,9 ",
"6 ","ZAIN STORM (FR) ","(5) ","Cas ","3 ","57 ","v. JANACEK ","ADRIANA ","B. RAMA ","8 ","11,8,6,4,3 ",
"7 ","MANTRA (FR) ","","Y ","3 ","56,5 ","J. GELABERT ","JAYJO ","G. MADERO ","9 ","13,3,6,2 ",
"8 ","MARATECA (FR) ","(5) ","Y ","3 ","56,5 ","E.J. ARGUINZONES (55) ","MAIA LIDADOR ","J. OLIVEIRA ","10 ","8,7,5,8,3 ",
"9 ","BEATRIZITA ","","Y ","3 ","55,5 ","R.N. VALLE ","EL FARGUE ","F. RODRIGUEZ ","2 ","4,6,6,8,11 ",
"10 ","FAVEUR GRINE (GB) ","","Y ","3 ","55,5 ","B. FAYOS ","M'HAMMED KARIMINE ","A. SOTO ","7 ","5 ",
"11 ","MELODY FRANCE (FR) ","","Y ","3 ","55,5 ","I. MELGAREJO ","LUCHANA ","o. ANAYA ","12 ","Debut. ",
"12 ","YULIA ","(4) ","Y ","3 ","55,5 ","N. DE JULIAN ","LAS ROZAS ","M.J. PEREZ ","6 ","Debut. ",
