"N° ","CABALLO ","","SEXO ","EDAD ","PESO ","JINETE ","CUADRA ","PREPARADOR ","CAJON ","Ult. Actuac. ",
"1 ","QUINCHIA (IRE) ","(3) ","Y ","4 ","63 ","I. MELGAREJO (61,5) ","CELSO MENDEZ ","M. ALVAREZ ","5 ","2,8,1,4,3 ",
"2 ","BOSTON BRUIN (IRE) ","","c ","4 ","62 ","B. FAYOS ","ENRIQUE FERNANDEZ DE VEGA ","J. LOPEZ ","2 ","1,4,3,8,4 ",
"3 ","WINDY YORK (IRE) ","","Y ","7 ","61,5 ","J. GELABERT ","SHOSHOLOZA ","M. TELLINI ","1 ","2,11,10,2,5 ",
"4 ","ALEJANDRIA (FR) ","","Y ","6 ","60,5 ","v. JANACEK ","SAN MARCOS ","F. PEREZ ","3 ","3,2,5,1,4 ",
"5 ","QUICK ARTIST (IRE) ","(3) ","Y ","6 ","58,5 ","D. FERREIRA (57) ","EACHWAY ","A. SANCHEZ c. ","7 ","11,3,6,5,3 ",
"6 ","BREY DE VALIENTE ","","Cas ","4 ","56 ","F. JIMENEZ ","YEGUADA VALIENTE ","I. LOPEZ ","6 ","3,4,11,1,7 ",
"7 ","GOSPODIN ","","c ","4 ","55 ","J.L. MARTINEZ ","LAS ROZAS ","M.J. PEREZ ","4 ","3,6,8,7,7 ",
