"N° CABALLO ","","ETTAID ","HC ","IISETE ","CIADRA ","FREPARADER ","CAION ","",
"1 THOWATORE ","","3ates ","so ","","CALDIANA ","","3 ","",
"2 ","","3ales ","9A,S ","","F1 VERDIGAL ","ASITO ","a ","",
"3 PANTHALL (FE) ","(3)(4) ","3ales ","59 ","","","","7 ","",
"4 TONDERO (PR) ","(5) ","3ates ","DE ","","SEMPREFANI ","","2 ","",
"5 ZIRARY (78) ","","3afes ","sa ","","","","5 ","",
"6 ALPIN KING (IRE) ","","Dates ","57 ","NYALLE ","ROCUBAS ","LANATA ","4 ","(01.00.16/01.04) ",
"7 (FE) ","(5) ","Jates ","57 ","LRANOS ","PALCOT ","LIMAROTO ","1 ","",
"a LIONHEAIT ","","3ates ","37 ","","LOS ARCANULIS ","","6 ","",
"9 - (IRE) ","","Dates ","59 ","HONTINERIS ","EL SHUDDAT ","NALMARIN ","9 ","",
