"N° CABALLO ","","EDAD ","HG ","IINETE ","CUADRA ","PREPARADOR ","","",
"- IN wuy ","(21(5) ","","42 ","(60,5) ","TOUTO ","ASUNIT ","11 ","",
"2 UNDA (IRE) ","","Dates ","61 ","(34.5) ","MANQUES DE DE SAN ","","6 ","",
"3 TAQIO ","(4)(5) ","Jates ","so ","LRAMOS ","DACIMAN ","","1 ","(05.05.11/07.07) ",
". PERCE CREEN (IRE) ","","","so ","","EA ","DANATA ","# ","",
"5 INTOCABILE (IRI) ","(3) ","Jates ","99 ","","","POLATE ","7 ","",
"6 (INE) ","(3) ","","sa ","","KHAN ","BANATA ",", ","",
"7 ANRIAN ","(5) ","3ales ","57 ","","","","3 ","",
"a vess osem (GB) ","(3) ","dates ","5AS ","LIONSICA(54) ","DREAMEROAD ","","a ","",
"9 ROCADLA ","(5) ","Dates ","SA ","","ENALTO ","","4 ","",
"10 ENTREE (FR) ","(4) ","Jates ","SS ","","CAMPOREAL ","","5 ","(12,12,11,12.05) ",
