"N° CARALLO ","","","HC ","JISETE ","","PREPARADOS ","","",
"1 ULTRON (IRE) ","(5) ","3ates ","51 ","ANALLE ","REZA ","LANATA ","7 ","",
"2 KARLITY ","","","sa ","RSOUSA ","ACASIVA ","DANATA ","3 ","(05.06.10.12.04) ",
"3 AMPO ","","","sa ","","","","1 ","",
"4 TOSCA ","(4) ","3ades ","57,5 ","","VECDIADA ACF ","","+ ","[02,04,02,04] ",
"5 TALES (GB) ","(4) ","","37 ","","CANARIAS ","","a ","",
"6 DOTANA ","(2) ","Dates ","Se ","","VESUADA ARANJUEE ","LLOPEZ ","9 ","",
"7 ","(4) ","Jates ","se ","","","ATSERETELI ","5 ","",
"a ","(4) ","Dales ","Se ","N (D) Reja) ","","BANATA ","6 ","",
"9 VANOS NICHACHA (IRI) ","","Dates ","S4 ","F MARTINGZ ","","NAM BAONG ","2 ","",
