"1 CARRERA ","Premi DETROIT HANOVER ","","","","Guanyador ","","Quiniela ","","Trio ","A les 11:20 ",
"Al Trote Enganchado 1000€ en premios 460 1°, ","Distancia 2. 150m. 7° De 4 y ","PLACA BEIG NUMERO más años, nacionales hasta ","NEGRO 999,99 ","Matricula 20€ ","","","Forfait 20% del premio ","","Cambio Conductor 18€ ","Autostart ",
"PROPIETARIO Cuadra Ca'n Vidal ","N° CABALLO He. 1 HEMISFERI DE NIT ","CONDUCTOR A. VIDAL A. ","ENTRENADOR A Vidal A ","DIST 2150 ","SCE Co4 ","ORIGEN Jiel (fr) Oronella De Nit ","SUMAS o ","R.Abs R.Dist ","CLASIF. D ","UL TIMA CARRERA 13 12.20-D-SP-2150-A-0-A. VIDAL A ",
"Cuadra Pañarito ","2 HEIDI STAR ","c. CRUELLAS ","Ferriol S ","2150 ","Ec4 ","Onyx Uno La Chesnaie (fr) -Raida Des Valois (fr) ","o ","","D(19)-D ","13 12 120-D-SP-2150-A-O-C. CRUELLAS ",
"Quadra Llucamet Quadra Catalina Oliver Salom ","3 HELIOS CM 4 HAVANERA os ","RIGO G. (AP) FRONTERA ","M Rigo G. Vidal A. ","2150 2150 ","Call E04 ","Onyx Jiel (fr)- Tiramilles In Love With You (fr) -Mel D'ite Bg ","110 140 ","1.20.2 1.202 1.22.7 ","0-D-7-6 D-6-D-D-6-D ","13 12.20-0-SP-2150-A-O-M. M. RIGO G. 19 12.20-D-MN-2050-A-O-J. BAUZA B ",
"Cuadra Can Segov ","5 HERA SOMOLLI ","FUSTER ","Fuster ","2150 ","Ea4 ","Royal De Perthuis (fr)-Janis Somolli (se) ","230 ","1.20.3 1.20.3 ","2 ","13 12.20-2-SP-2150-A-1.20.3-B.FUSTER ",
"Cuadra Toni Valls ","6 GIGOLO D4 ","VALLS ","Valls ","2150 ","","Universal- Hola Scot M ","274 ","1.20.1 ","D(19)-D-3-D-D-2 ","19. 12 220-D-MN-2050-A-O-A. VALLS ",
"Cuadra Can Escafi Cuadra Restaurante La Isla ","7 HAYAYAY D'ESCAFI 8 HURACAN ISLA ","PERPIÑAN RIUTORT ","Vecina Riutort ","2150 2150 ","Ea4 Co4 ","Olgado (fr)-Uyuyuy D'escafi Spirit Beji (fr)-Saga Africa (fr) ","276 286 ","1.20.5 1.20.5 1.21.4 1.21.4 ","3-R-D-5-6 R-0-D-D-D-3 ","13 12.20-3-SP-2150-A-1.20.5-E. PERPIÑAN 17 07 20-R-SP-2150-A-0-B RIUTORT ",
"Estetica Marga Comas Bartolome Serra Amengual ","9 HELENA DIR 10 HISTORIC BS ","COMAS BENNASAR ","Comas M Salleras ","2150 2150 ","EC4 Co4 ","Armbro Reunion (us) Olandadir (it) Repeat Love (fr)-Rydens Ravenna (se) ","320 572 ","1.20.6 1.20.6 1.19.0 1.19.0 ","2-6-D-0-4 3-D-D-3(19)-D-4 ","19 12 2.20-2-MN-2050-A-1 21 0-B FUSTER 14 11.20-3-SP-2150-A-1 19.0-G. ANDREU ",
"Cuadra Can Somereta ","11 HAPPY GIRL RV ","RIERA B. ","Vaquer S ","2150 ","Ec4 ","Stormy De Touvois (fr) Twiggy Du Pont ","814 ","1.19.0 1.19.0 ","0-D-D-3-1-D ","13 .12.20-0-SP-2150-A-O-A.VAQUER S ",
"2 CARRERA ","Premi QUINTA (PREMIUM) ","","","","Guanyador ","","Quiniela ","","Trio ","A les 11:50 ",
"AI Trote Enganchado 4000€ en premios: 1.840 a 1° 920 ","Distancia 150m 2°, 480 al 3° 280 200 al 5°, 160 al 6° 120 al 7' ","PLACA VERDE NUMERO De 6 y más años. nacionales ","NEGRO de 500 999 ","Matrícula 30€ ","","","Forfait 20% del premio ","","Cambio Conductor 18€ ","Autostart ",
"PROPIETARIO ","N° CABALLO He. ","CONDUCTOR ","ENTRENADOR ","DIST ","SCE ","ORIGEN ","SUMAS ","R.Abs R.Dist ","CLASIF. ","UL TIMA CARRERA ",
"Cuadra No Sabem Cuadra Riera Veny C.b. ","1 VENI VEDI VICI MO 2 FILIGRANA CM D4 ","VAQUER BENNASAR ","J. Vaquer Riera v ","2150 2150 ","Cot2 Ec6 ","Delvin Twostep (se)- Flor De Iris Olgado (fr) Lina Axe (it) ","2.604 3.446 ","1.18.4 1.18.4 1.18.0 1.18.2 ","D-D-D-0-D-1 R.D-D-D-4-0 ","29 11.20-D-MN-2050-A-O-J.T.VAQUER 23 12.20-R-SP-2150-A-O-A.VALLS ",
"Cuadra Restaurante La Isla ","3 EOLO sa ","RIUTORT ","Riutort ","2150 ","Cc7 ","Brandy Dei Fiori (it- lucta Axe (it) ","5.438 ","1.17.2 1.18.4 ","0-0-0-5-0-0 ","09 12 20-0-SP-2150-A-0-8 RIUTORT ",
"Cuadra Rosa Cuadra Se-69 Cuadra Son Quint ","4 FURIA EMA 5 FIGARO DA 6 FRANC DE FONT ","FUSTER ROTGER PERPIÑAN ","Fuster A. Puig Piza ","2150 2150 2150 ","En6 Coll Cet ","Limbo Dei Venti (it) -Voladora De Gel Cg From Above (se)-Varona From Above (se)-Neu De Font ","3.162 4.588 3.750 ","1.17.6 1.17.6 1.17.2 1.18.0 1.18.0 1.18.0 ","D-2-D-0-0-6 6-4-1-0-0-3 3-3-1-3-4-0 ","18 12 20-D-SP-2150-A-0-B. FUSTER 29 11 20-6-MN-2050-A-1 20.5-M. PUIG 18 12 20-3-SP-2150-A-1 18.0-E. PERPIÑAN ",
"Cuadra Lloritana ","7 FAUNA HR D4 ","FORTEZA ","M Reinoso ","2150 ","Ec6 ","New Star Blai-Noa ","4.778 ","1.16.8 1.17.5 ","7-1-0-7-3-0 ","09 12.20-7-SP-2150-A-1.17.7-J RIERA S ",
"3 CARRERA ","Premi HATEAUBRIANT (PREMIUM) ","","","","Guanyador ","","Quiniela ","","Trio ","A les 12:20 ",
"Al Trote Enganchado 3500€ en premios 1.610 a 1°, 806 ","Distancia 2. 650m 2°. 420 13°, 244 176 al 140 al6. 104 7° ","PLACA NEGRA De más años. inscritos ","NUMERO BLANCO en el Stud Book Frances hasta ","Matrícula 26€ 39 ","","","Forfait 20% del premio ","","Cambio Conductor 18€ ","Autostart ",
"PROPIETARIO Cuadra No Sabem ","N° CABALLO He. 1 EASY DU VERNET (FR) DP ","CONDUCTOR M. RIERA B. ","ENTRENADOR Vaquer ","DIST 2650 ","SCE Ec7 ","ORIGEN Kaisy Dream (fr) -Quaizie Du Vernet (fr) ","SUMAS 20.586 ","R.Abs R.Dist 1.14.9 1.17.2 ","CLASIF. 4-4-1-5-D-1 ","ULTIMA CARRERA 19 12 4-MN-2050-A-1 17 5-A NICOLAUR ",
"Cuadra Toni Joan ","2 DILEMNE DE CANCHY (FR) ","G.ANDREU ","Janer R ","2650 ","CoB ","Rocklyn (fr) -Out Of Africa (fr) ","35.306 ","1.16.0 ","1-0-2 ","19 12 20-1-MN-2050-A- 17 7.0-LL FERRER c ",
"Cuadra Can Somereta Penya Bielet ","3 FLIPPER DU PORHOET (FR) DP 4 DRINGEAT MAURITIUS (FR) ","VAQUER M COLL ","Vaquer Coll ","2650 2650 ","Cot CcB ","Saphir D'haufor fr)-Lady D'anardel (fr) So Lovely Girl (fr)-Miss Mauritius (fr) ","6.250 13.278 ","1.17.8 1.18.2 ","D-D 4-0-0-5-0-0 ","21 11 20-D-MN-2050-A-O-J T. VAQUER 11 12.20-4-MN-2050-A-1 A COLL ",
"Cuadra M. ","5 DALLAS GAME (FR) ","J. ROTGER ","P. ","2650 ","End ","Ni Ho Ped D'ombree (fr) Quotkita (fr) ","26.524 ","1.14.5 1.15.4 ","1-1-0-4-3-5 ","13 12.20-1-SP-2650-A-1 16.6-C. RIERA' T. ",
"Jose Carlos Torres Jimenez Cuadra ","6 ELITE D'OURVILLE (FR) D4 7 CIVELLE DU PASSAGE (FR) ","RIERA s. RIERA B. ","M. Genovart A Riera ","2650 2650 ","Ec7 Ea9 ","Pine Chip Wood (fr)-Patty De Fio (fr) Orage Du Noyer (fr) Olympe Du Passage (fr) ","28.134 36.340 ","1.16.7 1.15.7 1.17.6 ","6-4-D 0-0-3-D-0-3 ","19 12 2.20-6-MN-2050-A-1 RIERA A 11 12.20-O-MIN-2050-A-O-C. M ",
"Quadra S'altell ","8 CELADO (FR) D4 ","RIUTORT ","Riutort ","2650 ","Cc9 ","Repeat Love (fr)- Roupala (fr) ","22.120 ","1.15.7 ","0-7-D-0-0-0 ","11 12.20-0-MN-2050-A-O-B.RIUTORT ",
"Cuadra Froilan ","9 E1 BALSAMO BELLO (FR) ","FUSTER ","Bella ","2650 ","Cend ","Love You (fr)- Nitouche (fr) ","36.432 ","1.15.8 1.16.2 ","0-5-6-3-R-3 ","13.12.20-O-SP-2150-A-O-B.LLOB ",
"Quadres De L'oison Penya Horse Power ","10 EVIDENCE D'ELMA (FR) 11 BOLIDE D'OCCAGNES (FR) ","FRONTERA VALLS ","Frontera Coll ","2650 2650 ","Ea7 ","Jet Fortuna (fr) Fleur D'espagno (fr) Jag De Bellouet (fr) Golidore (fr) ","20.395 16.733 ","1.15.8 1.15.9 1.15.6 1.17.1 ","2-3-0-6-0-4 D-5-0-4-6-5 ","113.12.20-2-SP-2650-A-1.16.8-B.AMENGUAL 19 12.20-D-MN-2050-A-O-L A FULLANA R ",
"Cuadras Fr ","12 ELICIUS (FR) D4 ","FORTEZA R. ","Forteza R ","2650 ","Ca7 ","Timoko (fr) -Soiree De Bal (fr) ","11.842 ","1.16.7 1.19.4 ","5-5-7-3-5-0 ","04 12 20- MN-2050-A-1 FORTEZA R ",
"Cuadra Frollan Cuadra Perfumeria Bruni S.I. Hermanos Andreu Mesquida ","13 E1 EMIR DAIDOU (FR) 14 HAMILY TON SPORT (FR) 15 DIVINE QUICK (FR) ","BELLO T. BOSCH Ant. ANDREU M. ","Bello Ortega M Ant Andreu M. ","2650 2650 2650 ","Cc7 Co4 EcB ","Saxo De Vandel (fr) Source De Celland (fr) Jag De Bellouet (fr) -Sanaga Leave Me (fr) Pim Quick (fr)- Tentation Quick (fr) ","29.050 9.450 19.694 ","1.16.1 1.16.7 1.16.0 1.16.9 ","D 3-0-3-0-D-D ","Debutant 04 12 2050-A-O-G ANDREU 13 12 20-3-SP-2650-A-1 16.9-Ant ANDREU M ",
"Peña Jat ","16 HEAT DANCER (FR) ","c. CRUELLAS ","Terrasa ","2650 ","Ca4 ","Atlas De Joudes (fr) Pretty Dancer (fr) ","","","o ","22 11.20-O-SP-2200-A-O.C. CRUELLAS ",
"4a CARRERA ","Premi HURACAN QUITO (PREMIUM) ","","","","Guanyador ","","Quiniela ","","Trio ","A les 12:50 ",
"Al Trote Enganchado 5000€ en premios 300 1° ","Distancia 650m 2°. 600 3° 350 4°. 250 200 6° ","PLACA NARANJA De 4y más, nacionales de ","NUMERO NEGRO 18 000 / 34 999 ","Matrícula 38€ ","","","Forfait 20% del premio ","","Cambio Conductor 18€ ","Autostart ",
"PROPIETARIO Cuadra No Sabem ","N° CABALLO He. 1 CARRITX SR DP ","CONDUCTOR VAQUER ","ENTRENADOR J. Vaquer ","DIST 2650 ","SCE Ce9 ","ORIGEN Eole (fr)- Edda Vg (it) ","SUMAS 23.476 ","R.Abs R.Dist 1.16.6 1.17.1 ","CLASIF. D-D-0-D-D-D ","UL TIMA CARRERA 19.12.20-D-MN-2050-A-O-A NICOLAUR ",
"Juan Lliteras Mulet Cuadra Ca'n Duran Peña Bonanza Hermanos Vaquer ","2 FURIANT DECO 3 GOLIAT DE CLIDE 4 ESTRELLA DE FONT DA 5 ECLIPSE BOWL ","RIERA B. MASCARO G. ANDREU F. BENNASAR ","Riera Capella M° Riera M M. Salleras ","2650 2650 2650 2650 ","Co6 Ced Ec7 Cc7 ","Oh Deco Sb Ole Ole Infinitif (it)-Ona De Clide Sb S J's Photo (us)- -Deninet Star Hot Blues (fr) Galiea Bowl ","30.170 27.796 32.886 24.557 ","1.13.4 1.16.5 1.14.9 1.15.9 1.14.7 1.16.0 1.15.8 1.16.5 ","2-1-1-1-D-3 4-7-2-3-3-2 1-1-5-1-2-1 1-D-D-2-0-2 ","09 12.20-2-SP-2650-A-1.16.5-G.RSERA 18 12.20-4-SP-2650-A-1 15.9-B MASCARO 11 12.20-1-MIN-2050-A- 18.2-G ANDREU 02 12 2.20-1-SP-2650-A-1 18 1-F BENNASAR ",
"Cuadra Ladil ","6 DANDY DE LADIL ","Jme. FLUXA ","Pocovi ","2650 ","CcB ","Vinyet De Ladil Queenie Laday (se) ","21.151 ","1.15.5 1.16.4 ","5-4-0-4-D-D ","02 12.20-5-SP-2650-A-1 18.5-J. POCOVI ",
"Cuadra Can Escafi Hermanos Andreu Mesquida ","7 CYRANO D'ESCAFI D4 a coco JAMBO ","E. PERPIÑAN Ant. ANDREU M. ","M. Salleras Ant Andreu M ","2650 2650 ","Cc9 Cc9 ","Sharif Descafi-Goya D'escafi Warren Boko (se) Candans Star ","24.640 34.443 ","1.15.3 1.17.8 1.16.5 1.17.3 ","D-4-D-3-4-7 3-6-4-3-0-0 ","02 12.20-D-SP-2650-A-O-F. VECINA 21 11.20-3-MN-2050-A-1.19.4-Ant. ANDREU M. ",
"Cuadra Sa Corbaia vx ","9 FAR WEST vx ","A. RIERA B. ","A Riera B. ","2650 ","Cet ","Algiers Hall (us)- Olimpia Vx ","29.292 ","1.14.7 1.16.4 ","6-D-2-3-6-2 ","18 12 20-6-SP-2650-A-1 17 RIERA B ",
"Can Solivellas Cuadra M. ","10 GIN TONIC RS 11 EY POU RAFAL ","FRONTERA ROTGER ","A Frontera Estelrich ","2650 2650 ","CcS CA7 ","Jaded (se) -Henara Negra Gs Leo Josselyn (fr) Larisol Pou Rafal ","20.031 19.310 ","1.15.6 1.16.8 1.15.7 1.16.2 ","D-D-3-6-0-1 7-2-7-3-4-6 ","18 12.20-D-SP-2650-A-0-J. FORTEZAR 02 12.20-7-SP-2650-A-1.18.7-.C.ROTGER ",
"Cuadra Toni Valls ","12 FENOMENAL D4 ","VALLS ","Valls ","2650 ","En ","Universal Malone ","29.630 ","1.14.7 1.15.8 ","5-5-1-5444 ","09.12.20-5-SP-2650-A-1.16.9-A.VALLS ",
"5 CARRERA ","Premi NANTES (PREMIUM) ","","","","Guanyador ","","Quiniela ","","Trio ","A les 13:23 ",
"Al Trote Enganchado 4000€ en premios 1.840 1°. 920 ","Distancia 650m. 2°, 480 3° 280 4° 200 5*. 160 al6 120 ","PLACA AZUL NUMERO De más años, inscritos ","BLANCO en el Stud Book Frances de ","Matrícula 30€ $0.000 79 ","","","Forfait 20% del premio ","","Cambio Conductor 18€ ","Autostart ",
"PROPIETARIO ","N° CABALLO He. ","CONDUCTOR ","ENTRENADOR ","DIST ","SCE ","ORIGEN ","SUMAS ","R.Abs R.Dist ","CLASIF. ","UL TIMA CARRERA ",
"Hermanos Riera Vaquer Hermanos Muntaner ","1 E1 DJANGO BELLO (FR) 2 BACCARAT DESBOIS (FR) ","RIERA s. RIERA B. ","A Vaquer S A Vaquer S ","2650 2650 ","CcB Ceto ","Password (fr)-Jany Way (fr) Jag De Bellouet (fr) Platine Du Gade (fr) ","52.561 77.046 ","1.13.4 1.15.9 1.16.0 1.16.0 ","2-1-1-3-2-5 1-D-5-3 ","118.12.20-2-SP-2650-A-1.16.2-A.RIERA B. 18 12.20-1-SP-2650-A-1.16.0-M RIERA B ",
"Hermanos Riera Vaquer ","3 E1 BRESIL(FR) ","G. RIERA ","A Vaquer S ","2650 ","Coto ","Oman r)-Quisaca (fr) ","66.684 ","1.14.8 1.15.8 ","3-4-3-4-4-3 ","18 12.20-3-SP-2650-A-1. 16.2-G. RIERA ",
"Cuadra Ladil ","4 E2 COOL BARBES DU DON (FR) ","FLUXA ","Pocovi ","2650 ","Ces ","Ludo De Castelle (fr) -Oasis Barbes (fr) ","63.890 ","1.15.4 1.17.2 ","D-1-D-D ","18 12.20-D-SP-2650-A-O-Jme. FLUXA ",
"Penya Puput-sis Cuadra Ca'n Prim Cuadra Ladil ","5 CHAMANE DU BOUCHET (FR) 6 BEAUJEU (FR) 7 E2 DEFI SOMOLLI (FR) ","LLOBET RIERAB. FLUXA ","Llobet R Riera B Pocovi ","2650 2650 2650 ","Cas Cn10 Cas ","Saphir D'haufor (fr) -Sultane Du Bouchet (fr) Look De Star (fr)-La Belle Victoire (fr) Ganymede fr)-Jabaliya Somolli (fr) ","47.134 74.651 54.037 ","1.14.4 1.14.5 1.15.6 1.16.3 1.15.9 ","3-2-D 0-R-6-2-5-1 D-D-2-4-6-4 ","19 12.20-3-MN-2050-A-1.17.2-S.LLOBETB. 19 12.20-O-MIN-2050-A-C-A.RIERA 18.12.20-D-SP-2650-A-O-S.POCO ",
"Cuadra Charles Sarrazin ","8 BLACK DU BOUILLON (FR) ","FUSTER (AP) ","Riera B ","2650 ","Coto ","Owerty (fr)- L'audace (fr) ","74.904 ","1.14.2 1.16.7 ","1-D-1-7-2-1 ","19.12.20-1-MN-2050-A-1.15.3-C.ROIGM. ",
"Cuadra Pae Balears 2007 Cuadra Ca'n Duran ","9 DIABOLITO (FR) 10 CASTOR MADRIK (FR) D4 ","FRONTERA MASCARO ","A o Puigserver ","2650 2650 ","Call ","Look De Star (fr)-Reine De La Loge (fr) Jag De Bellouet (fr) -Sept Merveilles (fr) ","78.560 62.979 ","1.13.7 1.15.1 1.16.0 ","O-D 4-3-5-2-5-2 ","09.12.20-0-SP-2650-A-O-J.FORTEZAR. 18.12.20-4-SP-2650-A-1.16.3-G.FUSTER ",
"Cuadra Toni Joan ","11 BRAHMS DU BRILET (FR) ","VALLS ","Janer R ","2650 ","Ca10 ","Quick Wood (fr) Prouesse D'obret (fr) ","56.003 ","1.15.3 1.16.4 ","7-0-6-1-4-2 ","118.12.20-7-SP-2650-A-1.16.4-AVALLS ",
"Cuadra B & B ","12 BIBI DU GAVREGUET (FR) DP ","VIDAL A. ","Vidal A ","2650 ","Ca10 ","Cygnus D'odyssee (fr) -Perle De L'ouest (fr) ","59,474 ","1.15.0 1.16.4 ","6-0-7-3-6-0 ","18.12.20-6-SP-2650-A-1.16.4-A VIDALA ",
"Cuadra Son Rubi ","13 BASTION DE VIVY (FR) ","FUSTER ","Fuster ","2650 ","Ca10 ","Look De Star (fr)-Odessa Gentille (fr) ","67.822 ","1.16.3 1.16.3 ","0.0.0.0.0-0 ","19.12.20-D-MN-2050-A-O-B.FUSTER ",
"Jaime Tauler Tortell Cuadra M&c ","14 DINKY BOY VISAIS (FR) 15 BIADJO DE JELMA (FR) DA ","TUR GOMILA ","Tauler M. Gomila ","2650 2650 ","Ca10 ","Pad D'urzy (fr)-Pinky Girt (fr) Odeisis De Vandel (fr) Leggera (fr) ","62.947 57.058 ","1.14.4 1.14.8 1.14.7 ","0-7-3-3-4-0 3-4-0-D-0-D ","118.12.20-O-SP-2650-A-O-A TUR 13 112.20-3-SP-2150-A-1.16.8-J.FUSTER A. ",
"Cuadra Ladil ","16 E2 DAILY CASH (FR) D4 ","POCOVI ","Pocovi ","2650 ","Cc8 ","Gogo (fr) Quickly Victory (fr) ","69.135 ","1.156 1.15.6 ","5-2-4-0-5-7 ","113.12.20-5-SP-2650-A-1.17.0-S.POCOVI ",
