"N° ","CABALLO ","","EDAD ","PESO ","JINETE ","CUADRA ","PREPARADOR ","CAJON ","Ult. Actuac. ",
"1 ","AGREEABLE LADY ","(IRE) ","4 ","55 ","N. DE JULIAN (53,5) ","LAS AGUILAS ","T. CALLEJO M. ","7 ","[5,9,8,12] ",
"2 ","ARTESA ","(5) ","6 ","55 ","R. SOUSA ","KARIKATO ","M. AUGELLI ","1 ","[7,2,5,5] ",
"3 ","CHEMICHOPE (FR) ","","4 ","55 ","E.J. ARGUINZONES ","CARRUYO ","D. TEIXEIRA ","2 ","[Debut.] ",
"4 ","HEAD FOR WAR (FR) ","","4 ","55 ","J.L. MARTINEZ ","LOS NIÑOS ","J. SALGUERO ","6 ","[6,7,9,6] ",
"5 ","PAT THE BUNNY ","","4 ","55 ","V. JANACEK ","IBIZA ","G. ARIZKORRETA ","3 ","[4,12,1,4] ",
"6 ","SCHEME OF THE MOC ","(6) ","4 ","55 ","C.A. LOAIZA ","QUINTA SANTA JUSTA MAIA ","C. VIDINHA ","4 ","[7,2,2,5] ",
"7 ","SKY BELLE (FR) ","","4 ","55 ","J. GELABERT (53,5) ","JOVEM ","D. TEIXEIRA ","5 ","[5,7,10,9] ",
"8 ","SUNSUNA (GB) ","","4 ","55 ","I. BORREGO ","CAPRI ","J. JERSIN ","8 ","[4,9,8,3] ",
