"","CABALLO ","","EDAD ","PESO ","JINETE ","CUADRA ","PREPARADOR ","CAJON ","Ult. Actuac. ",
"1 ","HALLOCHOP (FR) ","","3 ","64 ","V. JANACEK ","POPULAR ","G. ARIZKORRETA ","6 ","[1,4,6,4] ",
"2 ","PORTALEGRE ","(5) ","3 ","59,5 ","R. SOUSA ","YEGUADA CORTIÑAL ","J.A. RODRIGUEZ ","2 ","[10,3,3,10] ",
"3 ","ROCK QILAADA (GB) ","","3 ","55 ","B. FAYOS ","NUEZ CANARIAS ","I. LOPEZ ","1 ","[4,7,6,7] ",
"4 ","ULTIMO MESTER ","(3) ","3 ","52,5 ","E.J. ARGUINZONES ","C.D.E. KEMENG ","T. MARTINS ","5 ","[5,4,5,5] ",
"5 ","LADY PRESIDENT (IRI ","(3) ","3 ","52 ","C.A. LOAIZA ","QUINTA SANTA JUSTA MAIA ","C. VIDINHA ","3 ","[8,3,6,3] ",
"6 ","BALLAD OF MULAN ","(IRE) ","3 ","52 ","J. GELABERT (51) ","GREILET ","A. SANCHEZ C. ","4 ","[8,10,11,6] ",
"7 ","DANCING COWGIRL ","","3 ","51 ","A. GOMEZ (52) ","MAGICA ","M. AUGELLI ","7 ","[11,13,11] ",
