"N° ","CABALLO ","","EDAD ","PESO ","JINETE ","CUADRA ","PREPARADOR ","CAJON ","Ult. Actuac. ",
"1 ","MERSAD (GB) ","(5) ","5 ","62 ","B. FAYOS ","SIEMPRE FANI ","T. MARTINS ","4 ","[3,7,4,6] ",
"2 ","JUAN DANIEL ","","7 ","62 ","V. JANACEK ","JEREZANA ","J. CALDERON ","5 ","[4,9,4,2] ",
"3 ","SMOKIE JOE (IRE) ","(5) ","9 ","62 ","I. BORREGO ","LAS AGUILAS ","T. CALLEJO M. ","10 ","[2,5,13,8] ",
"4 ","TALENTUM (GB) ","","4 ","61 ","C.A. LOAIZA ","NANINA ","J. CALDERON ","1 ","[8,10,4,5] ",
"5 ","HIS HOPE BARELIERE ","(5) ","4 ","61 ","A. GOMEZ ","SUREÑA ","J.A. RODRIGUEZ ","6 ","[10,15,12] ",
"6 ","KUKALA ","","4 ","60,5 ","J.L. MARTINEZ ","CELSO MENDEZ ","M. ALVAREZ ","2 ","[10,6,5,6] ",
"7 ","ASTURIA (GER) ","","4 ","58 ","SR. MELGAREJO, I (56) ","NEO ","M. ALVAREZ ","9 ","[2,6,4,1] ",
"8 ","BALTAZAR (IRE) ","","5 ","57 ","J. GELABERT (56) ","BARREIROS ","D. DEL BARRIO ","8 ","[7,8,2,5] ",
"9 ","THE LAST ONE ","(5) ","5 ","53 ","R. SOUSA (54) ","AGRO CARVALHO ","D. TEIXEIRA ","3 ","[4,4,5,10] ",
"10 ","THE FIRST ONE ","","6 ","51 ","N. DE JULIAN (53,5) (G.ROJA) ","LAS AGUILAS ","T. CALLEJO M. ","7 ","[2,10,13,8] ",
