"4 ","Carrera PREMIO LOTOTURF ","","(HANDICAP ","","DIVIDIDO 1 PARTE) ","7.875 Euros a repartir -1.400 ","metros arena ","Hora: 22:35 ","h. ",
"N° ","CABALLO ","","EDAD ","PESO ","JINETE ","CUADRA ","PREPARADOR ","CAJON ","Ult. Actuac. ",
"1 ","CAPTAIN MOONLITE ","(IRE) ","5 ","63 ","B. FAYOS ","JIMENA ","B. RAMA ","1 ","[7,4,4,2] ",
"2 ","DAGOBERTO ","(5) ","6 ","60 ","SR. HERMOSILLA, A. (58,5) ","NANINA ","J. CALDERON ","6 ","[4,1,1,8] ",
"3 ","FELIPE EL HERMOSO ","(2)(3) ","8 ","60 ","A. GOMEZ ","EL BILLETERO ","G. RODRIGUEZ ","12 ","[11,1,3,7] ",
"4 ","NAFAR (GER) ","","8 ","60 ","J. GELABERT (59) ","MAZANTINNI ","A. CARRASCO ","9 ","[1,7,7,9] ",
"5 ","FIRST MOVE (FR) ","","6 ","57 ","E.J. ARGUINZONES ","EACHWAY ","A. SANCHEZ c. ","7 ","[2,1,9,10] ",
"6 ","DUBROVNIK ","","6 ","57 ","V. JANACEK ","YEGUADA LAS CUEVAS ","J. CALDERON ","2 ","[3,5,9,9,] ",
"7 ","BASOCO (GB) ","(5) ","4 ","57 ","C.A. LOAIZA ","LAS CADENAS ","I. LOPEZ ","8 ","[4,5,7,3] ",
"8 ","ELUSIVE KID (USA) ","(3) ","4 ","56 ","G. MADERO ","HEWSUE ","P. HALEY ","3 ","[1,4,7,6] ",
"9 ","WINKL SIDE ","(5) ","6 ","55 ","J.L. MARTINEZ ","HISPANICA ","O. ANAYA ","10 ","[4,4,3,2] ",
"10 ","MEKONG RIVER (FR) ","(4) ","4 ","54 ","R. SOUSA ","SANTA BARBARA ","S. VIDAL ","11 ","[8,2,2,10] ",
"11 ","RICHELIEU (FR) ","(3) ","5 ","54 ","V.M. VALENZUELA (52,5) ","CORVITE GALOPE ","T. MARTINS ","4 ","[2,7,7,3] ",
"12 ","DUC DE SAVOIE (FR) ","(6) ","8 ","53,5 ","N. DE JULIAN ","NOVAIS Y FERNANDES ","C. VIDINHA ","5 ","[7,5,5,7] ",
