"N° ","CABALLO ","","EDAD ","PESO ","JINETE ","CUADRA ","PREPARADOR ","CAJON ","Ult. Actuac. ",
"1 ","MIKELTOS (FR) ","","6 ","60 ","V. JANACEK ","SAYAGO ","G. ARIZKORRETA ","1 ","[5,1,3,1] ",
"2 ","MOU THE SPECIAL (IF ","(3) ","6 ","59 ","J.L. MARTINEZ ","EL BILLETERO ","O. ANAYA ","3 ","[1,1,9,8] ",
"3 ","OREGON ","","5 ","58 ","B. FAYOS ","YEGUADA CORTIÑAL ","J.A. RODRIGUEZ ","4 ","[1,2,2,9] ",
"4 ","ALQUIMISTA ","","4 ","57 ","A. GOMEZ (G. AZUL) ","YEGUADA CORTIÑAL ","J.A. RODRIGUEZ ","2 ","[6,6,13,9] ",
"5 ","WELLISTO (GER) ","(3) ","8 ","57 ","R. SOUSA ","SILVER ","D. TEIXEIRA ","5 ","[7,1,3,5] ",
"6 ","DUBAI SPRING (USA) ","(2) (5) ","7 ","55.5 ","G. MADERO ","ZEZINHO ","J.C. CERQUEIRA ","6 ","[6,12,1,1] ",
