"N° ","CABALLO ","","EDAD ","PESO ","JINETE ","CUADRA ","PREPARADOR ","CAJÓN ","Ult. Act. ",
"1 ","SUEVO ","(5) ","3 ","62 ","G. MADERO ","TIZIANO ","J.L MAROTO ","10 ","[1,6,7,8] ",
"2 ","APOLO ","","3 ","62 ","J. GELABERT (60) ","OBERON ","J. LOPEZ ","1 ","[10,6,5] ",
"3 ","JUAN DANIEL ","","6 ","62 ","A. GOMEZ ","JEREZANA ","J. CALDERON ","9 ","[4,3,7,3] ",
"4 ","PANISIDE ","","6 ","62 ","B. FAYOS ","INDIA ","F. RODRIGUEZ ","12 ","[3,6,4,3] ",
"5 ","AKERON ONE (GB) ","","4 ","62 ","N. DE JULIAN (61) ","AREQUIPA ","R.H. HUAYAS ","5 ","[7,8,12,15] ",
"6 ","ROBERTTINO STAR ","(2)(5) ","5 ","61 ","J.L. BORREGO ","BOLAK ","c. FERNANDEZ B. ","14 ","[1,5,9,8] ",
"7 ","FIRST MOVE (GB) ","","5 ","61 ","E.J. ARGUINZONES ","EACHWAY ","A. SANCHEZ c. ","8 ","[5,1,1,12] ",
"8 ","DAGOBERTO ","(5) ","5 ","61 ","A.J. GRATEROL ","NANINA ","J. CALDERON ","2 ","[6,4,1,3] ",
"9 ","DESEADO ","","6 ","61 ","N. GARCIA ","SUREÑA ","J.A. RODRIGUEZ ","11 ","[7,2,3,1] ",
"10 ","SMOKIE JOE (IRE) ","","8 ","61 ","C.A. LOAIZA ","LAS AGUILAS ","E. IVANOVA ","6 ","[5,4,4,10] ",
"11 ","ULICY MAKER (FR) ","(2) ","7 ","60,5 ","P. OLIVEIRA ","QUINTA SANTA JUSTA ","c. VIDINHA ","15 ","[3,3,5,4] ",
"12 ","GOLDING BOY (FR) ","","5 ","60 ","I. BORREGO ","HELPING HAND REAL ESTATE ","G. RODRIGUEZ ","3 ","[10,8,9,2] ",
"13 ","GUZMAN EL BUENO (FR) ","(5) ","4 ","59,5 ","M. GOMES ","EL FARGUE ","J.L MAROTO ","13 ","[3,8,12,12] ",
"14 ","IRAIZOTZ ","","8 ","59 ","D. FERREIRA ","FERNANDO FERREIRA ","I. MENDES ","4 ","[5,4,1,3] ",
"15 ","QUIMERA (GB) ","","3 ","58,5 ","V. JANACEK ","FORMENTOR ","G. ARIZKORRETA ","7 ","[8,2,5,7] ",
