"CABALLO ","","EDAD ","PESO ","JINETE ","CUADRA ","PREPARADOR ","CAJÓN ","Ult. Act. ",
"WAD VISON ","","5 ","62 ","V. JANACEK ","PALOMARES ","J.A. RODRIGUEZ ","5 ","[4,2,1,4] ",
"MOU THE SPECIAL (IRE) ","(3) ","5 ","61 ","A.J. GRATEROL ","EL BILLETERO ","o. ANAYA ","3 ","[8,4,5,1] ",
"LAFFAN (IRE) ","(3) ","6 ","60 ","M. GOMES ","MANUELA ","J. CALDERON ","8 ","[3,7,3,5] ",
"VALLILA (GB) ","","4 ","58 ","B. FAYOS ","TRES MALAGUEÑAS ","O. ANAYA ","6 ","[2,3,1,6] ",
"NAFAR (GER) ","","7 ","56,5 ","E.J. ARGUINZONES ","SILVER ","I. MENDES ","9 ","[2,6,2,3] ",
"MIND THE GAP ","","3 ","56 ","J.L. MARTINEZ ","ODISEA ","A. CARRASCO ","10 ","[1,2,2,3] ",
"MYTHICAL CLOVER (IRE) ","","3 ","54 ","J. GELABERT (52) ","ALISARES ","F. PEREZ ","1 ","[5,14,5,1] ",
"HAIL PROMENADER (IRE) ","","9 ","54 ","N. DE JULIAN (53) ","LAS AGUILAS ","E. IVANOVA ","2 ","[8,7,2,1] ",
"EL SHERIFF (IRE) ","","5 ","54 ","P. OLIVEIRA (57) ","CELV ","I. MENDES ","7 ","[7,4,8,4] ",
"WINKL SIDE ","","5 ","53 ","G. MADERO ","HISPANICA ","o. ANAYA ","4 ","[5,5,3,10] ",
