"N° ","CABALLO ","","EDAD ","PESO ","JINETE ","CUADRA ","PREPARADOR ","CAJÓN ","Ult. Act. ",
"1 ","MAWALA ","","3 ","59 ","v. JANACEK ","PALOMARES ","J.A. RODRIGUEZ ","7 ","[2,1,4,1] ",
"2 ","OBOE ","(4) ","3 ","57 ","J.L. MARTINEZ ","ODISEA ","A. CARRASCO ","3 ","[7,1,2,2] ",
"3 ","JAROCHO ","","3 ","56 ","J.L. BORREGO ","ALISARES ","F. PEREZ ","4 ","[3,6,4,9] ",
"4 ","RECLUTADO ","(3) ","3 ","56 ","B. FAYOS ","IL PADRINO ","J. LOPEZ ","1 ","[3,4,8,6] ",
"5 ","SEJANO ","","3 ","56 ","A.J. GRATEROL ","DUQUE DE ALBURQUERQUE ","J.M. OSORIO ","2 ","[3,6,6,99] ",
"6 ","SONAJAS ","","3 ","56 ","J. GELABERT (53,5) ","ZURRAQUIN ","M. HERNANDEZ ","5 ","[3,7,6,3] ",
"7 ","TEMBRA ","","3 ","56 ","G. MADERO ","LOS NIÑOS ","J. SALGUERO ","6 ","[5,6,4,5] ",
