"N° ","CABALLO ","","EDAD ","PESO ","JINETE ","CUADRA ","PREPARADOR ","CAJÓN ","Ult. Act. ",
"1 ","MERSAD (IRE) ","","4 ","62 ","V. JANACEK ","SIEMPRE FANI ","T. MARTINS ","1 ","[4,8,6,4] ",
"2 ","MALYSIEUSE (FR) ","","5 ","62 ","J.L. BORREGO ","QUINTA SANTA JUSTA ","c. VIDINHA ","14 ","[6,8,7,5] ",
"3 ","EL AFRICANO ","","8 ","61,5 ","N. DE JULIAN (60,5) ","LAS AGUILAS ","E. IVANOVA ","10 ","[1,2,1,4] ",
"4 ","ODIN ","(5) ","3 ","61 ","G. MADERO ","LOS MELLIZOS ","M. ALVAREZ ","8 ","[3,9,7,12] ",
"5 ","SUEVA ","","4 ","61 ","J.L. MARTINEZ ","TIZIANO ","J.L MAROTO ","4 ","[3,3,2,1] ",
"6 ","KINGKAYE (FR) ","","4 ","61 ","B. FAYOS ","HABIT ","c. FERNANDEZ B. ","5 ","[8,12,6,6] ",
"7 ","SCHEME OF THE MOON (FR) ","(3) ","3 ","61 ","C.A. LOAIZA (B.ROJA) ","QUINTA SANTA JUSTA ","C. VIDINHA ","13 ","[6,6,6,5] ",
"8 ","MAKAAMEN (GB) ","","9 ","60 ","SR. MELGAREJO. I, (58,5) ","EACHWAY ","A. SANCHEZ c. ","9 ","[5,9,8,5] ",
"9 ","CINNAMON CRESCENT (FR) ","","5 ","59,5 ","A.J. GRATEROL ","EL BRUJO ","J. CALDERON ","12 ","[4,4,3,6] ",
"10 ","TI FARO VEDERE IO (ITY) ","","4 ","59,5 ","M. SECCI ","SCUDERIA LITTU ","o. ANAYA ","7 ","[5,6,2,5] ",
"11 ","CORTIZADA ","","4 ","59 ","I. BORREGO ","SAMALASSA ","B. RECIO ","11 ","[11,7,9,3] ",
"12 ","ALABARDA ","","5 ","58,5 ","A. GOMEZ ","IL PADRINO ","J. LOPEZ ","2 ","[5,7,2,6] ",
"13 ","HORSETRACKER (GB) ","(5) ","3 ","58,5 ","J. GELABERT (56,5) ","SOÑADOR ","I. LOPEZ ","6 ","[8,9,9,4] ",
"14 ","THE LAST ONE ","","4 ","56 ","M. GOMES ","AGRO CARVALHO ","I. MENDES ","3 ","[2,3,4,9] ",
"15 ","FIONA ","(2)(5) ","4 ","51 ","E.J. ARGUINZONES (51,5)(B.BLANCA) ","EACHWAY ","A. SANCHEZ c. ","15 ","[3,3,3,4] ",
