"N° ","CABALLO ","","EDAD ","PESO ","JINETE ","CUADRA ","PREPARADOR ","CAJÓN ","Ult. Act. ",
"1 ","GARMAR ","","2 ","58 ","J.L. BORREGO ","JAYJO ","F. PEREZ ","6 ","[3,3,9] ",
"2 ","MORDAN ","","2 ","58 ","B. FAYOS ","LABERINTO ","o. ANAYA ","5 ","[3] ",
"3 ","DON BOSCO ","","2 ","57 ","V.JANACEK ","SAYAGO ","G. ARIZKORRETA ","1 ","[10] ",
"4 ","PORTALEGRE ","","2 ","57 ","M. SECCI ","YEGUADA CORTIÑAL ","J.A. RODRIGUEZ ","4 ","[5] ",
"5 ","PERUVIAN QUEEN ","","2 ","56,5 ","J. GELABERT ","SIEMPRE FANI ","T. MARTINS ","11 ","[3,8] ",
"6 ","TERRONA ","","2 ","56,5 ","M. GOMES ","TIZIANO ","J.L. MAROTO ","9 ","[3] ",
"7 ","DEBIRA ","","2 ","55,5 ","G. MADERO ","ORTIZ GISPERT ","J.L. MAROTO ","10 ","[6] ",
"8 ","LABAREDA ","","2 ","55,5 ","I. BORREGO ","BRUNO MIGUEZ ","B. RECIO ","2 ","[8,11] ",
"9 ","NIOBE ","","2 ","55,5 ","A.J. GRATEROL ","DUQUE DE ALBURQUERQUE ","J.M. OSORIO ","8 ","[4] ",
"10 ","PEPA STAR ","","2 ","55,5 ","J.L. MARTINEZ ","LAC INTERNACIONAL ","J. LOPEZ ","3 ","[4,5,6] ",
"11 ","KASUALIDAD (FR) ","","2 ","53,5 ","N. GARCIA ","COLISA ","J.A. RODRIGUEZ ","7 ","[DEB] ",
