"N° CABALLO ","","EDAD ","KG ","JINETE ","CUADRA ","PREPARADOR ","CAJÓN ","Últ actuaciones ",
"1 BAKOEL KOFFIE (IRE) ","","7 años ","59 ","J.L.MARTINEZ ","BEREND VAN DALFSEN ","M.DELCHER S. ","6 ","[08,02,01,01,13] ",
"2 BLUEBERRY (IRE) ","","7 años ","59 ","V.JANACEK ","YEGUADA ROCIO ","G.ARIZKORRETA ","2 ","[NP,05,06,08,01] ",
"3 EL GUANCHE (FR) ","(8) ","5 años ","59 ","B.FAYOS ","TOLEDO ","A.NUÑEZ ","1 ","[02,06,02,01,10] ",
"4 FINTAS (GB) ","(8) ","5 años ","59 ","R.SOUSA ","MARQUES DE MIRAFLORES DE SAN ANTONI ","CH.DELCHER ","7 ","[07,04,01,01,02 ",
"5 PORT GRIMAUD (IRE) ","(3)(8) ","6 años ","59 ","M.MONTERISO ","SHOSHOLOZA ","M&M RACING ","4 ","[03,02,06,02,02] ",
"6 HACKNEY ROAD (GB) ","(3) ","8 años ","57.5 ","I.L.BORREGO ","DE LA HIGUERA ","F.PEREZ ","5 ","[05,06,04,06,03] ",
"7 KITTY MARION (GB) ","","5 años ","57,5 ","J.GELABERT ","FACTOR SORPRESA ","G.ARIZKORRETA ","8 ","[02,01,01,01,04] ",
"8 UNITED STATES ","","3 años ","56 ","M.E.FERNANDEZ ","TIZIANO ","I.L.MAROTO ","3 ","[02,02,01,04,05] ",
