"N° CABALLO ","","EDAD ","KG ","JINETE ","CUADRA ","PREPARADOR ","CAJÓN ","Últ. actuaciones' ",
"1 ST PETERS BASILICA (IRE) ","(4)(8) ","5 años ","62 ","B.FAYOS ","ENRIQUE FERNANDEZ DE VEGA ","|.LOPEZ ","5 ","[08,09,01,02,02] ",
"2 ALPIN KING (IRE) ","(8) ","4 años ","62 ","SARABIA,D. ","RIO CUBAS ","0.ANAYA ","4 ","[02,01,05,04,06] ",
"3 GLORIOUS CAESAR (GB) ","","4 años ","61,5 ","N.SACCU (58,5) ","DELTA ","M.A.MARIN ","3 ","[10,06,08,04,01] ",
"4 ORBAYO (IRE) ","(8) ","5 años ","61 ","M.E.FERNANDEZ ","LAS AGUILAS ","A.CARRASCO ","2 ","[06,07,06,03,05] ",
"5 TONDERO (FR) ","(5) ","4 años ","59,5 ","L.FONSECA (57) ","SIEMPRE FANI ","T.MARTINS ","6 ","[11,01,03,02,04 ",
"6 LIO (GER) ","","4 años ","59,5 ","J.M.TORO ","CELSO MENDEZ ","M.ALVAREZ ","1 ","[09,03,02,12] ",
