"N° CABALLO ","","EDAD ","KG ","JINETE ","CUADRA ","PREPARADOR ","CAJÓN ","Últ. actuaciones* ",
"1 VIRREY (GB)(18000) ","(3) ","5 años ","62 ","V.JANACEK ","YEGUADA ROCIO ","G.ARIZKORRETA ","1 ","[08,05,03,03,04] ",
"2 DIMAX (IRE)(15000) ","","4 años ","60,5 ","L.FONSECA (57,5) ","ZEZINHO ","J.C.CERQUEIRA ","7 ","[04,01,03,07,04] ",
"3 IRON DUKE (GER)(15000) ","(8) ","5 años ","60,5 ","M.E.FERNANDEZ ","MALLOW GRAN CANARIA ","O.ANAYA ","3 ","[09,03,07,03,11] ",
"4 BARBARIGO (IRE)(1 1000) ","","7 años ","59 ","R.RAMOS ","AGRADO ","E.BUZON ","4 ","[08,02,05,03,08 ",
"5 IMPRESSIONANT (USA)(11000) ","(8) ","6 años ","59 ","B.FAYOS ","AIRES DE DOÑANA ","G.RODRIGUEZ ","8 ","[03,11,12,09,09] ",
"6 LEADER'S LEGACY (USA)(11000) ","","7 años ","59 ","C.HAZEN (54) ","MARQUES DE MIRAFLORES DE SAN ANTONI ","CH.DELCHER ","6 ","[08,06,09,12,NP] ",
"7 VA'ZY BARELIERE (FR) (15000) ","(8) ","6 años ","59 ","J.L.BORREGO ","ABOIN & ROPERO ","A.CARRASCO ","9 ","[13,10,07,11,01] ",
"8 ROSY MOON (FR)(11000) ","(8) ","4 años ","57,5 ","J.GELABERT ","ECURIE DES MOUETTES ","R.MARTIN V. ","2 ","[04,08,11,02,01] ",
"9 MADIDINA (FR)(15000) ","(8) ","3 años ","54,5 ","R.SOUSA (G.Azul) ","ECURIE DES MOUETTES ","R.MARTIN V. ","5 ","[10,02,02,01,01] ",
