"N° CABALLO ","","EDAD ","KG ","JINETE ","CUADRA ","PREPARADOR ","CAJÓN ","Últ. actuaciones ",
"1 ABU ","(8) ","4 años ","61 ","J.GELABERT ","SANTA BARBARA ","I.M.OSORIO ","5 ","[04,10,01,01,01] ",
"2 ATTY PERSSE (IRE) ","(8) ","7 años ","61 ","R.SOUSA ","MARQUES DE MIRAFLORES DE SAN ANTONI ","CH.DELCHER ","3 ","[08,06,06,02,01) ",
"3 FURIOSO ","","5 años ","61 ","V.JANACDEK ","YEGUADA ROCIO ","G.ARIZKORRETA ","7 ","[03,08,01,05,03] ",
"4 ARENAL (IRE) ","(3) ","5 años ","60 ","J.L.BORREGO ","FEROZ ","P.OLAVE ","8 ","[02,09,01,03,03] ",
"5 CITY MASTER (GB) ","","5 años ","60 ","L.FONSECA ","BERNIE ","J.C.CERQUEIRA ","6 ","[02,06,09,07,01 ",
"6 FINELY TUNED (IRE) ","","4 años ","60 ","B.FAYOS ","ENRIQUE FERNANDEZ DE VEGA ","J.LOPEZ ","2 ","[01,03,02,05,05 ",
"7 KHASTAN ","","4 años ","60 ","J.L.MARTINEZ ","SAN MARCOS ","F.PEREZ ","9 ","[ Debutante ] ",
"8 KOSCIUSZKO (IRE) ","","5 años ","60 ","R.RAMOS ","MEDREAL ","G.ARIZKORRETA ","4 ","[01,NP,03,01,01] ",
"9 RUSHDY (IRE) ","(3) ","4 años ","60 ","N.SANTOS ","PEDRA BELA ","D.SOUSA ","1 ","[06,02,03,03,10] ",
