"N° CABALLO ","","EDAD ","KG ","JINETE ","CUADRA ","PREPARADOR ","CAJÓN ","Últ. actuaciones* ",
"1 ADAAYLIGHT DANCER (IRE) ","","3 años ","58,5 ","V.JANACEK ","MAD MEN ","G.ARIZKORRETA ","2 ","[02,01] ",
"2 MADIDINA (FR) ","(8) ","3 años ","58,5 ","B.FAYOS ","ECURIE DES MOUETTES ","R.MARTIN V. ","1 ","[01,01,05,02,01] ",
"3 MARIANCE (GB) ","","3 años ","57,5 ","M.E.FERNANDEZ ","REZA PAZOOKI ","O.ANAYA ","6 ","[07,01,11,06,03] ",
"4 SPORT DREAM (FR) ","(8) ","años ","57,5 ","R.SOUSA ","MARQUES DE MIRAFLORES DE SAN AN ","CH.DELCHER ","5 ","[02,03,04,01,08 ",
"5 BODAK YELLOW (IRE) ","(3)(4) ","3 años ","56 ","R.RAMOS ","BERNIE ","A.CARRASCO ","3 ","[NP,09,07,08,02] ",
"6 LORLEAU (FR) ","","3 años ","54,5 ","N.VALLE ","HABIT ","C.FERNANDEZ ","4 ","I Debutante ] ",
