"N° CABALLO ","","EDAD ","KG ","JINETE ","CUADRA ","PREPARADOR ","CAJÓN ","Últ.actuaciones* ",
"1 EL GUANCHE (FR) ","(8) ","5 años ","62 ","B.FAYOS ","TOLEDO ","A.NUÑEZ ","1 ","[01,08,01,07,01] ",
"2 IRON DUKE (GER) ","(8) ","Saños ","62 ","M.E.FERNANDEZ ","MALLOW GRAN CANARIA ","O.ANAYA ","3 ","[03,01,07,05,07 ",
"3 BLUEBERRY (IRE) ","","años ","60 ","V.JANACEK ","YEGUADA ROCIO ","G.ARIZKORRETA ","7 ","[06,08,01,02,05] ",
"4 VIRREY (GB) ","(3) ","años ","60 ","J.L.MARTINEZ (G.Verde) ","YEGUADA ROCIO ","G.ARIZKORRETA ","4 ","[03,04,03,01,01] ",
"5 PORT GRIMAUD (IRE) ","(3)(8) ","años ","59 ","I.MELGAREJO ","SHOSHOLOZA ","M&M RACING ","6 ","[02,02,02,02,02] ",
"6 KITTY MARION (GB) ","","Saños ","58,5 ","J.GELABERT ","EL FACTOR SORPRESA ","G.ARIZKORRETA ","2 ","[01,01,04,03,05] ",
"7 HACKNEY ROAD (GB) ","(3) ","8años ","57,5 ","J.L.BORREGO ","DE LA HIGUERA ","F.PEREZ ","5 ","[06,03,03,07,02] ",
