"N° CABALLO ","","EDAD ","KG ","JINETE ","CUADRA ","PREPARADOR ","CAJÓN ","Últ. actuaciones* ",
"1 TIHANNA (IRE) (a) ","","años ","62 ","M LHRUBOSOVA (58,5) ","ANTHONY DENNIS FORDE ",".RODRIGUEZ ","12 ","[11,01,04,02,07] ",
"2 SIR IKER (FR) ","","años ","62 ","N.SACCU (59) ","PEQUES ","G.ARIZKORRETA ","6 ","[NP,02,01,03,05] ",
"3 IMPRESSIONANT (USA) ","(8) ","años ","61,5 ","J.GROSJEAN ","AIRES DE DOÑANA ","G.RODRIGUEZ ","3 ","[09,09,01,11,05] ",
"4 BABA KARAM ","(3)(8) ","4 años ","61 ","R.SOUSA ","REZA PAZOOKI ","0.ANAYA ","11 ","[09,03,01,07,02 ",
"5 RUGBY INDUS (FR) ","(5) ","4 años ","60 ","J.GELABERT ","COCHETEUX ","F.RODRIGUEZ ","10 ","[03,01,01,03,02 ",
"6 BRIAREO (IRE) (a) ","(8) ","4 años ","59,5 ","J.L.BORREGO ","MIRINDA RACING ","M.A.MARIN ","1 ","[01,02,06,05,08] ",
"7 GORMAZ ","(3)(4) ","años ","57 ","V.JANACEK ","L'ETOILE ","G.ARIZKORRETA ","4 ","[04,02,04,03,01] ",
"8 BAADIRR (GB) ","(8) ","años ","56,5 ","B.FAYOS ","ENRIQUE FERNANDEZ DE VEGA ","J.LOPEZ ","7 ","[08,08,02,07,04] ",
"9 NADER ","(8) ","años ","55 ","M.E.FERNANDEZ (G.Roja) ","REZA PAZOOKI ","0.ANAYA ","2 ","[04,06,06,03,01] ",
"10 CITY MASTER (GB) ","","años ","54,5 ","N.VALLE ","BERNIE ","J.C.CERQUEIRA ","9 ","[07,01,02,03,03) ",
"11 ZUBIETA ","","años ","54 ","J.L.MARTINEZ ","CARAL ","I.L.MAROTO ","5 ","[10,09,09,01] ",
"12 TRUJILLO (FR) ","","años ","53,5 ","I.MELGAREJO (54) ","SALVADOR MARQUEZ ","E.BUZON ","8 ","[02,02,08,08,09] ",
