"N° CABALLO ","","EDAD ","KG ","JINETE ","CUADRA ","PREPARADOR ","CAJÓN ","Últ. actuaciones ",
"1 AINE ","","3 años ","57 ","I.L.BORREGO ","IIMENEZ ","J.JIMENEZ ","4 ","[03] ",
"2 FARZANEH (FR) ","","3 años ","57 ","V.JANACEK ","NIJINSKY ","G.ARIZKORRETA ","5 ","[02,03,09] ",
"3 KALAHARI (FR) (a) ","(3) ","3 años ","57 ","I.MELGAREJO ","SEVILLA ","A.SOTO ","8 ","[02,02,05,11] ",
"4 MY BABY BLUE (GB) ","","3 años ","57 ","R.SOUSA ","AQUA RACING ","CH.DELCHER ","7 ","[04] ",
"5 OUREA ","","3 años ","57 ","N.VALLE ","DUQUE DE ALBURQUERQUE ","I.M.OSORIO ","1 ","[05,05] ",
"6 PERALTA (IRE) ","","3 años ","57 ","J.GROSJEAN ","QUINTO REAL ","J.M.OSORIO ","9 ","[07] ",
"7 SOGALINDA ","","3 años ","57 ","SRTA. BUESA,C (55,5) ","ZUL ","J.C.CERQUEIRA ","2 ","[04,04,07,05] ",
"8 TRASTAMARA (IRE) ","","3 años ","57 ","B.FAYOS ","ELAMA ","I.L.MAROTO ","10 ","[06] ",
"9 URUMEA (IRE) ","","3 años ","57 ","J.GELABERT ","YEGUADA AGF ","G.ARIZKORRETA ","3 ","[09] ",
"10 NEWELLIAN ","","3 años ","55,5 ","M.E.FERNANDEZ ","NAVARRAMIRO ","E.BUZON ","6 ","I Debutante ] ",
