"N° CABALLO ","","EDAD ","KG ","JINETE ","CUADRA ","PREPARADOR ","CAJÓN ","Últ.actuaciones* ",
"1 ATTY PERSSE (IRE) ","","7 años ","58 ","R.SOUSA ","MARQUES DE MIRAFLORES DE SAN AN ","CH.DELCHER ","2 ","[07,02,01,02,06] ",
"2 EMINENCE (IRE) ","(4) ","años ","57 ","V.JANACEK ","YEGUADA ROCIO ","G.ARIZKORRETA ","4 ","[03,07,03,02,13] ",
"3 MERISI (USA) ","","años ","57 ","N.VALLE ","RIO CUBAS ","O.ANAYA ","3 ","[01,01,01,03,01] ",
"4 ORIENTAL (JPN) ","(2)(8) ","7 años ","57 ","B.FAYOS ","CAMPO REAL ","A.SOTO ","7 ","[03,14,NP,01,01] ",
"5 SALLAB (IRE) ","(2) ","6años ","57 ","M.E.FERNANDEZ ","CARTAGENA DE INDIAS ","O.ANAYA ","8 ","[02,04,09,03,02] ",
"6 STAR OF BENGAL (GB) ","","6años ","57 ","I.MELGAREJO ","SALVADOR MARQUEZ ","E.BUZON ","1 ","[03,09,05,08,01] ",
"7 TAZONES ","","años ","57 ","I.M.RARTINEZ (G.Verde) ","YEGUADA ROCIO ","G.ARIZKORRETA ","5 ","[02,02,11,04,02] ",
"8 ANDIA (GB) ","(4) ","años ","55,5 ","J.GROSJEAN ","QUINTO REAL ",".M.OSORIO ","6 ","[06,01,NP,01,NP] ",
