"N° CABLILO ","","EDAD ","KG ","","CUADRA ","PREPARADOR ","CAIÓN ","UX ",
"1 ASTRAL ","","2 atos ","Sé ","V.JANACEK ","ATERPE ","GARIZKORRETA ","5 ","[04] ",
"2 HAYEDO (GER) ","","2 años ","56 ","I.L.BORREGO ","BERING ","P.OLAVE ","2 ","[ Debutante ] ",
"3 KASPAR (FR) ","","2 años ","56 ","IMELGAREJO ","SALVADOR MARQUEZ ","EBUZON ","1 ","[04,02] ",
"4 SPEEDFUL (GB) ","","2 años ","56 ","F.JIMENEZ ","NEGURI ","I. ENNOUNI ","4 ","(08,04,05,03,04) ",
"5 TALINI (IRE) ","(5) ","2 años ","54.5 ","M.E.FERNANDEZ ","TOLEDO ","A.NUÑEZ ","3 ","[07] ",
