"N° CARALLO ","","FINAD ","MG ","JINETE ","CHARRA ","PAEPARADOR ","CADÓN ","us ",
"1 EINAR (IRE)[15.000) ","(5) ","4 alos ","60,5 ","M.MONCEAUX (55,5) ","BERNIE ","LOPEZ ","4 ","[03,01,08,05,NP ",
"2 ANGEL DOWN (GB)(7.000) ","","6 alos ","57,5 ","M.HRUBOSOVA (52,5) ","ALDARA ","GARIZKORRETA ","1 ","(05,02,06,05,09) ",
"3 METHAIF (GB)(7.000) ","","s allos ","57,5 ","(54,5) ","ZEBRA ","NAM RACING ","9 ","(09,03,02,02,NP) ",
"4 ","","5 atos ","57.5 ","NSACCU (54) ","YEGUADA AGF ","","13 ","[11,01,04,09,NP) ",
"5 SOCRATES (GB) ((7.000) ","","6 atos ","57.5 ","F.MARTINEZ ","CANARIAS ","ICCERQUEIRA ","7 ","[09,04,NP,08,03] ",
"6 APRADA (IRE)(7.000) ","","4 años ","56 ","LRAMOS ","ELEVAGE LA REVERDITE ","T.MARTINS ","6 ","(07,04,02,04,07) ",
"7 FAVEUR GRINE (GB)[11.000) ","","3 años ","56 ","I.MELGAREJO (54,5) ","EL VERDUGAL ","ASOTO ","14 ","[01,05,NP,08.05] ",
"8 GRACE'S SECRET (GB) [7.000) ","","5 años ","56 ","F.JIMENEZ ","LA HORA DEL TURF ","JARODRIGUEZ ","5 ","(05,04,05,03,08) ",
"9 NYALA (GB)(7.000) ","(3)(4) ","5 años ","56 ","N.DE JULIAN ","BOLAK ","NAM RACING ","2 ","",
"10 TRECE (IRE)(7.000) ","","4 alos ","56 ","I.L.BORREGO ","BELEN ","J.HORCAJADA ","12 ","(05,06,02,02,03) ",
"11 ENTREE MARITIME (FR)(7.000) ","","3 allos ","54,5 ","CALOAIZA(52) ","CAMPO REAL ","B.RAMA ","11 ","12.05.05.08,09 ",
"12 LADY TRINITY (FR)[7.000) ","","3 atos ","54.5 ","EI.ARGUINZONES( (53,5) ","MARQUES DE MIRAFLORES DE SAN ANTONIO ","CH.DELCHER ","3 ","(06,09,06,04,02) ",
"13 SURPRIZE(7.000) ","","3 alos ","54.5 ","AMARTINEZ [50,5) ","ENRIQUE LEON ","ELEON ","10 ","[10] ",
"14 VAMOS MUCHACHA (IRE)(7.000) ","","3 allos ","54,5 ","D.FERREIRA (53,5) ","SOGNADOR RACING TEAM ","M&M RACING ","8 ","[11,07] ",
