"N° CARALLO ","","FINAD ","KG ","JIVETE ","CHAINA ","PREPARADOR ","CAIÓN ","UR ",
"1 CIRIACO ","(3) ","10 alos ","63,5 ","SR GREDILLA.P. ","RIO AULENCIA ","GARIZKORRETA ","6 ","(02,04,05,04,02) ",
"2 IRENE ","(5) ","3 alos ","62,5 ","SRTA MARTINEZ,I. (61) ","MEDTTERRANEO ","GARIZKORRETA ","3 ","[03,01,02,03,NPJ ",
"3 NICE TO MEET YOU (ITY) ","(3) ","6 alos ","60 ","SR TELUNIL ","IACOPO TELLINI ","MAM RACING ","4 ","",
"4 SATINE ROUGE (IRE) ","","6 años ","60 ","SRTA BUESA.C. (58,5) ","ILPADRINO ","LOPEZ ","2 ","[05,11,05,02,06) ",
"5 AS DE OROS (FR) ","(5) ","3 años ","59 ","SR SARABIA,D, ","YEPES MONTANCHEZ ","LARODRIGUEZ ","7 ","[01,03,03,03,05] ",
"6 RUN RUN ","(5) ","5 años ","57 ","SRTA GIAVARINIS (54,5) ","MAGICA ","NAM RACING ","1 ","(04,07,03,01,01) ",
"7 BOTING BARELIERE (FR) ","(4)(5) ","3 atos ","57 ","SRTA ALONSO V.V. (54,5) ","EACHWAY ","LARODRIGUEZ ","5 ","(07,13,12,06,15) ",
