"CARALLO ","","","","JINETE ","CHAPRA ","PREPARADER ","CAIÓN ","",
"1 KUVASZ (FR) ","","7 años ","65 ","SRTA GIAVARINI,S (64) ","SIAN KA'AN ","O.ANAYA ","6 ","[02,05,02,04,02] ",
"2 GORMAZ ","(3)(4) ","4 allos ","64,5 ","SRTA MARTINEZ,L ","L'ETOILE ","","5 ","[03,04,02,12,05 ",
"3 MR HOBBS (GB) ","(3) ","6 alos ","64 ","SRTA SOURBE,H ","AJEDREZ RACING ","B.RAMA ","4 ","(02,03,07,06,10) ",
"4 QUICK ARTIST (IRE) ","","6 allos ","62.5 ","SRTA ALONSO V.V. (61,5) ","EACHWAY ","ASANCHEZ c. ","1 ","(05,02,03,01,04) ",
"5 ABSOLUT ","(6) ","4 alos ","62 ","SRTA BUESAC ","JACAL ","A.TSERETELI ","3 ","[12,06,02,04,04) ",
"6 ZEEBULLET (IRE) ","","5 allos ","57 ","SRTA LOPEZDA ","DIECISEIS ","","2 ","[03,05,06,02,02] ",
