"CABALLO ","","EDAD ","","JINITE ","CUADRA ","PREPARADOR ","CAIÓN ","",
"TROVATORE (IRE) ","","3 años ","60 ","V.JANACEK ","YEGUADA AGF ","GARIZKORRETA ","4 ","[03,04,01,11,02) ",
"TRUJILLO (FR) ","","3 años ","sa ","I.MELGAREJO (56,5) ","SALVADOR MARQUEZ ","E.BUZON ","5 ","[09,NP,07,01] ",
"NAYADE (GB) ","","3 años ","57,5 ","I.L.BORREGO ","ALDOVEA ","P.OLAVE ","1 ","(NP,04,02,03,05) ",
"APUJAMI ","","3 años ","56 ","R.FAYOS ","BALCON DE TELDE ","F.PEREZ ","2 ","[03,08,02,07,05] ",
"ELMIRA ","","3 años ","53 ","E.J.ARGUINZONES (53,5) ","4C ","JARODRIGUEZ ","6 ","(02,07,08,05,03) ",
"TALES (GE) (a) ","","3 allos ","53 ","|GELABERT ","DUQUE DE ALBURQUERQUE ","I.M.OSORIO ","3 ","[NP,06,01,08] ",
"MONTENEGRAL ","(3) ","3 alos ","52 ","M.EFERNANDEZ ","BECARES ","EBUZON ","7 ","",
"ARETHA ","(5) ","3 allos ","51,5 ","M.MONCEAUIX(47) ","ARTEMIS ","LOPEZ ","8 ","(06,06,09,17,11) ",
"NEFILO (FR) ","","3 atos ","51 ","M.HRUBOSOVA(49) ","RAPIER ","B.VALENTI ","10 ","(07,07,04,05,07) ",
"MARAVEDI (IRE) ","","3 alos ","51 ","F.MARTINEZ (51,5) ","ODISEA ","A.CARRASCO ","9 ","[10,04,10,10] ",
