"","1' Carrera PREMIO ","CRÍA ","NACIONAL ","","(M.M.A.M.R.M.) ","9.000 Euros a repartir ","1.600 metros Hora: 12:15 h. ","",
"N° ","CABALLO ","","PESO ","EDAD ","JINETE ","CUADRA ","PREPARADOR ","CAJÓN ",
"1 ","GNOMO ","5 ","56 ","2 ","B. FAYOS ","DOMI ","J.A. RODRÍGUEZ ","2 ",
"2 ","BAMBOLA ","","54,5 ","2 ","F. JIMÉNEZ (55) ","CALEJAÑA ","J. C. FERNÁNDEZ ","6 ",
"3 ","VALLARTA ","3 ","54,5 ","2 ","J.L. MARTÍNEZ ","COSTA LA VALL ","B. J. RECIO ","8 ",
"4 ","VEREDA ","","54,5 ","2 ","O.O. URBINA ","ASTURLEÑA ","J. L. MAROTO ","5 ",
"5 ","EL VIRGINIANO ","5 ","54 ","2 ","V. JANACEK (55) ","ENALTO ","R. LÓPEZ ","7 ",
"6 ","GERGES ","5 ","54 ","2 ","D. DELGADO (55,5) ","SANTIAGUESA ","J. A. RODRÍGUEZ ","1 ",
"7 ","GUSTEI ","","54 ","2 ","J.L. BORREGO (55) ","J. CUNHA ","C. GALLIPOLI ","9 ",
"8 ","CAFFE LATTE ","5 ","52,5 ","2 ","A. GOMEZ ","YEGUADA CORTIÑAL ","B. J. RECIO ","4 ",
"9 ","ORLIKA ","","52,5 ","2 ","M. SECCI ","LAS AGUILAS ","G. VILLARTA ","3 ",
