"N° ","CABALLO ","","PESO ","EDAD ","JINETE ","CUADRA ","PREPARADOR ","CAJÓN ",
"1 ","MEDICI PALACE (GB) ","","64 ","4 ","SR. MARTÍN A., R. (62) ","H. V. ","J. L. MAROTO ","5 ",
"2 ","RUBENS ","","61 ","6 ","J.L. MARTÍNEZ ","YEGUADA CORTIÑAL ","E. LEÓN ","4 ",
"3 ","TURRIALBA ","","61 ","4 ","I. LÓPEZ ","INSTAGONZA ","O. ANAYA ","2 ",
"4 ","PRECIADOS (IRE) ","","60 ","5 ","J.L. BORREGO ","RETIRO ","M. ÁLVAREZ ","9 ",
"5 ","SINGAPORE GUY (FR) ","5 ","60 ","5 ","F. JIMÉNEZ ","CELSO MENDEZ ","E. GALLARDO ","6 ",
"6 ","MONSAGRO ","5 ","59 ","4 ","J.E. JARCOVSKY ","LA GITANA ","J. HIDALGO ","8 ",
"7 ","NOVA FLAG (FR) ","2-5 ","57,5 ","3 ","V. JANACEK ","ROMALU ","B. J. RECIO ","12 ",
"8 ","OPUS ","","57,5 ","3 ","R. RAMOS (B. BLANCA) ","ROMALU ","B. J. RECIO ","1 ",
"9 ","BIPOLAR ","3 ","56,5 ","3 ","M. GOMES ","STAND VITORIA ","L. A. OLIVEIRA ","10 ",
"10 ","PEACH BLOOM (GB) ","","56,5 ","3 ","O.O. URBINA ","LA TOLEDANA ","J. L. MAROTO ","3 ",
"11 ","CHIRIVITO ","","55,5 ","3 ","A. GÓMEZ (53,5) ","UNIVERSAL MERCHAN ","J. LÓPEZ ","11 ",
"12 ","ESQUIO ","3 ","55 ","4 ","B. FAYOS ","PEREIRA SAT ","J. C. LOPERA ","7 ",
"","5 Carrera PREMIO ","CAJASOL ","BANCA ","CÍVICA ","(CATEGORÍA C) ","11.900 Euros a repartir 1.400 ","metros Hora: 14:40 h. ","",
"","CABALLO ","","PESO ","EDAD ","","CUADRA ","PREPARADOR ","CAJÓN ",
"1 ","CAMURAY ","","62 ","5 ","J.L. MARTÍNEZ ","YEGUADA CORTIÑAL ","E. LEÓN ","8 ",
"2 ","LAAZEM (IRE) ","5 ","60 ","4 ","I. LÓPEZ ","HERMANOS GARCIA Y VEGA ","o. ANAYA ","1 ",
"3 ","DUNEDAIN (GB) ","","58 ","3 ","B. FAYOS ","MIRANDA ","M. DELCHER. S ","3 ",
"4 ","BRAVE PROSPECTOR (GB) ","","57 ","6 ","J. CROCQUEVIEILLE ","C.D.H. LOS ASPIRANTES-DOS TUMBOS ","T. CALLEJO ","5 ",
"5 ","GOLFO PERSICO (IRE) ","","57 ","3 ","V. JANACEK ","ASOC. TONELES-PAZOOKI ","F. RODRÍGUEZ ","2 ",
"6 ","LINCE (GB) ","","57 ","4 ","J. GROSJEAN ","SAFSAF ","F. RODRÍGUEZ ","6 ",
"7 ","MAKAAMEN (GB) ","","57 ","5 ","J.C. CERQUEIRA ","TEODORO CALLEJO ","T. CALLEJO ","9 ",
"8 ","DON PABLOS (IRE) ","","56 ","3 ","J.L. BORREGO ","CIELO DE MADRID ","o. RODRÍGUEZ ","10 ",
"9 ","EAGLE CANYON (IRE) ","3 ","56 ","3 ","D. DELGADO ","TINERFE ","J. CALDERÓN ","4 ",
"10 ","SIDESIDE ","","56 ","6 ","O.O. URBINA ","DONDE VAMOS ","F. RODRÍGUEZ ","7 ",
