"N° ","CABALLO ","","PESO ","EDAD ","JINETE ","CUADRA ","PREPARADOR ","CAJÓN ",
"1 ","PERSICUS (GB) ","","62 ","5 ","F. JIMENEZ ","HISPANICA ","J. C. FERNÁNDEZ ","3 ",
"2 ","GOMINOLA (IRE) ","4 ","61,5 ","3 ","J.L. MARTÍNEZ ","CANTER ","J. L. MARTÍNEZ ","6 ",
"3 ","MALKOVA (FR) ","5 ","61,5 ","3 ","J. GROSJEAN ","YUDAKOVA ","J. A. RODRÍGUEZ ","12 ",
"4 ","GALUA (IRE) ","","61 ","6 ","O.O. URBINA ","TURF LA GARE ","R. LÓPEZ ","15 ",
"5 ","FANDIÑO ","","60,5 ","3 ","V. JANACEK ","CACHARELA ","J.A. RODRÍGUEZ ","1 ",
"6 ","MYLORD ","","60,5 ","3 ","SRTA. GELABERT, L. (58,5) ","GAMMEL ","E. LEÓN ","11 ",
"7 ","OTTAWA ","","60 ","4 ","R. RAMOS ","YEGUADA CORTIÑAL ","B. J. RECIO ","13 ",
"8 ","ALFRED ","","59 ","5 ","A. GÓMEZ (57) ","CIELO DE MADRID ","O. RODRÍGUEZ ","2 ",
"9 ","LISSELAN PHAROAH (USA) ","","59 ","4 ","S. MARTÍN ","LISSELAN FARMS ","A. ACOSTA ","7 ",
"10 ","LODOSA ","","56,5 ","3 ","J. CROCQUEVIEILLE (B. ROJA) ","CIELO DE MADRID ","o. RODRÍGUEZ ","14 ",
"11 ","COVELO ","5 ","55 ","6 ","B. FAYOS ","PEREIRA SAT ","J. C. LOPERA ","5 ",
"12 ","MEARI (ARG) ","","54 ","4 ","C. CAZALIS ","MI VIEJITA ","J.C. FERNÁNDEZ ","8 ",
"13 ","PATRICIO (GB) ","","53 ","4 ","J.L. BORREGO (55) ","J. CUNHA ","C. GALLIPOLI ","9 ",
"14 ","GOT TO ME (FR) ","3 ","51 ","6 ","M. GOMES (52) ","STAND VITORIA ","L. A. OLIVEIRA ","4 ",
"15 ","SHARP EYE ","","50 ","3 ","M. SECCI (51,5) ","LAS AGUILAS ","G. VILLARTA ","10 ",
