"N° ","CABALLO ","","PESO ","EDAD ","JINETE ","CUADRA ","PREPARADOR ","CAJÓN ",
"1 ","MAKALALI (GB) ","","58 ","2 ","I. LÓPEZ ","MARTEL SANCHEZ ","O. ANAYA ","5 ",
"2 ","ESGUES ","","57 ","2 ","B. FAYOS ","LA SUECA ","J. C. LOPERA ","10 ",
"3 ","KIUMARS (IRE) ","","57 ","2 ","V. JANACEK ","REZA PAZOOKI ","F. RODRÍGUEZ ","2 ",
"4 ","DANIEL BOONE ","","56 ","2 ","D. DELGADO ","YEGUADA CORTIÑAL ","J. A. RODRÍGUEZ ","3 ",
"5 ","L'ACERONE (ITY) ","","56 ","2 ","J. CROCQUEVIEILLE ","SAN JOSE ","M. J. PÉREZ ","6 ",
"6 ","LUCCIOLE LOL (FR) ","","55,5 ","2 ","J.L. BORREGO ","CIELO DE MADRID ","O. RODRÍGUEZ ","1 ",
"7 ","MORNING MUSE (IRE) ","","54,5 ","2 ","J.L. MARTÍNEZ ","NORTENHA ","T. MARTINS ","4 ",
"8 ","MY FEAR LADY ","","54,5 ","2 ","M. SECCI ","LAS AGUILAS ","G. VILLARTA ","8 ",
"9 ","SPORTSIDE (IRE) ","","54,5 ","2 ","J. GROSJEAN ","SAFSAF ","M. DELCHER. S ","9 ",
"10 ","VELEZA ","","54,5 ","2 ","A. GÓMEZ (B. BLANCA) ","SAN JOSE ","J. A. RODRÍGUEZ ","7 ",
