"CABALLO ","","EDAD ","KG ","JINETE ","CUADRA ","PREPARADOR ","CAJÓN ","Ult.Actuse. ",
"","","","58 ","B.FAYOS ","NOSSA SRA, DO VALE ","H.PEREIRA ","2 ","3,9,6,4,2 ",
"","","","57.5 ","J.GROSJEAN ","C.KOTARRO ","RAVIAL ","6 ","0.4.0.7,8 ",
"","","","57 ","J.GELABERT ","C.CALEJAÑA ","A.REMOLINA ","5 ","2,4,5,6 ",
"","","","57 ","V.M.VALENZUELA (55,5) ","C.MILD WEST ","J.CALDERON ","7 ","o ",
"DE STAR(POR) ","","3 ","57 ","L.FONSECA (54) ","C.EQUIMANOS STAR ","JOLIVEIRA ","9 ","Deb. ",
"","","","55,5 ","R.SOUSA ","C.LUCHANA ","O.ANAYA ","1 ","4,6 ",
"","","3 ","55,5 ","V.JANACEK ","C.BEST HORSE ","G.VAZ ","3 ","6,3,4,6 ",
"","","","55,5 ","LE.FERNANDEZ ","C.TWSA ","R.AON ","4 ","Deb. ",
"","","3 ","55,5 ","M.MONCEAUX (50,5) ","Y.MILITAR ","F.INAN ","8 ","5,0,8,7,8 ",
