"KG ","JINETE ","CUADRA ","PREPARADOR ","CAJÓN ","Ult.Actuae. ",
"62 ","B.FAYOS ","C.OS COISAS DOCES ","H.PEREIRA ","8 ","3.4.0.0.8 ",
"62 ","J.GROSJEAN ","C.ROBER ","RAVIAL ","6 ","8,8,0 ",
"61.5 ","N.DE JULIAN ","C.GRAN ELENCO ","J.C.ROSELL ","5 ","1,5,8,8,7 ",
"61 ","V.M.VALENZUELA (59,5) ","MAIA LIDADOR ","JOLIVEIRA ","2 ","8.5.8.0.7 ",
"58,5 ","R.SOUSA ","C.A GRANXA ","H.PEREIRA ","1 ","0.0.0.7,9 ",
"56 ","SRTA.MARTINEZ L. (54) ","C.EL SABLE ","E.PUENTE ","4 ","5,0,9,9,0 ",
"53,5 ","MONCEAUX (49)(G.roja) ","C.EL SABLE ","E.PUENTE ","7 ","2.4.0.6.2 ",
"51 ","A.SANCHEZ M. (52) ","C.LAGUNILLA ","A.SANCHEZ M. ","3 ","0.9.8.0.7 ",
