"N° ","CABALLO ","","EDAD ","KG ","JINETE ","CUADRA ","PREPARADOR ","CAJÓN ","Ult.Actuac. ",
"1 ","FORCE CAT(FR) ","","2 ","58,5 ","B.FAYOS ","C.NANINA ","J.CALDERON ","3 ","1 ",
"2 ","MARCHELO(IRE) ","","2 ","55.5 ","J.GROSJEAN ","C.BERNARDO ","RAVIAL ","2 ","Deb. ",
"3 ","NEW ADELE(FR) ","","2 ","55.5 ","J.GELABERT ","C.JAYJO ","G.MADERO ","1 ","Deb. ",
"4 ","SERVET ","","2 ","55,5 ","M.MONCEAUX ","Y.MILITAR ","FLIÑAN ","6 ","Deb. ",
"5 ","ASTURIAS ","","2 ","54 ","V.JANACEK (55) ","Y.ROCIO ","G.ARIZKORRETA ","5 ","Deb. ",
"6 ","ISABELA(FR) ","(5) ","2 ","54 ","LLMARTINEZ ","C.MEDITERRANEO ","GARIZKORRETA ","4 ","Deb. ",
