"EDAD ","KG ","JINETE ","CUADRA ","PREPARADOR ","CAJON ","Ult.Actuac. ",
"","62 ","I.MELGAREJO (60,5) ","Y.VALIENTE ","LLOPEZ ","3 ","5,0,1,2,3 ",
"4 ","62 ","SR.SARABIA D.A. ","C.RIO CUBAS SL ","LLOPEZ ","10 ","8,1,5,2,2 ",
"","61.5 ","M.MONCEAUX (57) ","C.EL SABLE ","E.PUENTE ","9 ","8.4.2.6.0 ",
"","59,5 ","V.JANACEK ","STAND CARMO ","G.VAZ ","12 ","4,2,7,7,1 ",
"5 ","58.5 ","R.SOUSA ","C.BOLAK ","M.AUGELLI ","6 ","1,8,5,9,3 ",
"","58.5 ","LIGROSJEAN ","C.LUCARMADA ","RAVIAL ","4 ","8.4.1.2,3 ",
"4 ","56,5 ","B.FAYOS ","C.A GRANXA ","H.PEREIRA ","a ","1,6,7,7,4 ",
"5 ","56 ","N.DE JULIAN ","C.RUSSIFOREVER ","D.TEIXEIRA ","11 ","7,2,8,5,0 ",
"","55,5 ","CALOAIZA (53,5) ","C.CALEJAÑA ","D.LOPEZ F. ","2 ","4.5.8.2,3 ",
"","52,5 ","J.GELABERT (G.blanca) ","STAND CARMO ","G.VAZ ","1 ","6,4,6,3,5 ",
"5 ","52,5 ","","C.RUSSIFOREVER ","JOLIVEIRA ","5 ","9,9,0,5 ",
"","52 ","M.E.FERNANDEZ ","C.JAYJO ","MADERO ","7 ","9,2,1,4,7 ",
