"N° ","CABALLO ","","EDAD ","KG ","JINETE ","CUADRA ","PREPARADOR ","CAJÓN ","Ult.Actuse. ",
"1 ","TAZONES ","","4 ","62 ","V.JANACEK ","Y.ROCIO ","GARIZKORRETA ","2 ","8.3.3.1.1 ",
"2 ","DOCTOR OSCAR ","","6 ","60,5 ","JLMARTINEZ ","C.SAYAGO ","G.ARIZKORRETA ","4 ","2,1,1,4,2 ",
"3 ","NADER ","","7 ","60.5 ","R.SOUSA ","REZA PAZOOKI ","O.ANAYA ","1 ","3,7,5,5,8 ",
"4 ","AXIOCO ","(4) ","4 ","59 ","J.GELABERT ","DQ. DE ALBUROUERQUE ","J.M.OSORIO ","3 ","0,1,1,1,1 ",
"5 ","DUENDECILLO ","","10 ","59 ","J.GROSJEAN ","C.BOBBY ","R.AON ","5 ","8.0.5.1.2 ",
