"N° CABALLO ","","EDAD ","KG ","JINETE ","CUADRA ","PREPARADOR ","CAJÓN ","Últ. actuaciones* ",
"1 INFANT HERCULES (GB) ","","3 años ","58 ","F.MARTINEZ ","CARTAGENA DE INDIAS ","0.ANAYA ","3 ","[02,05,07,03,04] ",
"2 DREAM DE SERCAM (FR) ","","3 años ","57 ","IMELGAREJO ","SERCAM ","A.SOTO ","1 ","[05,NP] ",
"3 MAURO ","(8) ","3 años ","57 ","R.N.VALLE ","LOUGHTOWN STUD LTD. ","E.LEON ","2 ","[04] ",
"4 PEAKY BLINDERS ","(8) ","3 años ","57 ","M.E.FERNANDEZ (G.Azul) ","CARTAGENA DE INDIAS ","O.ANAYA ","5 ","[03,07,06] ",
"5 TIVOLI ","(8) ","3 años ","57 ","J.L.BORREGO ","YEGUADA CORTIÑAL ","J.HORCAJADA ","4 ","[05,08] ",
