"N° ","CABALLO ","","EDAD ","KG ","JINETE ","CUADRA ","PREPARADOR ","CAJÓN ","Últ. actuaciones* ",
"1 ","NUBE CANARIA ","","4 años ","62 ","F.MARTINEZ ","ADRIANA ","B.RAMA ","7 ","[01,NP,09,03,19] ",
"2 ","TACIO (GB)(a) ","(5)(8) ","años ","61 ","R.RAMOS ","EACHWAY ","A.SANCHEZ C ","8 ","[01,03,05,05,09] ",
"3 ","KUVASZ (FR) ","(8) ","8 años ","59,5 ","I.MELGAREJO ","SIAN KA'AN ","0.ANAYA ","4 ","[08,04,05,04,02] ",
"4 ","PARKLAND (FR) ","(5) ","4 años ","57,5 ","R.N.VALLE ","LAS ROZAS ","M.J.PEREZ ","6 ","[04,10,07,08] ",
"5 ","SURPRIZE ","","4 años ","57 ","R.SOUSA ","ENRIQUE LEON ","E.LEON ","2 ","[03,12,10] ",
"6 ","NAVABUENA (IRE) ","(3)(8) ","4 años ","57 ","M.E.FERNANDEZ ","DARIUSH KHAN ","0.ANAYA ","5 ","[09,03,12,12,02] ",
"7 ","ANFION ","(5)(8) ","4 años ","56 ","N.DE JULIAN ","CANARIAS ","M.A.MARIN ","3 ","[04,05,06,04,03] ",
"8 ","ROCKOLA ","(5)(8) ","4 años ","53 ","J.GELABERT ","ENALTO ","A.TSERETELI ","10 ","[05,07,05,11,12] ",
"9 ","SHADES OF MIST (GB) ","(8) ","6 años ","52 ","B.FAYOS (54) ","LOS NIÑOS ","J.C.CERQUEIRA ","1 ","[01,05,03,06,07] ",
"10 ","BANNABY'S DREAM ","(5) ","6 años ","51 ","M.HRUBOSOVA (49) ","LAS AGUILAS ","A.CARRASCO ","11 ","[05,10,13,12,01] ",
"11 ","DANZIG DE SAON (FR) ","(5)(8) ","4 años ","51 ","N.SANTOS (54) ","PEDRA BELA ","D.SOUSA ","9 ","[07,05,09,05,16] ",
