"N° CABALLO ","","EDAD ","KG ","JINETE ","CUADRA ","PREPARADOR ","CAJÓN ","Últ. actuaciones* ",
"1 NICE TO MEET YOU (ITY) ","(3)(8) ","7 años ","61 ","A.F.CHAVEZ (57) ","JACOPO TELLINI ","M&M RACING ","2 ","[01,04,03,03,C] ",
"2 DROVER (GB) ","(3)(8) ","6 años ","60 ","J.GELABERT ","PATRIZIA ROSSANA TESTA ","M&M RACING ","3 ","[04,01,03,04,06] ",
"3 KOSCIUSZKO (IRE) ","","5 años ","60 ","M.HRUBOSOVA (55) ","MEDREAL ","G.ARIZKORRETA ","5 ","[01,06,06,06,01] ",
"4 WITCH HUNT (IRE) ","","4 años ","57 ","J.L.BORREGO ","EIB ","P.OLAVE ","4 ","[02,02,10] ",
"5 BAAQY (IRE) ","(8) ","4 años ","54 ","D.FERREIRA ","EACHWAY ","A.SANCHEZ C. ","1 ","[07,02,06] ",
