"N° CABALLO ","","EDAD ","KG ","JINETE ","CUADRA ","PREPARADOR ","CAJÓN ","Últ. actuaciones* ",
"1 GORMAZ ","(3)(4) ","5 años ","62 ","N.SACCU (58,5) ","L'ETOILE ","G.ARIZKORRETA ","1 ","[02,04,03,01,03] ",
"2 TIERMES ","","4 años ","61 ","I.MELGAREJO ","MIRANDA ","A.SOTO ","2 ","[01,04,05,02,02 ",
"3 BIG MACK ","","4 años ","59 ","R.SOUSA ","INCITATUS RACING ","M&M RACING ","4 ","[02,06,03,01,04] ",
"4 BRIAREO (IRE) (a) ","(8) ","4 años ","58 ","J.L.BORREGO ","MIRINDA RACING ","M.A.MARIN ","3 ","[02,06,05,08,04] ",
