"N° CABALLO ","","EDAD ","KG ","JINETE ","CUADRA ","PREPARADOR ","CAJÓN ","Últ. actuaciones* ",
"1 so HI STORM (IRE) ","(8) ","5 años ","62 ","M.E.FERNANDEZ ","MEDITERRANEO ","J.C.CERQUEIRA ","2 ","[01,04,01,01,06] ",
"2 CITY GENT (GB) ","(5)(8) ","6 años ","61 ","R.SOUSA ","ALVELA ","LELARRE ","1 ","[07,09,01,02,03] ",
"3 PORT GRIMAUD (IRE) ","(3)(8) ","6 años ","60,5 ","A.F.CHAVEZ (57) ","SHOSHOLOZA ","M&M RACING ","3 ","[02,02,02,02,03] ",
"4 NEW JACK SWING (IRE) ","","años ","59 ","R.N.VALLE ","REZA PAZOOKI ","0.ANAYA ","4 ","[03,01,03,02,03 ",
"5 TRUHAN (GB) ","(5)(8) ","4 años ","55 ","B.FAYOS ","E. PEREZ GUZMAN ","I.A.RODRIGUEZ ","5 ","[02,11,03,10,04] ",
