"N° ","CABALLO ","","SEXO ","EDAD ","PESO ","JINETE ","CUADRA ","PREPARADOR ","CAJON ","Ult. Actuac. ",
"1 ","METKAIF (GB) ","","Cas ","5 ","62 ","D. FERREIRA (60,5) ","ZEBRA ","M. TELLINI ","5 ","6,8,6,5,6 ",
"2 ","PLANTER DE VALIENTE ","","c ","4 ","59,5 ","F. JIMENEZ ","YEGUADA VALIENTE ","I. LOPEZ ","3 ","4,1,1,6,8 ",
"3 ","DEFERENCE (GB) ","","Cas ","4 ","57 ","R. SOUSA ","TINERFE ","o. ANAYA ","2 ","8,5,4,3,8 ",
"4 ","FORBAIFOR ","(3) ","Cas ","6 ","56 ","B. FAYOS ","ARTEMIS ","J. LOPEZ ","4 ","1,4,7,7,2 ",
"5 ","FASHIONATA (IRE) ","(3) ","Y ","7 ","54,5 ","J. GELABERT ","PATRIZIA ROSANNA TESTA ","M. TELLINI ","1 ","3,5,7,10,14 ",
