"N° ","CABALLO ","","SEXO ","EDAD ","PESO ","JINETE ","CUADRA ","PREPARADOR ","CAJON ","Ult. Actuac. ",
"1 ","CECILIUS ","(3) ","c ","5 ","68 ","SR. PINEDA, G. ","CELSO MENDEZ ","M. ALVAREZ ","1 ","5,7,10,6,2 ",
"2 ","KIKO (GB) ","","c ","5 ","67,5 ","SR. SARABIA, D. ","RIO CUBAS ","I. LOPEZ ","7 ","9,4,6,6,1 ",
"3 ","HOT SPOT (IRE) ","(5) ","Cas ","4 ","65 ","SR. SAINZ, A. (64) ","BEST HORSE ","G. VAZ ","6 ","13,6,5,2,5 ",
"4 ","ST PETERS BASILICA (IRE) ","(5) ","Cas ","4 ","65 ","SR. LABORDE, P. ","ENRIQUE FERNANDEZ DE VEGA ","J. LOPEZ ","5 ","4,3,4,12,2 ",
"5 ","PALACE GUARD (IRE) ","","Cas ","5 ","62,5 ","SR. FARLETE, D. (63,5) ","ALEGRE ","D. FARLETE ","4 ","2,4,7,2,5 ",
"6 ","PORT GRIMAUD (IRE) ","(3) ","c ","5 ","61,5 ","SRTA. GELABERT, L ","SHOSHOLOZA ","M. TELLINI ","3 ","3,5,6,6,9 ",
"7 ","SUCH PROMISE (GB) ","(3) ","Cas ","4 ","60 ","SRTA. ALONSO, V. (58) ","A GRANXA ","H. PEREIRA ","2 ","7,7,4,13,10 ",
