"N° ","CABALLO ","","SEXO ","EDAD ","PESO ","JINETE ","CUADRA ","PREPARADOR ","CAJON ","Ult. Actuac. ",
"1 ","FARSAMAN (FR) ","(5) ","Cas ","5 ","62 ","R. SOUSA ","AGRO CARVALHO ","M. CARVALHO ","8 ","3,1,1,2,4 ",
"2 ","DELTA CRUCIS (USA) ","","Cas ","9 ","62 ","D. FERREIRA (60,5) ","LAS AGUILAS ","F. RODRIGUEZ ","7 ","3,2,5,4,4 ",
"3 ","PEÑALARA ","(5) ","Y ","4 ","60,5 ","R.N. VALLE ","ORO ","A. TSERETELI ","5 ","8,10,11,9,2 ",
"4 ","IRON ROCK (IRE) ","(2) (3) ","Cas ","5 ","59,5 ","B. FAYOS ","os COISAS DOCES ","H. PEREIRA ","9 ","10,10,8,6,6 ",
"5 ","MAXIUS ","","Cas ","4 ","58 ","J.L. MARTINEZ ","ALEGRE ","D. FARLETE ","6 ","9,10,5,10,10 ",
"6 ","POPOTA (GB) ","(2) (3) ","Y ","5 ","57,5 ","I. MELGAREJO (56) ","CELSO MENDEZ ","M. ALVAREZ ","10 ","7,5,6,3,3 ",
"7 ","MILL VALLEY (IRE) ","(5) ","Cas ","6 ","57,5 ","J. GELABERT (G. Roja) ","LAS AGUILAS ","F. RODRIGUEZ ","2 ","11,5,4,4,1 ",
"8 ","ASCANIO ","","Cas ","6 ","57 ","N. DE JULIAN ","HELISABEL ","J. SALGUERO ","3 ","1,2,2,4,3 ",
"9 ","SPINNERETT (GB) ","","Y ","5 ","52,5 ","N. GARCIA ","AIRES DE DOÑANA ","G. RODRIGUEZ ","1 ","1,3,4,6,7 ",
"10 ","MY FERLOMA (FR) ","(5) ","Y ","7 ","51 ","M. MONCEAUX (49) ","MENDES & SA COUTO ","J. OLIVEIRA ","4 ","6,6,5,7,8 ",
