"N° ","CABALLO ","","SEXO ","EDAD ","PESO ","JINETE ","CUADRA ","PREPARADOR ","CAJON ","Ult. Actuac. ",
"1 ","DOCTOR OSCAR ","","c ","6 ","57 ","B. FAYOS ","SAYAGO ","G. ARIZKORRETA ","2 ","1,1,4,2,1 ",
"2 ","LONDON CALLING ","","c ","6 ","57 ","R. SOUSA ","ENALTO ","A. TSERETELI ","4 ","2,1,8,1,4 ",
"3 ","PARSIFAL ","","c ","7 ","57 ","J. GROSJEAN ","YEGUADA AGF ","G. ARIZKORRETA ","5 ","1,7,4,5,7 ",
"4 ","TAZONES ","","c ","4 ","57 ","J.L. MARTINEZ ","YEGUADA ROCIO ","G. ARIZKORRETA ","3 ","1,1,3,P,9 ",
"5 ","KARACAS ","","Y ","4 ","55,5 ","R.N. VALLE ","ASOCIACION CIELO-ENALTO ","A. TSERETELI ","1 ","4,4,4,4,1 ",
