"N° ","CABALLO ","","SEXO ","EDAD ","PESO ","JINETE ","CUADRA ","PREPARADOR ","CAJON ","Ult. Actuac. ",
"1 ","PRODIGIOUS (FR) ","(4) (5) ","Cas ","3 ","59 ","B. FAYOS ","ECURIE DES MOUETTES ","R. MARTIN v. ","1 ","3,6,1,6 ",
"2 ","AS DE OROS (FR) ","(3) ","Cas ","3 ","55 ","F. JIMENEZ ","YEPES-MONTANCHEZ ","J.A. RODRIGUEZ ","10 ","7,12 ",
"3 ","DON PACO ","","Cas ","3 ","55 ","D. FERREIRA (54) ","LAS AGUILAS ","F. RODRIGUEZ ","9 ","7,6,9,9,8 ",
"4 ","LIO (GER) ","","c ","3 ","55 ","I. MELGAREJO ","CELSO MENDEZ ","M. ALVAREZ ","3 ","12 ",
"5 ","MALASSIAN (GB) ","","c ","3 ","55 ","R. SOUSA ","MARQUES DE MIRAFLORES DE SAN ANTONIO ","E. LEON ","7 ","5,5,13 ",
"6 ","YOZAKURA (FR) ","(3) ","C ","3 ","55 ","N. GARCIA ","AMAZING TURF ","J.A. RODRIGUEZ ","5 ","4,6,5,4 ",
"7 ","CABUERNIGA (GB) ","","Y ","3 ","53,5 ","R.N. VALLE ","BERING ","P. OLAVE ","6 ","6 ",
"8 ","ELMIRA ","","Y ","3 ","53,5 ","E.J. ARGUINZONES ","4 C ","J.A. RODRIGUEZ ","4 ","5,6,12,4,5 ",
"9 ","FROZEN ","","Y ","3 ","53,5 ","J.L. MARTINEZ (54,5) ","EL GIRALDILLO ","A. SOTO ","8 ","5,8 ",
"10 ","LA MAL AMADA ","","Y ","3 ","53,5 ","J. GELABERT ","CANTER ","E. LEON ","2 ","9 ",
"11 ","PIROGGE (FR) ","(2) ","Y ","3 ","53,5 ","N. DE JULIAN ","WILLIAM ARMITAGE ","E. LEON ","11 ","11 ",
