1_01-08-2013,1,2,3,4.0,0.0,,,,,,,,,,,,,,,
1_01-11-2015,3,0,1,2.0,,,,,,,,,,,,,,,,
1_02-11-2014,0,3,1,4.0,2.0,,,,,,,,,,,,,,,
1_02-12-2012,6,4,8,5.0,7.0,3.0,0.0,1.0,2.0,,,,,,,,,,,
1_03-07-2016,5,4,1,0.0,2.0,3.0,,,,,,,,,,,,,,
1_03-07-2020,11,5,3,1.0,10.0,0.0,7.0,12.0,2.0,8.0,4.0,6.0,13.0,9.0,,,,,,
1_03-10-2014,5,8,3,7.0,0.0,2.0,4.0,6.0,1.0,,,,,,,,,,,
1_04-05-2014,3,4,1,0.0,2.0,,,,,,,,,,,,,,,
1_04-10-2015,0,2,3,1.0,,,,,,,,,,,,,,,,
1_05-03-2017,4,5,3,1.0,6.0,0.0,2.0,,,,,,,,,,,,,
1_05-05-2016,4,1,3,2.0,0.0,,,,,,,,,,,,,,,
1_05-06-2021,5,0,2,4.0,1.0,3.0,,,,,,,,,,,,,,
1_05-07-2012,0,1,4,3.0,2.0,5.0,,,,,,,,,,,,,,
1_05-07-2020,6,2,1,11.0,0.0,8.0,3.0,4.0,5.0,7.0,10.0,9.0,,,,,,,,
1_06-08-12,3,5,4,7.0,2.0,8.0,0.0,6.0,1.0,,,,,,,,,,,
1_06-12-2015,4,3,5,2.0,1.0,0.0,,,,,,,,,,,,,,
1_07-07-2011,3,2,0,4.0,1.0,5.0,,,,,,,,,,,,,,
1_07-08-2014,2,3,1,0.0,4.0,5.0,6.0,,,,,,,,,,,,,
1_08-01-2012,1,3,4,5.0,2.0,6.0,0.0,,,,,,,,,,,,,
1_08-05-2016,3,1,6,5.0,4.0,2.0,0.0,,,,,,,,,,,,,
1_08-06-2014,1,3,2,4.0,0.0,,,,,,,,,,,,,,,
1_09-10-2011,5,2,3,6.0,0.0,7.0,8.0,1.0,4.0,,,,,,,,,,,
1_1-04-2018,6,5,2,8.0,0.0,7.0,1.0,3.0,4.0,,,,,,,,,,,
1_1-09-2013,1,2,3,0.0,,,,,,,,,,,,,,,,
1_10-01-2016,7,4,5,0.0,1.0,2.0,6.0,3.0,,,,,,,,,,,,
1_10-04-2016,4,1,0,2.0,3.0,,,,,,,,,,,,,,,
1_10-08-2012,3,4,1,0.0,2.0,,,,,,,,,,,,,,,
1_10-08-2014,3,5,0,2.0,6.0,1.0,4.0,,,,,,,,,,,,,
1_10-09-2016,4,2,1,5.0,3.0,0.0,,,,,,,,,,,,,,
1_11-03-2012,4,9,10,12.0,2.0,13.0,5.0,11.0,1.0,3.0,7.0,6.0,0.0,8.0,,,,,,
1_11-04-2021,1,2,0,,,,,,,,,,,,,,,,,
1_11-07-2013,0,1,2,,,,,,,,,,,,,,,,,
1_12-01-2014,2,1,4,5.0,6.0,0.0,3.0,,,,,,,,,,,,,
1_12-02-2012,3,4,0,2.0,5.0,1.0,,,,,,,,,,,,,,
1_12-06-2011,5,3,2,1.0,0.0,4.0,,,,,,,,,,,,,,
1_12-07-2020,7,2,4,6.0,10.0,8.0,12.0,11.0,9.0,3.0,0.0,5.0,1.0,,,,,,,
1_12-08-2011,2,1,5,4.0,7.0,3.0,6.0,0.0,8.0,,,,,,,,,,,
1_13-01-2013,2,3,0,1.0,4.0,,,,,,,,,,,,,,,
1_13-11-2020,1,2,3,4.0,0.0,5.0,,,,,,,,,,,,,,
1_14-06-2012,3,1,4,2.0,0.0,,,,,,,,,,,,,,,
1_15-04-2011,2,1,4,5.0,0.0,3.0,,,,,,,,,,,,,,
1_15-04-2012,5,1,6,2.0,0.0,3.0,4.0,,,,,,,,,,,,,
1_15-06-2019,7,0,3,2.0,8.0,5.0,6.0,1.0,4.0,,,,,,,,,,,
1_15-08-2011,1,3,7,2.0,6.0,4.0,0.0,5.0,,,,,,,,,,,,
1_15-08-2012,2,0,7,6.0,4.0,3.0,1.0,5.0,,,,,,,,,,,,
1_15-08-2015,1,5,3,2.0,6.0,4.0,0.0,,,,,,,,,,,,,
1_15-11-2015,1,2,0,,,,,,,,,,,,,,,,,
1_16-04-2017,6,2,1,4.0,0.0,3.0,5.0,,,,,,,,,,,,,
1_16-07-2011,5,0,1,3.0,4.0,2.0,6.0,,,,,,,,,,,,,
1_16-07-2017,1,3,4,0.0,5.0,2.0,,,,,,,,,,,,,,
1_16-09-2012,7,0,10,5.0,2.0,3.0,4.0,6.0,9.0,1.0,8.0,,,,,,,,,
1_16-10-2011,8,0,5,7.0,2.0,3.0,9.0,6.0,4.0,10.0,1.0,,,,,,,,,
1_16-10-2020,1,5,3,4.0,0.0,2.0,,,,,,,,,,,,,,
1_17-01-2016,0,4,2,5.0,1.0,3.0,,,,,,,,,,,,,,
1_17-04-2016,5,9,2,3.0,4.0,0.0,7.0,1.0,6.0,8.0,,,,,,,,,,
1_17-08-2012,4,3,2,0.0,1.0,,,,,,,,,,,,,,,
1_17-09-2017,1,8,5,3.0,11.0,7.0,10.0,6.0,2.0,9.0,4.0,12.0,0.0,,,,,,,
1_17-11-2013,2,1,7,4.0,6.0,3.0,0.0,5.0,,,,,,,,,,,,
1_18-05-2012,1,5,7,3.0,8.0,4.0,0.0,2.0,6.0,,,,,,,,,,,
1_18-08-2013,6,1,3,5.0,4.0,2.0,0.0,,,,,,,,,,,,,
1_18-09-2016,4,6,0,9.0,5.0,2.0,3.0,8.0,1.0,7.0,,,,,,,,,,
1_18-10-2015,0,1,2,5.0,4.0,3.0,,,,,,,,,,,,,,
1_18-12-2011,0,1,2,3.0,4.0,,,,,,,,,,,,,,,
1_19-01-2014,2,3,4,0.0,1.0,5.0,6.0,,,,,,,,,,,,,
1_19-06-2011,0,2,4,1.0,3.0,,,,,,,,,,,,,,,
1_19-07-2012,1,4,0,3.0,2.0,,,,,,,,,,,,,,,
1_20-01-2013,1,0,3,4.0,2.0,5.0,,,,,,,,,,,,,,
1_20-05-2012,2,3,0,1.0,,,,,,,,,,,,,,,,
1_20-10-2013,5,7,1,3.0,4.0,2.0,6.0,0.0,,,,,,,,,,,,
1_20-11-2011,5,7,6,3.0,8.0,4.0,0.0,1.0,2.0,,,,,,,,,,,
1_20-11-2016,9,1,2,3.0,4.0,5.0,6.0,8.0,7.0,0.0,,,,,,,,,,
1_21-07-2013,0,3,2,1.0,,,,,,,,,,,,,,,,
1_21-08-2011,4,3,0,1.0,2.0,5.0,,,,,,,,,,,,,,
1_22-01-2012,6,1,5,3.0,7.0,0.0,4.0,2.0,8.0,,,,,,,,,,,
1_22-04-2012,1,5,0,2.0,4.0,3.0,6.0,,,,,,,,,,,,,
1_22-08-2013,2,3,0,5.0,4.0,1.0,,,,,,,,,,,,,,
1_22-09-2013,2,0,3,1.0,4.0,,,,,,,,,,,,,,,
1_22-11-2015,2,5,3,6.0,0.0,1.0,4.0,,,,,,,,,,,,,
1_22-12-2013,4,5,2,3.0,6.0,1.0,0.0,,,,,,,,,,,,,
1_23-02-2014,4,5,2,9.0,1.0,6.0,8.0,7.0,10.0,3.0,11.0,0.0,,,,,,,,
1_23-10-2011,6,4,1,8.0,5.0,0.0,10.0,9.0,3.0,7.0,2.0,,,,,,,,,
1_24-05-2018,3,2,0,1.0,,,,,,,,,,,,,,,,
1_24-06-2012,4,2,7,6.0,5.0,0.0,8.0,3.0,1.0,,,,,,,,,,,
1_24-11-2013,6,1,2,3.0,0.0,4.0,5.0,,,,,,,,,,,,,
1_25-05-2017,6,3,5,2.0,4.0,0.0,7.0,1.0,,,,,,,,,,,,
1_25-09-2011,6,8,1,5.0,3.0,9.0,2.0,7.0,11.0,4.0,0.0,10.0,,,,,,,,
1_26-01-2014,6,5,2,3.0,0.0,4.0,1.0,,,,,,,,,,,,,
1_26-06-2011,6,4,2,5.0,1.0,0.0,3.0,,,,,,,,,,,,,
1_26-07-2012,2,0,4,1.0,5.0,3.0,,,,,,,,,,,,,,
1_26-08-2018,2,1,0,4.0,3.0,,,,,,,,,,,,,,,
1_26-11-2015,7,0,2,4.0,8.0,6.0,3.0,5.0,1.0,,,,,,,,,,,
1_27-11-2020,6,2,3,5.0,1.0,4.0,0.0,,,,,,,,,,,,,
1_28-06-2013,3,0,2,1.0,,,,,,,,,,,,,,,,
1_28-08-2011,3,0,1,2.0,4.0,5.0,,,,,,,,,,,,,,
1_28-5-2017,0,2,5,6.0,3.0,4.0,1.0,,,,,,,,,,,,,
1_29-05-2016,4,5,0,1.0,2.0,3.0,,,,,,,,,,,,,,
1_29-08-2013,0,2,3,1.0,4.0,,,,,,,,,,,,,,,
1_29-08-2016,1,0,3,5.0,2.0,4.0,,,,,,,,,,,,,,
1_3-09-2016,2,0,1,3.0,4.0,,,,,,,,,,,,,,,
1_30-05-2014,1,3,2,0.0,,,,,,,,,,,,,,,,
1_30-05-2021,3,1,2,5.0,0.0,4.0,,,,,,,,,,,,,,
1_30-08-2012,2,4,3,1.0,0.0,,,,,,,,,,,,,,,
1_30-11-2014,0,8,2,7.0,1.0,5.0,3.0,6.0,4.0,9.0,,,,,,,,,,
1_31-01-2021,1,3,0,4.0,2.0,,,,,,,,,,,,,,,
1_31-03-2019,6,0,8,4.0,5.0,3.0,7.0,1.0,2.0,,,,,,,,,,,
1_4-11-2018,4,6,0,2.0,3.0,1.0,7.0,8.0,5.0,,,,,,,,,,,
1_5-06-2016,1,2,3,0.0,,,,,,,,,,,,,,,,
1_7-07-2012,2,3,4,1.0,0.0,,,,,,,,,,,,,,,
1_7-07-2014,1,6,2,3.0,0.0,5.0,4.0,,,,,,,,,,,,,
1_9-04-2017,3,0,4,1.0,2.0,5.0,,,,,,,,,,,,,,
1_9-10-2016,2,3,1,0.0,,,,,,,,,,,,,,,,
2_01-01-2017,2,3,1,5.0,4.0,0.0,,,,,,,,,,,,,,
2_01-08-2013,6,1,5,7.0,3.0,8.0,4.0,9.0,0.0,2.0,,,,,,,,,,
2_02-07-2011,3,1,4,2.0,0.0,5.0,7.0,6.0,,,,,,,,,,,,
2_02-11-2014,2,8,3,12.0,7.0,10.0,9.0,4.0,0.0,11.0,5.0,1.0,6.0,,,,,,,
2_03-06-2012,0,2,3,5.0,1.0,4.0,,,,,,,,,,,,,,
2_03-07-2016,8,2,0,4.0,7.0,3.0,1.0,5.0,6.0,,,,,,,,,,,
2_03-07-2020,0,4,3,8.0,7.0,6.0,5.0,9.0,1.0,2.0,,,,,,,,,,
2_04-05-2014,4,3,1,0.0,5.0,2.0,,,,,,,,,,,,,,
2_05-01-2014,0,6,5,2.0,1.0,4.0,3.0,,,,,,,,,,,,,
2_05-06-2021,5,2,7,4.0,6.0,0.0,3.0,1.0,,,,,,,,,,,,
2_05-08-2011,3,5,1,0.0,6.0,2.0,8.0,7.0,4.0,,,,,,,,,,,
2_06-05-2011,1,7,2,3.0,4.0,5.0,6.0,0.0,,,,,,,,,,,,
2_06-08-12,2,9,4,0.0,11.0,8.0,5.0,6.0,7.0,3.0,10.0,1.0,,,,,,,,
2_06-12-2015,3,2,4,0.0,1.0,,,,,,,,,,,,,,,
2_08-01-2012,7,0,1,5.0,3.0,8.0,2.0,6.0,4.0,,,,,,,,,,,
2_09-03-2014,4,2,1,5.0,0.0,3.0,,,,,,,,,,,,,,
2_09-10-2011,5,0,7,4.0,2.0,6.0,1.0,3.0,,,,,,,,,,,,
2_1-09-2014,11,5,7,13.0,1.0,4.0,8.0,10.0,0.0,12.0,6.0,9.0,2.0,3.0,,,,,,
2_10-01-2016,1,2,6,0.0,7.0,5.0,3.0,4.0,,,,,,,,,,,,
2_10-04-2016,4,2,12,13.0,8.0,3.0,11.0,7.0,9.0,0.0,1.0,6.0,5.0,10.0,,,,,,
2_10-08-2012,3,4,0,1.0,2.0,,,,,,,,,,,,,,,
2_10-09-2016,4,7,1,6.0,0.0,3.0,2.0,5.0,,,,,,,,,,,,
2_11-05-2012,7,3,10,4.0,9.0,0.0,1.0,5.0,6.0,2.0,8.0,,,,,,,,,
2_11-07-2016,2,4,1,7.0,6.0,0.0,3.0,5.0,,,,,,,,,,,,
2_12-01-2014,4,6,7,2.0,5.0,3.0,1.0,0.0,,,,,,,,,,,,
2_12-08-2011,1,4,2,3.0,0.0,,,,,,,,,,,,,,,
2_13-01-2013,4,2,0,1.0,3.0,,,,,,,,,,,,,,,
2_13-05-2012,5,6,3,2.0,4.0,1.0,0.0,,,,,,,,,,,,,
2_13-07-2014,0,6,1,2.0,5.0,4.0,3.0,7.0,,,,,,,,,,,,
2_13-11-2011,4,1,0,7.0,11.0,3.0,2.0,6.0,8.0,9.0,5.0,10.0,,,,,,,,
2_13-11-2020,6,3,4,1.0,2.0,5.0,7.0,0.0,8.0,,,,,,,,,,,
2_14-06-2012,4,1,5,0.0,2.0,3.0,,,,,,,,,,,,,,
2_14-07-2012,1,4,2,5.0,3.0,6.0,0.0,,,,,,,,,,,,,
2_14-10-2012,1,0,3,5.0,2.0,4.0,,,,,,,,,,,,,,
2_15-04-2012,12,5,6,11.0,1.0,7.0,0.0,10.0,9.0,3.0,2.0,8.0,4.0,,,,,,,
2_15-08-2011,4,3,0,5.0,2.0,1.0,,,,,,,,,,,,,,
2_15-08-2012,7,2,5,9.0,3.0,1.0,10.0,8.0,6.0,0.0,4.0,,,,,,,,,
2_15-08-2016,2,6,0,4.0,1.0,3.0,7.0,5.0,,,,,,,,,,,,
2_15-12-2013,6,8,1,0.0,9.0,2.0,7.0,4.0,3.0,5.0,,,,,,,,,,
2_16-04-2017,6,8,10,3.0,0.0,9.0,7.0,1.0,2.0,5.0,4.0,,,,,,,,,
2_16-06-2021,3,6,2,5.0,4.0,1.0,8.0,0.0,7.0,,,,,,,,,,,
2_16-10-2011,8,6,2,5.0,4.0,1.0,7.0,3.0,0.0,,,,,,,,,,,
2_16-10-2020,0,6,3,5.0,4.0,7.0,2.0,1.0,,,,,,,,,,,,
2_17-04-2011,2,4,1,7.0,9.0,8.0,0.0,6.0,10.0,13.0,3.0,11.0,5.0,12.0,,,,,,
2_17-06-2020,3,6,7,2.0,0.0,4.0,1.0,5.0,,,,,,,,,,,,
2_17-08-2012,1,5,2,4.0,3.0,0.0,,,,,,,,,,,,,,
2_17-09-2017,12,5,1,3.0,16.0,13.0,4.0,2.0,8.0,7.0,6.0,0.0,10.0,14.0,15.0,11.0,9.0,,,
2_17-09-2020,3,1,0,4.0,2.0,,,,,,,,,,,,,,,
2_17-11-2013,0,8,7,1.0,5.0,4.0,9.0,3.0,6.0,2.0,,,,,,,,,,
2_18-05-2012,0,3,4,5.0,1.0,6.0,8.0,7.0,2.0,,,,,,,,,,,
2_19-01-2020,1,3,4,6.0,5.0,2.0,0.0,,,,,,,,,,,,,
2_19-02-2012,5,2,4,1.0,12.0,3.0,0.0,11.0,6.0,7.0,10.0,8.0,9.0,,,,,,,
2_19-02-2017,3,5,4,1.0,2.0,0.0,6.0,,,,,,,,,,,,,
2_19-03-2017,8,4,9,7.0,2.0,5.0,3.0,6.0,0.0,1.0,10.0,,,,,,,,,
2_19-06-2011,1,2,0,4.0,7.0,5.0,6.0,3.0,,,,,,,,,,,,
2_19-08-2012,0,9,5,1.0,8.0,2.0,3.0,7.0,4.0,6.0,10.0,,,,,,,,,
2_19-10-2014,2,1,0,3.0,,,,,,,,,,,,,,,,
2_2-06-2017,2,7,6,0.0,8.0,4.0,3.0,1.0,5.0,,,,,,,,,,,
2_20-01-2013,3,6,2,8.0,7.0,1.0,0.0,4.0,5.0,,,,,,,,,,,
2_20-06-2018,4,2,6,7.0,8.0,5.0,3.0,1.0,0.0,,,,,,,,,,,
2_21-05-2017,2,5,6,3.0,1.0,0.0,4.0,,,,,,,,,,,,,
2_21-07-2014,5,4,1,2.0,3.0,0.0,,,,,,,,,,,,,,
2_21-07-2016,2,4,1,3.0,5.0,6.0,0.0,,,,,,,,,,,,,
2_21-08-2011,0,6,1,2.0,4.0,3.0,5.0,,,,,,,,,,,,,
2_23-03-2014,0,13,3,4.0,15.0,14.0,11.0,12.0,5.0,7.0,10.0,9.0,1.0,8.0,6.0,2.0,16.0,,,
2_23-04-2017,8,6,9,0.0,11.0,7.0,3.0,5.0,4.0,1.0,2.0,10.0,12.0,,,,,,,
2_23-05-2021,7,1,3,2.0,6.0,8.0,5.0,9.0,0.0,4.0,,,,,,,,,,
2_23-09-2012,6,11,3,10.0,9.0,2.0,7.0,5.0,0.0,1.0,4.0,8.0,,,,,,,,
2_23-10-2011,6,4,7,3.0,2.0,9.0,1.0,8.0,0.0,5.0,,,,,,,,,,
2_23-10-2016,5,1,2,4.0,0.0,6.0,3.0,,,,,,,,,,,,,
2_23-11-2014,2,4,11,6.0,0.0,3.0,8.0,7.0,1.0,5.0,9.0,10.0,12.0,,,,,,,
2_24-05-2018,2,6,7,5.0,0.0,1.0,3.0,8.0,4.0,,,,,,,,,,,
2_24-11-2016,2,10,0,1.0,8.0,4.0,7.0,5.0,3.0,6.0,9.0,,,,,,,,,
2_24-12-2011,3,5,4,2.0,0.0,1.0,6.0,8.0,7.0,,,,,,,,,,,
2_25-07-2013,2,0,4,1.0,3.0,5.0,6.0,,,,,,,,,,,,,
2_25-09-2011,4,6,0,7.0,2.0,5.0,1.0,3.0,,,,,,,,,,,,
2_26-01-2014,7,5,3,6.0,2.0,1.0,0.0,4.0,,,,,,,,,,,,
2_26-02-2017,8,2,1,9.0,4.0,0.0,11.0,3.0,5.0,7.0,10.0,6.0,,,,,,,,
2_26-03-2021,6,3,1,0.0,4.0,2.0,7.0,5.0,,,,,,,,,,,,
2_26-07-2012,5,7,2,1.0,6.0,4.0,0.0,3.0,,,,,,,,,,,,
2_26-08-2011,11,2,8,7.0,4.0,12.0,1.0,9.0,5.0,0.0,10.0,3.0,6.0,,,,,,,
2_27-05-2012,0,2,4,1.0,3.0,,,,,,,,,,,,,,,
2_27-11-2020,3,7,1,0.0,6.0,8.0,4.0,5.0,2.0,,,,,,,,,,,
2_28-02-2016,0,7,6,2.0,4.0,1.0,3.0,5.0,,,,,,,,,,,,
2_28-06-2013,6,0,1,2.0,3.0,5.0,4.0,,,,,,,,,,,,,
2_28-07-2012,2,4,6,0.0,3.0,5.0,1.0,,,,,,,,,,,,,
2_29-04-2011,4,8,3,5.0,1.0,0.0,7.0,2.0,6.0,,,,,,,,,,,
2_29-05-2016,2,4,5,3.0,6.0,1.0,0.0,,,,,,,,,,,,,
2_29-07-2011,3,2,5,0.0,4.0,1.0,,,,,,,,,,,,,,
2_29-08-2013,4,0,3,2.0,1.0,,,,,,,,,,,,,,,
2_29-08-2016,5,0,2,3.0,1.0,4.0,6.0,,,,,,,,,,,,,
2_29-11-2015,7,2,1,0.0,4.0,5.0,3.0,6.0,,,,,,,,,,,,
2_29-12-2013,2,16,7,9.0,6.0,14.0,15.0,0.0,8.0,3.0,10.0,12.0,5.0,13.0,4.0,11.0,1.0,,,
2_3-06-2016,2,1,7,3.0,5.0,0.0,6.0,4.0,,,,,,,,,,,,
2_3-09-2016,4,0,1,3.0,6.0,5.0,2.0,,,,,,,,,,,,,
2_3-12-2017,1,7,0,3.0,8.0,2.0,4.0,6.0,5.0,9.0,,,,,,,,,,
2_30-03-2014,0,7,1,3.0,5.0,6.0,2.0,4.0,8.0,,,,,,,,,,,
2_30-05-2021,1,4,6,0.0,5.0,9.0,2.0,11.0,8.0,10.0,7.0,3.0,,,,,,,,
2_30-09-2012,9,10,3,4.0,19.0,2.0,8.0,12.0,11.0,5.0,7.0,13.0,18.0,16.0,15.0,0.0,1.0,6.0,14.0,17.0
2_30-09-2018,3,7,8,6.0,5.0,4.0,2.0,1.0,0.0,,,,,,,,,,,
2_31-03-2019,1,9,6,0.0,7.0,10.0,12.0,3.0,2.0,4.0,11.0,5.0,8.0,,,,,,,
2_4-07-2019,3,1,2,0.0,4.0,,,,,,,,,,,,,,,
2_4-11-2018,7,2,5,1.0,3.0,6.0,0.0,4.0,,,,,,,,,,,,
2_5-02-2017,7,9,0,4.0,1.0,2.0,5.0,3.0,6.0,8.0,11.0,10.0,,,,,,,,
2_5-06-2016,8,0,4,6.0,5.0,7.0,3.0,1.0,2.0,,,,,,,,,,,
2_7-07-2014,0,2,5,4.0,3.0,1.0,7.0,6.0,,,,,,,,,,,,
2_7-09-2014,4,2,6,5.0,0.0,3.0,1.0,7.0,,,,,,,,,,,,
2_9-04-2017,3,1,8,2.0,9.0,5.0,7.0,4.0,10.0,6.0,0.0,,,,,,,,,
2_9-06-2019,8,6,0,1.0,3.0,5.0,4.0,2.0,7.0,,,,,,,,,,,
3_01-07-2021,7,6,2,0.0,5.0,3.0,1.0,4.0,,,,,,,,,,,,
3_01-08-2013,1,4,3,6.0,8.0,2.0,0.0,5.0,7.0,,,,,,,,,,,
3_01-11-2015,6,0,7,2.0,3.0,5.0,1.0,4.0,,,,,,,,,,,,
3_03-07-2016,3,7,5,8.0,6.0,1.0,0.0,4.0,2.0,,,,,,,,,,,
3_03-08-2012,3,10,2,1.0,0.0,7.0,8.0,6.0,9.0,4.0,5.0,,,,,,,,,
3_04-05-2014,0,8,6,5.0,2.0,4.0,3.0,9.0,7.0,1.0,,,,,,,,,,
3_04-08-2016,4,5,2,0.0,1.0,6.0,3.0,7.0,,,,,,,,,,,,
3_04-10-2015,9,6,3,5.0,8.0,0.0,7.0,2.0,10.0,4.0,1.0,,,,,,,,,
3_04-12-2011,12,8,9,6.0,4.0,3.0,15.0,7.0,18.0,14.0,5.0,13.0,2.0,11.0,16.0,0.0,17.0,1.0,10.0,
3_05-05-2016,5,7,1,4.0,6.0,0.0,3.0,2.0,,,,,,,,,,,,
3_05-06-2021,3,9,8,1.0,0.0,2.0,6.0,4.0,10.0,11.0,5.0,7.0,,,,,,,,
3_05-07-2020,7,2,3,9.0,12.0,8.0,5.0,6.0,1.0,13.0,11.0,10.0,4.0,0.0,,,,,,
3_05-08-2011,10,11,8,2.0,9.0,6.0,7.0,4.0,1.0,3.0,0.0,5.0,,,,,,,,
3_05-09-2013,7,4,6,5.0,3.0,8.0,1.0,2.0,0.0,,,,,,,,,,,
3_05-11-2015,1,3,4,7.0,5.0,6.0,2.0,0.0,,,,,,,,,,,,
3_07-06-2020,2,0,4,1.0,3.0,11.0,5.0,7.0,9.0,6.0,8.0,10.0,12.0,,,,,,,
3_08-01-2012,4,1,12,5.0,6.0,3.0,8.0,2.0,13.0,7.0,11.0,9.0,10.0,0.0,,,,,,
3_08-05-2016,5,7,6,2.0,0.0,8.0,1.0,3.0,9.0,4.0,,,,,,,,,,
3_08-06-2014,4,5,3,2.0,9.0,7.0,6.0,1.0,10.0,12.0,0.0,11.0,8.0,,,,,,,
3_09-10-2011,5,12,4,7.0,6.0,3.0,9.0,0.0,14.0,1.0,11.0,2.0,13.0,8.0,10.0,,,,,
3_1-04-2018,0,5,11,2.0,1.0,13.0,3.0,10.0,4.0,6.0,12.0,7.0,8.0,9.0,14.0,,,,,
3_1-08-2016,2,1,5,6.0,3.0,0.0,4.0,,,,,,,,,,,,,
3_1-08-2019,8,6,2,4.0,5.0,1.0,3.0,7.0,0.0,,,,,,,,,,,
3_1-09-2014,4,0,6,1.0,5.0,2.0,3.0,,,,,,,,,,,,,
3_10-01-2016,4,7,6,2.0,8.0,9.0,3.0,1.0,0.0,5.0,,,,,,,,,,
3_10-08-2014,3,13,0,12.0,11.0,1.0,4.0,2.0,7.0,5.0,8.0,9.0,10.0,6.0,,,,,,
3_10-09-2016,10,11,0,7.0,1.0,4.0,2.0,6.0,5.0,9.0,3.0,12.0,8.0,,,,,,,
3_11-04-2021,6,0,2,1.0,5.0,4.0,3.0,,,,,,,,,,,,,
3_11-07-2016,2,5,3,4.0,1.0,0.0,,,,,,,,,,,,,,
3_11-08-2016,3,4,12,9.0,11.0,5.0,1.0,8.0,2.0,10.0,6.0,0.0,7.0,,,,,,,
3_11-09-2011,5,8,7,4.0,9.0,0.0,10.0,6.0,2.0,3.0,1.0,,,,,,,,,
3_12-08-2011,10,3,0,2.0,7.0,4.0,6.0,8.0,9.0,1.0,5.0,,,,,,,,,
3_12-08-2012,9,7,5,3.0,11.0,6.0,1.0,12.0,10.0,0.0,4.0,2.0,14.0,8.0,13.0,,,,,
3_12-08-2018,7,2,3,6.0,4.0,0.0,8.0,5.0,1.0,,,,,,,,,,,
3_13-01-2013,2,8,0,3.0,10.0,7.0,6.0,5.0,4.0,9.0,1.0,,,,,,,,,
3_13-03-2016,6,0,9,3.0,10.0,4.0,11.0,8.0,12.0,7.0,1.0,5.0,2.0,,,,,,,
3_14-05-2017,1,7,5,4.0,0.0,2.0,10.0,13.0,12.0,9.0,3.0,8.0,6.0,11.0,,,,,,
3_14-07-2011,10,5,13,11.0,2.0,8.0,0.0,12.0,1.0,9.0,4.0,6.0,7.0,3.0,,,,,,
3_14-07-2016,10,5,2,0.0,4.0,9.0,6.0,8.0,7.0,1.0,3.0,,,,,,,,,
3_15-01-2012,0,2,7,5.0,6.0,3.0,4.0,1.0,,,,,,,,,,,,
3_15-04-2012,10,5,12,7.0,2.0,1.0,3.0,11.0,6.0,13.0,8.0,4.0,9.0,0.0,,,,,,
3_15-08-2011,14,12,0,9.0,15.0,3.0,10.0,11.0,6.0,1.0,13.0,2.0,16.0,5.0,7.0,4.0,8.0,,,
3_15-08-2012,0,1,7,3.0,4.0,2.0,6.0,5.0,,,,,,,,,,,,
3_16-02-2014,9,2,1,6.0,5.0,7.0,11.0,8.0,3.0,10.0,0.0,4.0,,,,,,,,
3_16-03-2014,5,4,7,1.0,2.0,0.0,3.0,6.0,,,,,,,,,,,,
3_16-04-2017,3,8,11,2.0,13.0,7.0,6.0,10.0,9.0,12.0,4.0,5.0,1.0,0.0,,,,,,
3_16-05-2021,2,3,4,1.0,6.0,7.0,5.0,0.0,,,,,,,,,,,,
3_16-06-2021,4,1,5,3.0,8.0,7.0,2.0,0.0,6.0,,,,,,,,,,,
3_16-09-2012,9,6,3,1.0,0.0,5.0,8.0,7.0,10.0,2.0,4.0,,,,,,,,,
3_16-10-2016,4,13,5,14.0,0.0,1.0,12.0,7.0,8.0,11.0,10.0,2.0,9.0,3.0,6.0,,,,,
3_17-01-2016,7,4,2,8.0,1.0,3.0,9.0,6.0,5.0,0.0,,,,,,,,,,
3_17-04-2011,10,6,8,12.0,0.0,14.0,3.0,13.0,1.0,2.0,7.0,11.0,4.0,5.0,9.0,,,,,
3_17-06-2012,9,2,16,6.0,14.0,8.0,7.0,4.0,13.0,10.0,3.0,11.0,5.0,12.0,0.0,15.0,1.0,,,
3_17-06-2020,1,8,0,6.0,7.0,5.0,3.0,4.0,2.0,,,,,,,,,,,
3_17-07-2014,3,5,0,7.0,6.0,8.0,9.0,2.0,4.0,1.0,,,,,,,,,,
3_17-09-2017,11,9,10,14.0,16.0,12.0,8.0,0.0,5.0,6.0,13.0,18.0,1.0,3.0,17.0,4.0,7.0,2.0,15.0,
3_17-09-2020,3,4,1,5.0,2.0,0.0,,,,,,,,,,,,,,
3_18-08-2013,2,0,1,6.0,4.0,5.0,3.0,,,,,,,,,,,,,
3_18-12-2011,6,0,1,7.0,8.0,9.0,2.0,5.0,4.0,3.0,,,,,,,,,,
3_19-01-2014,6,13,8,1.0,3.0,10.0,4.0,12.0,0.0,2.0,11.0,5.0,9.0,7.0,,,,,,
3_19-01-2020,5,7,1,3.0,2.0,0.0,4.0,6.0,,,,,,,,,,,,
3_19-02-2012,0,3,4,13.0,1.0,7.0,10.0,11.0,5.0,6.0,2.0,14.0,8.0,12.0,15.0,9.0,,,,
3_19-03-2017,6,8,3,4.0,5.0,1.0,9.0,7.0,2.0,0.0,,,,,,,,,,
3_19-08-2012,7,3,1,4.0,0.0,6.0,2.0,5.0,,,,,,,,,,,,
3_19-10-2014,4,1,13,15.0,16.0,7.0,9.0,12.0,10.0,14.0,3.0,0.0,11.0,8.0,5.0,6.0,2.0,,,
3_20-06-2018,4,3,6,0.0,2.0,5.0,1.0,,,,,,,,,,,,,
3_20-10-2013,0,8,1,5.0,3.0,6.0,4.0,7.0,2.0,,,,,,,,,,,
3_20-11-2011,17,3,16,14.0,1.0,5.0,6.0,2.0,10.0,4.0,0.0,11.0,15.0,7.0,9.0,13.0,18.0,12.0,8.0,
3_20-11-2016,5,2,3,9.0,1.0,7.0,0.0,4.0,8.0,6.0,,,,,,,,,,
3_21-05-2017,6,4,1,10.0,5.0,8.0,9.0,2.0,3.0,0.0,7.0,,,,,,,,,
3_21-07-2011,7,8,0,6.0,3.0,2.0,9.0,5.0,4.0,1.0,,,,,,,,,,
3_21-08-2011,7,3,1,4.0,5.0,0.0,2.0,6.0,,,,,,,,,,,,
3_21-10-2012,3,7,1,2.0,8.0,4.0,5.0,0.0,6.0,,,,,,,,,,,
3_22-08-2013,5,2,6,1.0,3.0,4.0,7.0,0.0,9.0,8.0,,,,,,,,,,
3_22-11-2015,2,0,1,7.0,6.0,3.0,4.0,5.0,,,,,,,,,,,,
3_22-12-2013,10,5,13,3.0,6.0,0.0,7.0,11.0,8.0,12.0,9.0,4.0,2.0,1.0,,,,,,
3_23-02-2014,1,3,6,4.0,5.0,0.0,2.0,,,,,,,,,,,,,
3_23-05-2021,3,5,1,0.0,4.0,2.0,,,,,,,,,,,,,,
3_23-07-2011,4,1,0,6.0,2.0,5.0,3.0,,,,,,,,,,,,,
3_23-12-12,3,7,1,9.0,6.0,0.0,4.0,8.0,2.0,5.0,,,,,,,,,,
3_24-05-2018,4,7,2,6.0,3.0,1.0,0.0,5.0,,,,,,,,,,,,
3_24-06-2012,9,0,6,7.0,4.0,1.0,5.0,3.0,2.0,8.0,10.0,,,,,,,,,
3_24-12-2011,7,0,5,2.0,3.0,1.0,8.0,6.0,9.0,4.0,11.0,10.0,,,,,,,,
3_25-05-2014,4,6,0,3.0,7.0,2.0,1.0,5.0,,,,,,,,,,,,
3_25-05-2017,6,2,4,0.0,7.0,1.0,3.0,5.0,,,,,,,,,,,,
3_25-09-2011,4,11,8,3.0,2.0,5.0,10.0,0.0,9.0,6.0,12.0,7.0,1.0,,,,,,,
3_26-02-2012,4,8,0,1.0,5.0,9.0,3.0,11.0,7.0,6.0,2.0,10.0,,,,,,,,
3_26-02-2017,7,10,5,8.0,6.0,3.0,11.0,9.0,2.0,1.0,0.0,4.0,,,,,,,,
3_26-03-2021,0,1,2,4.0,6.0,3.0,5.0,,,,,,,,,,,,,
3_26-06-2011,8,4,10,7.0,3.0,6.0,9.0,2.0,5.0,0.0,1.0,,,,,,,,,
3_26-07-2012,8,1,6,4.0,5.0,2.0,7.0,3.0,0.0,,,,,,,,,,,
3_26-08-2011,5,2,6,1.0,0.0,4.0,3.0,,,,,,,,,,,,,
3_26-09-2014,3,0,1,2.0,,,,,,,,,,,,,,,,
3_26-10-2014,4,1,0,2.0,5.0,3.0,,,,,,,,,,,,,,
3_26-11-2015,3,2,6,1.0,7.0,8.0,4.0,5.0,0.0,,,,,,,,,,,
3_27-05-2012,10,5,4,2.0,7.0,1.0,9.0,0.0,6.0,8.0,3.0,,,,,,,,,
3_27-11-2020,3,4,0,6.0,7.0,8.0,2.0,5.0,1.0,,,,,,,,,,,
3_28-06-2012,7,4,1,8.0,6.0,0.0,2.0,5.0,3.0,,,,,,,,,,,
3_28-07-2012,6,4,8,5.0,0.0,3.0,7.0,1.0,2.0,,,,,,,,,,,
3_28-5-2017,4,9,3,7.0,10.0,5.0,6.0,14.0,8.0,13.0,1.0,11.0,12.0,0.0,2.0,,,,,
3_29-01-2017,4,1,3,2.0,0.0,,,,,,,,,,,,,,,
3_29-04-2012,3,0,4,5.0,1.0,2.0,,,,,,,,,,,,,,
3_29-08-2013,3,4,5,0.0,1.0,2.0,,,,,,,,,,,,,,
3_29-12-2013,7,9,10,0.0,11.0,4.0,8.0,12.0,3.0,1.0,5.0,13.0,6.0,2.0,15.0,14.0,,,,
3_3-06-2016,1,5,2,0.0,4.0,6.0,7.0,3.0,,,,,,,,,,,,
3_30-06-2011,7,8,9,10.0,0.0,3.0,4.0,6.0,1.0,5.0,11.0,2.0,,,,,,,,
3_30-06-2012,0,4,1,7.0,5.0,3.0,6.0,2.0,,,,,,,,,,,,
3_30-09-2012,17,1,14,15.0,13.0,9.0,5.0,0.0,2.0,3.0,6.0,11.0,10.0,12.0,4.0,8.0,16.0,7.0,,
3_30-11-2014,0,2,1,3.0,5.0,4.0,,,,,,,,,,,,,,
3_30-12-2020,10,5,1,8.0,2.0,7.0,0.0,9.0,4.0,3.0,11.0,6.0,,,,,,,,
3_31-01-2021,3,0,6,1.0,2.0,4.0,5.0,,,,,,,,,,,,,
3_31-03-2019,4,11,10,0.0,13.0,9.0,6.0,1.0,8.0,3.0,5.0,2.0,12.0,7.0,,,,,,
3_31-08-2015,1,3,5,0.0,6.0,4.0,2.0,,,,,,,,,,,,,
3_5-02-2012,4,5,2,10.0,7.0,9.0,3.0,8.0,1.0,0.0,6.0,,,,,,,,,
3_7-07-2012,3,2,7,0.0,6.0,1.0,4.0,5.0,,,,,,,,,,,,
3_9-10-2016,10,12,2,9.0,6.0,13.0,11.0,14.0,5.0,3.0,4.0,8.0,0.0,7.0,1.0,,,,,
4_02-08-2020,7,4,2,10.0,0.0,1.0,9.0,6.0,3.0,8.0,5.0,,,,,,,,,
4_03-03-2019,11,3,5,6.0,8.0,9.0,7.0,4.0,1.0,2.0,10.0,0.0,,,,,,,,
4_03-07-2016,2,1,4,5.0,6.0,10.0,7.0,8.0,3.0,11.0,0.0,9.0,,,,,,,,
4_03-08-2012,6,2,1,0.0,8.0,10.0,3.0,5.0,4.0,9.0,7.0,,,,,,,,,
4_04-05-2012,5,9,6,8.0,0.0,4.0,2.0,3.0,1.0,7.0,10.0,,,,,,,,,
4_04-05-2014,6,0,9,7.0,5.0,1.0,10.0,4.0,2.0,3.0,8.0,,,,,,,,,
4_05-01-2014,0,6,3,4.0,2.0,10.0,7.0,8.0,5.0,1.0,9.0,,,,,,,,,
4_05-08-2011,5,6,4,3.0,7.0,1.0,2.0,0.0,8.0,9.0,,,,,,,,,,
4_06-08-12,9,10,7,4.0,6.0,3.0,11.0,0.0,8.0,5.0,1.0,2.0,,,,,,,,
4_06-10-2013,2,6,0,7.0,5.0,3.0,8.0,4.0,1.0,,,,,,,,,,,
4_06-12-2015,5,2,1,8.0,6.0,10.0,3.0,7.0,0.0,9.0,4.0,,,,,,,,,
4_07-06-2020,9,10,0,6.0,2.0,8.0,1.0,3.0,7.0,4.0,11.0,5.0,,,,,,,,
4_07-07-2011,0,4,6,3.0,7.0,10.0,9.0,1.0,2.0,5.0,8.0,,,,,,,,,
4_08-01-2012,7,0,1,5.0,4.0,2.0,6.0,10.0,8.0,3.0,9.0,,,,,,,,,
4_08-05-2016,7,5,0,4.0,3.0,1.0,6.0,2.0,,,,,,,,,,,,
4_08-06-2014,9,10,11,8.0,4.0,0.0,3.0,6.0,7.0,2.0,1.0,5.0,,,,,,,,
4_09-03-2014,4,3,2,7.0,6.0,0.0,1.0,5.0,8.0,,,,,,,,,,,
4_09-07-2020,4,0,1,8.0,5.0,7.0,2.0,9.0,11.0,10.0,3.0,6.0,,,,,,,,
4_09-12-12,0,4,2,7.0,5.0,8.0,10.0,1.0,9.0,6.0,3.0,,,,,,,,,
4_1-08-2016,8,10,2,1.0,4.0,3.0,0.0,5.0,7.0,11.0,6.0,9.0,,,,,,,,
4_1-08-2019,5,1,2,0.0,4.0,7.0,11.0,8.0,10.0,6.0,9.0,3.0,,,,,,,,
4_10-01-2016,5,7,8,2.0,3.0,0.0,4.0,6.0,1.0,,,,,,,,,,,
4_10-08-2012,4,1,0,7.0,9.0,3.0,6.0,8.0,2.0,5.0,,,,,,,,,,
4_10-08-2014,3,11,9,7.0,10.0,4.0,2.0,1.0,0.0,6.0,5.0,8.0,,,,,,,,
4_10-09-2016,10,0,7,3.0,6.0,4.0,8.0,2.0,5.0,1.0,9.0,,,,,,,,,
4_11-07-2013,3,7,9,8.0,6.0,0.0,2.0,5.0,4.0,1.0,,,,,,,,,,
4_11-08-2016,1,5,8,10.0,0.0,11.0,3.0,6.0,7.0,2.0,9.0,4.0,,,,,,,,
4_11-09-2011,5,0,6,9.0,4.0,2.0,10.0,7.0,8.0,1.0,11.0,3.0,,,,,,,,
4_12-02-2012,1,4,8,11.0,10.0,2.0,0.0,7.0,5.0,3.0,9.0,6.0,,,,,,,,
4_12-08-2011,4,2,1,3.0,5.0,6.0,0.0,9.0,10.0,8.0,7.0,,,,,,,,,
4_12-08-2018,10,9,6,3.0,5.0,0.0,11.0,4.0,1.0,8.0,7.0,2.0,,,,,,,,
4_13-07-2014,7,0,3,5.0,9.0,2.0,10.0,4.0,1.0,8.0,6.0,,,,,,,,,
4_14-04-2019,1,0,5,9.0,8.0,10.0,6.0,4.0,7.0,3.0,2.0,11.0,,,,,,,,
4_14-07-2011,5,9,1,7.0,6.0,2.0,4.0,10.0,3.0,8.0,0.0,,,,,,,,,
4_14-2-2021,6,2,7,3.0,4.0,8.0,5.0,0.0,1.0,,,,,,,,,,,
4_15-01-2012,0,3,5,4.0,7.0,2.0,8.0,1.0,9.0,6.0,,,,,,,,,,
4_15-04-2011,9,10,8,3.0,6.0,11.0,2.0,4.0,7.0,5.0,1.0,0.0,,,,,,,,
4_15-08-2011,2,4,9,5.0,0.0,7.0,3.0,10.0,8.0,11.0,6.0,1.0,,,,,,,,
4_15-11-2015,9,8,4,5.0,2.0,6.0,7.0,3.0,1.0,0.0,,,,,,,,,,
4_16-07-2011,2,7,6,3.0,10.0,0.0,5.0,4.0,8.0,9.0,1.0,,,,,,,,,
4_16-09-2012,1,8,9,7.0,0.0,2.0,6.0,3.0,5.0,4.0,,,,,,,,,,
4_16-7-2020,0,4,6,2.0,10.0,11.0,8.0,3.0,1.0,9.0,5.0,7.0,,,,,,,,
4_17-07-2014,4,1,2,8.0,5.0,0.0,7.0,10.0,6.0,3.0,9.0,,,,,,,,,
4_17-08-2012,1,8,2,0.0,5.0,4.0,6.0,9.0,3.0,7.0,,,,,,,,,,
4_17-09-2017,7,11,8,10.0,9.0,1.0,6.0,2.0,4.0,5.0,3.0,0.0,,,,,,,,
4_18-03-2018,10,2,9,3.0,1.0,6.0,8.0,5.0,11.0,7.0,4.0,0.0,,,,,,,,
4_18-08-2013,9,5,0,4.0,6.0,8.0,1.0,7.0,2.0,3.0,,,,,,,,,,
4_18-12-2011,0,5,8,1.0,9.0,3.0,6.0,2.0,4.0,10.0,7.0,,,,,,,,,
4_18-12-2016,8,5,10,4.0,9.0,7.0,2.0,3.0,6.0,1.0,0.0,,,,,,,,,
4_19-01-2020,3,2,0,4.0,8.0,6.0,9.0,7.0,1.0,5.0,,,,,,,,,,
4_19-02-2017,7,9,0,5.0,1.0,2.0,3.0,10.0,4.0,8.0,6.0,,,,,,,,,
4_19-05-2016,7,3,1,5.0,0.0,6.0,8.0,2.0,4.0,,,,,,,,,,,
4_19-06-2011,9,3,4,7.0,2.0,6.0,8.0,1.0,0.0,10.0,5.0,,,,,,,,,
4_19-07-2012,6,5,8,2.0,9.0,4.0,3.0,0.0,1.0,7.0,,,,,,,,,,
4_2-10-2016,5,3,10,9.0,1.0,6.0,0.0,7.0,4.0,2.0,8.0,,,,,,,,,
4_20-01-2013,2,6,4,0.0,5.0,1.0,3.0,8.0,7.0,9.0,,,,,,,,,,
4_20-05-2012,5,7,9,2.0,11.0,0.0,8.0,3.0,4.0,6.0,1.0,10.0,,,,,,,,
4_21-07-2011,3,9,1,7.0,5.0,6.0,4.0,11.0,2.0,10.0,0.0,8.0,,,,,,,,
4_21-07-2012,3,6,2,8.0,9.0,4.0,7.0,0.0,5.0,1.0,,,,,,,,,,
4_21-08-2016,1,8,4,5.0,0.0,9.0,6.0,3.0,7.0,2.0,,,,,,,,,,
4_22-01-2012,5,9,0,1.0,10.0,3.0,4.0,7.0,2.0,8.0,6.0,,,,,,,,,
4_22-08-2013,1,9,2,4.0,6.0,3.0,10.0,11.0,5.0,8.0,7.0,0.0,,,,,,,,
4_23-05-2019,8,5,9,7.0,6.0,1.0,0.0,2.0,3.0,4.0,,,,,,,,,,
4_23-05-2021,6,9,4,5.0,7.0,3.0,1.0,2.0,8.0,11.0,10.0,0.0,,,,,,,,
4_23-06-2021,2,0,7,4.0,8.0,3.0,9.0,6.0,1.0,10.0,11.0,5.0,,,,,,,,
4_23-10-2016,8,6,2,1.0,0.0,3.0,5.0,9.0,4.0,7.0,,,,,,,,,,
4_23-10-2020,8,4,10,2.0,7.0,11.0,0.0,6.0,1.0,5.0,3.0,9.0,,,,,,,,
4_23-11-2014,5,4,3,7.0,1.0,8.0,6.0,0.0,2.0,,,,,,,,,,,
4_23-12-12,6,3,9,10.0,2.0,5.0,0.0,7.0,4.0,1.0,8.0,,,,,,,,,
4_24-03-2019,7,4,2,6.0,9.0,5.0,8.0,1.0,3.0,0.0,,,,,,,,,,
4_24-04-2016,4,8,10,6.0,2.0,0.0,1.0,9.0,3.0,7.0,5.0,,,,,,,,,
4_24-09-2017,0,2,6,4.0,10.0,3.0,9.0,8.0,1.0,7.0,5.0,,,,,,,,,
4_24-09-2020,5,2,3,6.0,4.0,1.0,0.0,7.0,,,,,,,,,,,,
4_25-04-2021,10,1,5,6.0,9.0,0.0,2.0,3.0,4.0,7.0,8.0,,,,,,,,,
4_25-05-2014,7,5,0,1.0,8.0,3.0,4.0,2.0,6.0,,,,,,,,,,,
4_25-07-2013,5,7,1,9.0,10.0,6.0,4.0,0.0,3.0,8.0,2.0,,,,,,,,,
4_26-01-2014,10,7,8,6.0,5.0,4.0,1.0,3.0,9.0,2.0,0.0,,,,,,,,,
4_26-02-2017,9,4,1,5.0,8.0,2.0,3.0,6.0,7.0,0.0,,,,,,,,,,
4_26-03-2021,2,7,4,0.0,5.0,9.0,6.0,8.0,1.0,3.0,,,,,,,,,,
4_26-06-2011,4,2,0,7.0,6.0,1.0,11.0,3.0,9.0,10.0,5.0,8.0,,,,,,,,
4_26-08-2011,4,8,1,10.0,3.0,0.0,7.0,5.0,9.0,2.0,6.0,,,,,,,,,
4_26-10-2014,9,1,2,7.0,5.0,8.0,10.0,3.0,4.0,0.0,6.0,,,,,,,,,
4_27-11-2016,3,1,4,7.0,2.0,0.0,6.0,8.0,5.0,,,,,,,,,,,
4_27-11-2020,4,6,7,3.0,1.0,2.0,9.0,0.0,5.0,8.0,,,,,,,,,,
4_28-06-2012,1,8,6,5.0,4.0,9.0,0.0,11.0,3.0,2.0,10.0,7.0,,,,,,,,
4_28-07-2012,9,1,2,7.0,0.0,6.0,3.0,5.0,4.0,8.0,,,,,,,,,,
4_28-10-2012,3,4,10,7.0,0.0,8.0,2.0,9.0,1.0,6.0,11.0,5.0,,,,,,,,
4_29-04-2011,6,4,7,9.0,8.0,3.0,5.0,0.0,2.0,1.0,,,,,,,,,,
4_29-04-2012,8,7,5,4.0,2.0,0.0,6.0,9.0,3.0,1.0,10.0,,,,,,,,,
4_29-05-2016,6,2,8,7.0,10.0,3.0,0.0,4.0,9.0,5.0,1.0,,,,,,,,,
4_29-07-2018,8,0,10,2.0,1.0,3.0,6.0,9.0,4.0,7.0,5.0,,,,,,,,,
4_29-08-2016,4,7,5,1.0,3.0,8.0,10.0,6.0,0.0,9.0,2.0,,,,,,,,,
4_29-12-2013,4,9,8,0.0,3.0,7.0,1.0,5.0,10.0,11.0,6.0,2.0,,,,,,,,
4_3-12-2017,0,7,10,6.0,2.0,9.0,4.0,5.0,3.0,1.0,8.0,,,,,,,,,
4_30-03-2014,3,1,6,9.0,4.0,8.0,7.0,2.0,5.0,0.0,,,,,,,,,,
4_30-06-2012,10,1,6,7.0,5.0,3.0,0.0,4.0,9.0,2.0,8.0,,,,,,,,,
4_30-08-2012,1,5,2,8.0,4.0,3.0,0.0,7.0,9.0,6.0,,,,,,,,,,
4_30-10-2011,3,1,7,2.0,4.0,6.0,9.0,0.0,5.0,11.0,8.0,10.0,,,,,,,,
4_30-10-2016,11,9,7,10.0,0.0,2.0,4.0,6.0,3.0,1.0,8.0,5.0,,,,,,,,
4_31-03-2019,6,7,1,2.0,0.0,5.0,8.0,11.0,3.0,9.0,10.0,4.0,,,,,,,,
4_31-07-2011,10,9,1,4.0,5.0,6.0,8.0,0.0,2.0,7.0,3.0,,,,,,,,,
4_4-07-2019,1,6,7,5.0,3.0,8.0,2.0,0.0,9.0,4.0,,,,,,,,,,
4_4-11-2018,2,8,4,9.0,5.0,10.0,6.0,7.0,3.0,0.0,1.0,,,,,,,,,
4_5-02-2012,8,3,0,4.0,2.0,10.0,6.0,7.0,9.0,11.0,5.0,1.0,,,,,,,,
4_7-07-2014,2,3,4,8.0,9.0,7.0,6.0,0.0,5.0,1.0,,,,,,,,,,
4_7-07-2016,0,6,4,9.0,1.0,2.0,7.0,3.0,8.0,10.0,5.0,,,,,,,,,
4_7-09-2014,3,5,10,7.0,4.0,2.0,8.0,6.0,1.0,0.0,9.0,,,,,,,,,
4_8-03-2020,6,7,1,2.0,0.0,5.0,8.0,9.0,4.0,3.0,,,,,,,,,,
4_9-04-2017,6,8,3,4.0,5.0,2.0,0.0,9.0,1.0,7.0,,,,,,,,,,
4_9-10-2016,8,10,6,5.0,9.0,7.0,1.0,3.0,2.0,11.0,4.0,0.0,,,,,,,,
5_01-08-2013,5,0,7,1.0,3.0,8.0,9.0,4.0,2.0,6.0,,,,,,,,,,
5_02-07-2011,0,2,9,3.0,8.0,7.0,4.0,1.0,6.0,5.0,,,,,,,,,,
5_02-11-2014,6,5,0,4.0,3.0,1.0,2.0,,,,,,,,,,,,,
5_03-07-2016,6,1,3,2.0,5.0,4.0,0.0,,,,,,,,,,,,,
5_03-10-2014,2,6,4,1.0,5.0,0.0,3.0,,,,,,,,,,,,,
5_04-09-2011,5,4,1,2.0,3.0,0.0,,,,,,,,,,,,,,
5_04-10-2015,4,2,5,1.0,0.0,3.0,,,,,,,,,,,,,,
5_04-12-2011,2,4,1,3.0,0.0,,,,,,,,,,,,,,,
5_05-07-2020,8,10,12,11.0,3.0,2.0,9.0,5.0,4.0,0.0,7.0,6.0,13.0,1.0,,,,,,
5_05-09-2013,0,2,7,9.0,3.0,4.0,8.0,6.0,1.0,5.0,,,,,,,,,,
5_05-11-2015,2,1,6,0.0,4.0,3.0,5.0,,,,,,,,,,,,,
5_06-08-12,1,0,3,4.0,5.0,2.0,,,,,,,,,,,,,,
5_06-12-2015,0,5,1,6.0,2.0,3.0,4.0,,,,,,,,,,,,,
5_07-07-2011,5,8,2,3.0,7.0,0.0,9.0,4.0,1.0,6.0,,,,,,,,,,
5_08-01-2012,2,7,5,4.0,0.0,3.0,6.0,1.0,,,,,,,,,,,,
5_08-05-2016,6,3,4,1.0,5.0,2.0,0.0,,,,,,,,,,,,,
5_09-03-2014,1,0,6,2.0,3.0,4.0,5.0,,,,,,,,,,,,,
5_09-11-2017,1,0,2,3.0,5.0,4.0,,,,,,,,,,,,,,
5_1-09-2013,0,1,4,3.0,2.0,,,,,,,,,,,,,,,
5_10-04-2016,8,11,5,6.0,7.0,10.0,9.0,4.0,0.0,3.0,2.0,1.0,,,,,,,,
5_10-06-2012,3,2,9,5.0,0.0,6.0,1.0,7.0,8.0,4.0,,,,,,,,,,
5_10-08-2012,0,2,3,4.0,1.0,,,,,,,,,,,,,,,
5_10-08-2014,8,1,7,0.0,2.0,3.0,5.0,4.0,6.0,,,,,,,,,,,
5_10-09-2016,2,1,3,4.0,0.0,,,,,,,,,,,,,,,
5_11-07-2013,7,0,8,4.0,9.0,2.0,1.0,3.0,6.0,5.0,,,,,,,,,,
5_11-07-2016,0,5,2,4.0,3.0,1.0,,,,,,,,,,,,,,
5_11-08-2016,9,3,4,2.0,1.0,6.0,7.0,8.0,0.0,5.0,,,,,,,,,,
5_11-09-2011,5,6,3,2.0,0.0,1.0,4.0,,,,,,,,,,,,,
5_12-05-2019,5,4,3,2.0,6.0,8.0,7.0,1.0,0.0,,,,,,,,,,,
5_12-06-2011,4,0,3,13.0,1.0,11.0,6.0,10.0,8.0,14.0,9.0,7.0,2.0,12.0,5.0,,,,,
5_12-07-2020,2,8,7,1.0,3.0,4.0,5.0,0.0,6.0,,,,,,,,,,,
5_12-08-2011,7,4,3,2.0,8.0,1.0,0.0,5.0,6.0,,,,,,,,,,,
5_12-08-2018,4,10,3,5.0,2.0,11.0,9.0,1.0,7.0,6.0,0.0,8.0,,,,,,,,
5_13-01-2013,4,0,1,2.0,3.0,,,,,,,,,,,,,,,
5_13-04-2014,10,4,2,1.0,5.0,9.0,3.0,6.0,8.0,0.0,7.0,,,,,,,,,
5_13-07-2014,11,2,7,0.0,3.0,4.0,5.0,9.0,8.0,1.0,12.0,10.0,6.0,,,,,,,
5_13-11-2020,6,3,4,0.0,2.0,5.0,1.0,7.0,8.0,,,,,,,,,,,
5_14-05-2017,2,5,4,3.0,6.0,1.0,0.0,,,,,,,,,,,,,
5_14-07-2012,5,3,4,0.0,2.0,1.0,,,,,,,,,,,,,,
5_15-08-2015,8,2,9,4.0,13.0,3.0,1.0,11.0,7.0,5.0,10.0,6.0,12.0,0.0,,,,,,
5_15-11-2015,4,8,5,6.0,3.0,2.0,1.0,0.0,7.0,,,,,,,,,,,
5_15-12-2013,2,0,3,1.0,4.0,,,,,,,,,,,,,,,
5_16-02-2014,4,1,5,2.0,6.0,0.0,3.0,,,,,,,,,,,,,
5_16-04-2017,4,6,3,13.0,7.0,14.0,2.0,9.0,5.0,1.0,12.0,0.0,8.0,10.0,11.0,,,,,
5_16-05-2021,2,9,10,5.0,4.0,3.0,6.0,8.0,7.0,0.0,1.0,,,,,,,,,
5_16-07-2011,1,2,3,4.0,0.0,5.0,,,,,,,,,,,,,,
5_16-09-2012,4,0,5,3.0,1.0,2.0,6.0,,,,,,,,,,,,,
5_16-10-2016,3,1,5,6.0,0.0,2.0,4.0,,,,,,,,,,,,,
5_16-7-2020,1,12,3,7.0,11.0,8.0,5.0,9.0,13.0,6.0,10.0,4.0,2.0,0.0,,,,,,
5_17-06-2012,4,3,6,2.0,5.0,7.0,8.0,9.0,1.0,0.0,,,,,,,,,,
5_17-08-2012,1,2,7,6.0,4.0,0.0,3.0,5.0,,,,,,,,,,,,
5_17-09-2020,9,6,10,2.0,8.0,0.0,3.0,4.0,1.0,5.0,7.0,11.0,,,,,,,,
5_18-03-2018,2,7,6,4.0,0.0,3.0,8.0,9.0,1.0,5.0,,,,,,,,,,
5_18-09-2011,0,7,1,3.0,5.0,8.0,6.0,4.0,2.0,,,,,,,,,,,
5_18-09-2016,4,2,7,3.0,9.0,6.0,8.0,1.0,0.0,5.0,,,,,,,,,,
5_18-12-2011,2,4,3,6.0,5.0,0.0,1.0,,,,,,,,,,,,,
5_19-02-2012,1,8,5,10.0,2.0,9.0,0.0,4.0,7.0,3.0,6.0,,,,,,,,,
5_19-06-2011,9,8,0,2.0,6.0,3.0,4.0,7.0,5.0,1.0,,,,,,,,,,
5_2-06-2017,3,6,2,4.0,1.0,7.0,5.0,0.0,8.0,,,,,,,,,,,
5_20-07-2017,3,1,6,5.0,4.0,0.0,7.0,2.0,,,,,,,,,,,,
5_20-11-2016,1,6,5,2.0,3.0,0.0,4.0,7.0,,,,,,,,,,,,
5_21-07-2012,0,3,1,2.0,4.0,,,,,,,,,,,,,,,
5_21-07-2013,2,5,1,0.0,4.0,3.0,,,,,,,,,,,,,,
5_21-08-2014,2,3,0,1.0,4.0,,,,,,,,,,,,,,,
5_21-10-2012,9,4,5,1.0,2.0,10.0,6.0,0.0,8.0,3.0,7.0,,,,,,,,,
5_22-04-2011,1,5,7,3.0,2.0,6.0,8.0,4.0,0.0,,,,,,,,,,,
5_22-09-2013,4,9,2,3.0,7.0,5.0,1.0,0.0,10.0,11.0,6.0,8.0,,,,,,,,
5_22-12-2013,5,6,0,1.0,7.0,2.0,4.0,3.0,,,,,,,,,,,,
5_23-07-2011,4,7,3,1.0,6.0,5.0,0.0,2.0,,,,,,,,,,,,
5_23-08-2012,3,6,5,1.0,0.0,4.0,7.0,2.0,,,,,,,,,,,,
5_23-10-2011,2,5,6,0.0,1.0,3.0,4.0,,,,,,,,,,,,,
5_23-10-2020,2,6,7,3.0,4.0,1.0,5.0,0.0,,,,,,,,,,,,
5_24-05-2018,4,2,1,3.0,5.0,0.0,,,,,,,,,,,,,,
5_24-11-2016,3,2,4,7.0,5.0,6.0,0.0,1.0,,,,,,,,,,,,
5_24-12-2011,3,4,0,1.0,2.0,,,,,,,,,,,,,,,
5_25-04-2021,6,5,1,2.0,8.0,0.0,3.0,4.0,7.0,,,,,,,,,,,
5_25-05-2014,7,0,6,5.0,8.0,9.0,4.0,3.0,2.0,1.0,,,,,,,,,,
5_25-05-2017,4,7,3,2.0,5.0,6.0,1.0,0.0,,,,,,,,,,,,
5_25-07-2013,7,5,3,2.0,13.0,1.0,11.0,0.0,10.0,12.0,8.0,9.0,6.0,4.0,,,,,,
5_25-09-2016,9,3,8,1.0,7.0,6.0,4.0,2.0,0.0,5.0,,,,,,,,,,
5_26-01-2014,3,4,0,6.0,2.0,7.0,1.0,5.0,,,,,,,,,,,,
5_26-08-2011,5,7,3,0.0,4.0,1.0,6.0,8.0,2.0,,,,,,,,,,,
5_26-08-2018,4,0,2,3.0,1.0,,,,,,,,,,,,,,,
5_26-09-2014,2,0,1,,,,,,,,,,,,,,,,,
5_26-11-2015,5,3,2,0.0,1.0,4.0,,,,,,,,,,,,,,
5_27-05-2012,3,6,1,7.0,0.0,8.0,2.0,9.0,5.0,4.0,10.0,,,,,,,,,
5_27-08-2012,2,0,1,3.0,,,,,,,,,,,,,,,,
5_27-11-2016,5,0,2,1.0,3.0,4.0,6.0,,,,,,,,,,,,,
5_27-11-2020,5,2,0,1.0,3.0,6.0,4.0,7.0,,,,,,,,,,,,
5_28-03-2021,0,3,1,2.0,4.0,,,,,,,,,,,,,,,
5_28-06-2013,4,2,5,3.0,0.0,1.0,6.0,,,,,,,,,,,,,
5_28-08-2011,5,2,7,1.0,4.0,6.0,0.0,3.0,8.0,,,,,,,,,,,
5_28-10-2012,5,0,6,3.0,1.0,4.0,7.0,2.0,,,,,,,,,,,,
5_29-04-2012,0,1,5,2.0,4.0,3.0,,,,,,,,,,,,,,
5_29-07-2011,3,5,8,9.0,7.0,1.0,4.0,2.0,0.0,6.0,,,,,,,,,,
5_29-08-2013,7,1,4,0.0,3.0,2.0,6.0,5.0,,,,,,,,,,,,
5_29-08-2016,4,1,0,2.0,3.0,,,,,,,,,,,,,,,
5_29-11-2015,6,4,2,3.0,1.0,0.0,5.0,,,,,,,,,,,,,
5_3-06-2016,4,3,5,2.0,0.0,6.0,1.0,,,,,,,,,,,,,
5_30-05-2014,6,4,1,0.0,5.0,3.0,2.0,,,,,,,,,,,,,
5_30-06-2011,2,0,3,8.0,1.0,6.0,5.0,9.0,7.0,13.0,12.0,10.0,11.0,4.0,,,,,,
5_30-06-2012,5,0,3,6.0,4.0,1.0,2.0,,,,,,,,,,,,,
5_30-09-2012,5,2,3,6.0,7.0,1.0,0.0,4.0,,,,,,,,,,,,
5_30-10-2011,5,4,1,0.0,2.0,3.0,6.0,7.0,,,,,,,,,,,,
5_30-12-2020,10,0,8,5.0,14.0,2.0,9.0,12.0,6.0,3.0,4.0,1.0,13.0,11.0,7.0,,,,,
5_31-03-2019,6,5,1,0.0,7.0,2.0,8.0,9.0,4.0,3.0,,,,,,,,,,
5_31-08-2015,5,1,0,2.0,3.0,4.0,,,,,,,,,,,,,,
5_4-07-2019,2,3,4,1.0,0.0,,,,,,,,,,,,,,,
5_7-07-2016,2,1,0,6.0,7.0,4.0,3.0,5.0,8.0,,,,,,,,,,,
5_8-03-2020,5,1,6,0.0,4.0,2.0,3.0,,,,,,,,,,,,,
5_9-04-2017,0,12,4,9.0,5.0,7.0,8.0,3.0,13.0,11.0,2.0,10.0,1.0,6.0,,,,,,
5_9-10-2016,2,13,5,3.0,10.0,7.0,12.0,11.0,9.0,8.0,4.0,1.0,6.0,0.0,,,,,,
6_26-10-2014,4,1,5,6.0,3.0,0.0,2.0,,,,,,,,,,,,,
7_26-10-2014,5,6,9,11.0,4.0,10.0,0.0,1.0,7.0,2.0,8.0,3.0,,,,,,,,
