"N° ","CABALLO ","","EDAD ","KG ","JINETE ","CUADRA ","PREPARADOR ","CAJON ","Ult. Actuac. ",
"1 ","EL INGRATO(FR) ","","4 ","62 ","I.MELGAREJO (60,5) ","C.BERNARDO ","R.AVIAL ","6 ","6,4,1,9,8 ",
"2 ","RISCHIATUTTO(IRE) ","(2)(3) ","7 ","60,5 ","A.MARTINEZ (57) ","MAIA LIDADOR ","J.OLIVEIRA ","12 ","8,2,6,6,5 ",
"3 ","BARRY LYNDON(FR) ","(5) ","6 ","60,5 ","SRTA.MARTINEZ L. (58,5) ","C.EL SABLE ","E.PUENTE ","5 ","3,7,0,3,4 ",
"4 ","BRISCOLA(GB) ","(3) ","5 ","59,5 ","SR.SARABIA D.A. ","C.RIO CUBAS SL ","E.LEON ","9 ","1,7,3,3,6 ",
"5 ","BARENTON(FR) ","(5) ","6 ","59 ","M.E.FERNANDEZ ","C.SILVER ","J.M.SILVA ","11 ","0,0,3,3,6 ",
"6 ","IVAN EL TERRIBLE ","(5) ","8 ","58 ","B.FAYOS ","C.ARTEMIS ","J.LOPEZ ","4 ","1,2,1,9,0 ",
"7 ","VOLGAR(IRE) ","","4 ","57,5 ","V.JANACEK ","C.VOLGAR ","G.MADERO ","2 ","8,2,1,1,2 ",
"8 ","SIR MAURO(GB) ","","4 ","57 ","J.L.MARTINEZ ","Y.AGF ","G.ARIZKORRETA ","7 ","4,8,3,3,9 ",
"9 ","ARRIGUNAGA ","","6 ","56,5 ","R.SOUSA ","A.C.M. ","M.GOMES ","1 ","0,3,7,3,2 ",
"10 ","ORRI(IRE) ","","6 ","55,5 ","V.M.VALENZUELA (54) ","C.METAPHOR ","G.VAZ ","10 ","2,5,0,5,6 ",
"11 ","CE LA VIE(GB) ","","6 ","55 ","N.DE JULIAN ","C.ALEGRE ","D.FARLETE ","3 ","9,4,3,5,5 ",
"12 ","CELESTIN'S(GB) ","","5 ","54 ","J.GELABERT ","C.COSTA LA VALL ","R.COSTA ","8 ","5,7,0,8,5 ",
