"CABALLO ","","EDAD ","KG ","JINETE ","CUADRA ","PREPARADOR ","CAJÓN ","Ult. Actuac. ",
"","","5 ","65 ","SR.URBANO L. ","C.ALISARES ","G.MADERO ","2 ","4,3,6,3,0 ",
"","","","64 ","SR.ALONSO c. ","C.ROBER ","R.AVIAL ","3 ","5,6,6,8,7 ",
"","","","64 ","SR.SARABIA D.A. ","C.RIO CUBAS SL ","O.ANAYA ","9 ","1,2,0,4,1 ",
"","","","64 ","SR.GREDILLA P. ","C.SILVER ","J.M.SILVA ","4 ","5,5,1,6,0 ",
"","","4 ","64 ","SRTA.PEREZ C. (60,5) ","C.EL SABLE ","E.PUENTE ","7 ","2,0,1,6,9 ",
"","","","63 ","SR.SAINZ A. ","C.SUPERM. CARDOSO ","D.TEIXEIRA ","1 ","8,5,0,6,6 ",
"","","4 ","63 ","SRTA.LOPEZ D. ","MQS.DE MIRAFLORES ","E.LEON ","5 ","0,6 ",
"","","","63 ","SRTA.BUESA C. (61,5) ","C.ZUL ","J.C.CERQUEIRA ","10 ","0,9,0,6,7 ",
"","","","61,5 ","SRTA.ALONSO V. (57) ","MARTE WILHELMSEN ","J.OLIVEIRA ","8 ","6,7,6,6,2 ",
"","","","61,5 ","SR.LABORDE P. (62) ","L&M RACING ","G.VAZ ","6 ","6,0,3,8,6 ",
"","(2) ","4 ","61,5 ","SR.RUIZ-LOPETEDI J. (61) ","Y.MILITAR ","F.LIÑAN ","11 ","0,5 ",
