"N° ","CABALLO ","","",
"1 ","SATIN CHIC(GB) ","(3) ","7 ",
"2 ","ZERI(FR) ","","5 ",
"3 ","MONZALVOS ","","6 ",
"4 ","MIDNIGHT STAR(POR) ","(5) ","4 ",
"5 ","ALADIERNA ","","4 ",
"6 ","LA FRISLA(IRE) ","(3) ","4 ",
"7 ","PALACE GUARD(IRE) ","","5 ",
"8 ","DOBLE o NADA(FR) ","","5 ",
"9 ","AYAMONTE(FR) ","","",
"10 ","LITTLE LULU(IRE) ","","",
"11 ","BELLA BARONESSA(GER) ","","4 ",
"12 ","MISS TUFIA ","","4 ",
"13 ","QUIMERA(GB) ","(5) ","8 ",
"14 ","BELGE MENCI(GER) ","","",
"15 ","LOCHFIELD(IRE) ","","6 ",
