"","","EDAD ","KG ","JINETE ","CUADRA ","PREPARADOR ","CAJÓN ","Ult. .Actuac ",
"","","","62 ","SRTA.BUESA C. (61) ","C.ZUL ","J.C.CERQUEIRA ","11 ","6,4,4,5,3 ",
"","","","61,5 ","M.E.FERNANDEZ ","Y.ESCALONA ","M.ALONSO R. ","13 ","0,5,0,0,7 ",
"","","","61 ","SRTA.MARTINEZ L. (59) ","C.IBAITA ","E.PUENTE ","6 ","3,3,0,8,8 ",
"","","","61 ","R.SOUSA ","C.SILVER ","J.M.SILVA ","2 ","4,4,0,6,9 ",
"","","","60 ","I.MELGAREJO (58,5) ","C.DELDAN ","C.DELCHER ","7 ","9,6,6,8,5 ",
"","","","59,5 ","B.FAYOS ","C.JOLAM ","M.J.GOMEZ ","4 ","2,2,0,7,9 ",
"","","","59 ","F.JIMENEZ ","C.ALEGRE ","D.FARLETE ","12 ","0,0,6,4,2 ",
"","","","58,5 ","V.JANACEK ","C.JAYJO ","G.MADERO ","14 ","4,9,6,8,1 ",
"","","7 ","57 ","N.SACCU (54,5) ","ECURIE JNK ","J.M.SILVA ","10 ","5,0,9,7,5 ",
"","(5) ","3 ","55 ",".M.VALENZUELA (53,5) ","PAULO ALVES JUNIOR ","H.PEREIRA ","1 ","9,5,5,6,0 ",
"","","","54 ","N.DE JULIAN ","C.EL SABLE ","E.PUENTE ","5 ","1,3,0,0,0 ",
"","","","53,5 ","J.ZAMBUDIO (48,5) ","C.GUTIERREZ LA SERNA ","E.PUENTE ","15 ","7,4,7,6,7 ",
"","","","52,5 ","E.J.ARGUINZONES (54) ","C.JM ","E.PUENTE ","3 ","4,4,5,0,4 ",
"","","9 ","51 ","J.GELABERT (52,5) ","C.MAGICA ","M.AUGELLI ","8 ","3,7,7,3,8 ",
"","","","51 ","M.MONCEAUX (47) (G.Roja) ","C.EL SABLE ","E.PUENTE ","9 ","6,4,0,8,8 ",
