"","","","KG ","JINETE ","CUADRA ","PREPARADOR ","CAJÓN ","Ult Actuac. ",
"","","","59 ","R.SOUSA ","MQS.DE MIRAFLORES ","E.LEON ","6 ","1,4,9,1,3 ",
"","","","59 ","I.MELGAREJO (57) ","C.MARTUL ","R.MARTIN V. ","5 ","5,1,3,2,5 ",
"","","","57,5 ","V.M.VALENZUELA (56) ","C.NANINA ","J.CALDERON ","8 ","1,9,1,1,4 ",
"","(3) ","5 ","57,5 ","J.L.MARTINEZ ","SUC R.COCHETEUX ","X.THOMAS ","3 ","1,0,8,3,1 ",
"","","6 ","57,5 ","J.GELABERT ","C.BEST HORSE ","G.VAZ ","2 ","8,1,3,6,1 ",
"","","4 ","56 ","V.JANACEK ","C.ATERPE ","G.ARIZKORRETA ","1 ","2,7,5,5,0 ",
"","","","56 ","A.WERLE ","WILLIAM ARMITAGE ","E.LEON ","7 ","9,8,7,4,2 ",
"","","","56 ","B.FAYOS ","C.BLOKE ","A.REMOLINA ","4 ","1,3,8,2,2 ",
