"N° ","CABALLO ","","EDAD ","KG ","JINETE ","CUADRA ","PREPARADOR ","CAJÓN ","Ult. Actuac. ",
"1 ","KUKO(IRE) ","(5) ","3 ","56 ","F.JIMENEZ ","C.JEREZANA ","J.CALDERON ","5 ","2,1,2,6,6 ",
"2 ","MAX'S THUNDER(IRE) ","","3 ","56 ","R.SOUSA ","MQS.DE MIRAFLORES ","C.DELCHER ","4 ","6,1,2,5,0 ",
"3 ","APOCOPE(FR) ","(3) ","3 ","54,5 ","V.M.VALENZUELA (53,5) ","L&M RACING ","G.VAZ ","6 ","5,4,6 ",
"4 ","HOLY MADNESS ","","3 ","54,5 ","B.FAYOS (55,5) ","C.LEZAMA ","A.LEZAMA ","7 ","0 ",
"5 ","LORENA ","","3 ","54,5 ","V.JANACEK (55) ","C.TORNASOL ","E.LEON ","2 ","6,9 ",
"6 ","NAYADE(GB) ","","3 ","54,5 ","J.GELABERT ","C.ALDOVEA ","P.OLAVE ","1 ","5,1 ",
"7 ","TURANDOT ","","3 ","54,5 ","M.HRUBOSOVA (49,5) ","Y.AGF ","G.ARIZKORRETA ","3 ","7,1,6,3,5 ",
