"N° ","CABALLO ","","EDAD ","KG ","JINETE ","CUADRA ","PREPARADOR ","CAJÓN ","Un. actuaciones* ",
"1 ","TAPON DE ORO ","","3 años ","62 ","J.CROCQUEVIEILLE ","ZURRAQUIN ","HERNANDEZ, M. ","2 ","[06,02,08,09,04] ",
"2 ","SARO(IRE) ","(5) ","5 años ","60 ","SR SARABIA,D. ","C.RIO CUBAS ","E.PUENTE ","1 ","[04,02,02,07,02] ",
"3 ","DRAGO CANARIAS (IRE) ","","3 años ","57 ","R.SOUSA(56) ","GRUPO BOLAÑOS GRAN CANARIA ","LEON, E ","3 ","[07,NP,05,02] ",
"4 ","USAQUEN (FR) ","(5) ","6 años ","57 ","SR MELGAREJOJI. (54) ","NEO ","ALVAREZ. M. ","5 ","[04,08,06,04.01 ",
"5 ","BORYSTHENE (FR) ","","6 años ","56 ","M.GOMES ","BEST OF CAFFE ","MENDES I. ","4 ","[02,02,01,02,06] ",
"6 ","HONG KONG BOY (FR) ","(2)(3) ","8 años ","56 ","V.JANACEK ","QUINTA SANTA JUSTA MAIA ","VIDINHA, c. ","6 ","[02,07,09,03,02] ",
"7 ","VANITY FAIR ","(2) ","4 años ","56 ","M.SECCI ","CLUB 38 ","RGUEZ F. M.(EQUIPO 38) ","7 ","[08,02,03,02,05] ",
