"N° ","CABALLO ","","EDAD ","KG ","JINETE ","CUADRA ","PREPARADOR ","CAJÓN ","Ütt. actuaciones* ",
"1 ","JUAN DANIEL ","","5 años ","62 ","B.FAYOS ","JEREZANA ","BUZON, E. ","1 ","[04,04,NP,03,07] ",
"2 ","CAPTAIN MOONLITE (IRE) ","(6) ","3 años ","61 ","M.GOMES ","MARTEL SANCHEZ ","RAMA, B. ","3 ","[01,07,02,11.01] ",
"3 ","KOMA OE (USA) ","(2) ","3 años ","61 ","O.O. DE URBINA ","ARTEMIS ","LOPEZ, J. ","8 ","[02,01,04,01,07] ",
"4 ","RIVENDEL (IRE) ","(4) ","3 años ","60 ","J.GELABERT (57) ","SAN JOSE ","GELABERT,B. ","5 ","[02,02,09,01,03] ",
"5 ","ARGOS ","","4 años ","59 ","R.SOUSA (58) ","BARREIROS ","ROSELL, J.C. ","7 ","[02,01,02,05,01] ",
"6 ","MAGIC POMMIER (GB) ","(3) ","4 años ","59 ","R.RAMOS ","PUENTEDEY ","RECIO, B. ","4 ","[06,01,01,04,06] ",
"7 ","SUPERBONI (FR) ","(5) ","6 años ","59 ","SR LABORDE,P.(56)(B.Blanca) ","ARTEMIS ","LOPEZ, J. ","2 ","[01,03,03,07,07] ",
"8 ","VALENCIA ","","4 años ","59 ","M.A.NARVAEZ (57) ","LUZERPALHA ","FERNANDEZ R., J.C. ","6 ","[03,05,08,10,13] ",
