"N° ","CABALLO ","","EDAD ","KG ","JINETE ","CUADRA ","PREPARADOR ","CAJÓN ","Ult. actuaciones* ",
"1 ","COLLIO SIDE ","","4 años ","58,5 ","B.FAYOS ","RIO CUBAS ","ANAYA, O. ","2 ","[02,01,01,01,01] ",
"2 ","GUERAL ","(3) ","5 años ","58.5 ","J.CROCQUEVIEILLE ","SAN ANTONIO ","MAROTO, J.L. ","1 ","[02,03,01,01,04] ",
"3 ","HAPPY FEW (GB) ","","6 años ","58,5 ","R.HUAYAS ","AREQUIPA ","HUAYAS,R.H. ","3 ","[02,01,04,10,11] ",
"4 ","HIGH IKER ","","9 años ","58,5 ","J.L.MARTINEZ ","RIAS BAIXAS ","SILVA, F. ","5 ","[06,09,09,NP,12] ",
"5 ","GIMENA ","","5 años ","57 ","IBORREGO ","DO XASTRE ","SILVA,F. ","6 ","[07,15,06,NP,06] ",
"6 ","NELSON ","","3 años ","56 ","V.JANACEK ","YEGUADA AGF ","ARIZKORRETA, G. ","4 ","[01,02,03,01,06] ",
"","","","","","","","","","",
