"N° ","CABALLO ","","EDAD ","KG ","JINETE ","CUADRA ","PREPARADOR ","CAJÓN ","Ult. actuaciones* ",
"1 ","EL VIEJO GAUCHO ","(2)(3)(4) ","3 años ","60 ","J.L.BORREGO ","JOSE SIMO ","MARIN, M.A. ","6 ","[03,09,09,03,02] ",
"2 ","CORTIZADA ","","3 años ","59 ","SRTA BOVILLE,C. (57) ","SAMALASSA ","RGUEZ F. M.(EQUIPO 38) ","5 ","[07,01,04,10,NP] ",
"3 ","CHICHARITO ","(5) ","3 años ","55 ","V.JANACEK ","EL BRUJO ","LOPEZ, J. ","2 ","[10,04,10,05,03] ",
"4 ","RIBAHUI ","","3 años ","55 ","J.L.MARTINEZ ","CALEJAÑA ","FERNANDEZ R., J.C. ","4 ","[03,04,13,05,06] ",
"5 ","MANCALA ","","3 años ","52 ","M.GOMES (53,5) ","AGRO CARVALHO ","PEREIRA, H. ","1 ","[05,05,06,06,05] ",
"6 ","MONTIEL ","","3 años ","50 ","J.GELABERT (47) ","PINCAL ","MARIN, M.A. ","3 ","[10,09,11,08,08] ",
