"N° ","CARAIZO ","","EDAD ","PESO ","","","","CA/ON ","Actuon ",
"1 ","ALTERNATIVAS ","","6 ","58 ","J.L. MARTINIZ ","LAS ROZAS ","M.J. PEREZ ","3 ","3,1,8,3,6 ",
"2 ","AMATHYST (08) ","(3) ","5 ","se ","R.N. VALLE ","DOS ESTRILLAS ","i.c. CERQUEIRA ","2 ","10,9,5,2,4 ",
"3 ","SWIFT MOVER (IRE) ","","s ","sa ","R. SOUSA ","ELEVAGE LA REVERDITE ","T. MARTINS ","9 ","",
"4 ","LENDA DA TORRE (POR) ","","4 ","57 ","N. DE ","AGRO CARIVALIO ","B. SAMPAIO ","10 ","5,5,2,12 ",
"s ","CE LAVIE (GB) ","","5 ","56 ","V. JAMACEK ","ESPECTACULO ","H. PEREIRA ","$ ","6,2,9,4,5 ",
"6 ","HEARTBREAKER ","","5 ","56 ","5. ALONSO [57] ","YANKEE RACING ","o ANAYA ","1 ","5,9,8,2,5 ",
"7 ","STARLIGHT MYSTERY (IRE) ","","4 ","56 ","a. FAYOS ","BOLAK ","J.C. CERQUEIRA ","4 ","",
"B ","GRACE'S SECRET [GB) ","","4 ","ss ","I.L. BORREGO (55,5) ","LA HOBA DEL TURF ","J.A. RODRIGUEZ ","11 ","6,7,7,A,0 ",
"9 ","HWVANA MAGIC (GA) ","","4 ","55 ","D. FERREIRA ","FEP RACING ","o. ANAYA ","a ","4,8,5,7,6 ",
"10 ","MI SERENATA (IRE) ","","5 ","55 ","L MELGAREIO ","AS MAIA ","$ MAA ","7 ","6,8,6,5,15 ",
"11 ","MICEA ","(4) ","4 ","55 ","J. GELABERT ","DUQUE DE ALBURQUERQUE ","I.M. OSORIO ","6 ","12,9 ",
