"AW ","CABAIZO ","","FOAD ","AESO ","ANETE ","","PRYPARADOR ","CALON ","4NT ",
"1 ","BLUE MARTINI (GER) ","","6 ","63 ","a. FAYOS ","BEST HORSE ","G. VAZ ","4 ","1,3,8,7,4 ",
"2 ","MILLENNIUM FALCOM [GB) ","(3) ","6 ","58 ","V.M. VALENZUELA (57) ","JEREZANA ","1. CALDERON ","1 ","6,2,10,8,4 ",
"a ","ZAYANY ","","4 ","56 ","R. SOUSA ","","T MARTINS ","2 ","1,3,3,5,7 ",
"4 ","RUN RUN ","(3) ","4 ","56 ","V. JANACEN ","KARIKATO ","M. AUGELLI ","5 ","2,8,7,1,1 ",
"5 ","MICE TO MEET YOU (mY) ","(3) ","$ ","55 ","A. FIORI ","MARSHERITA TURA ","M. TELUNI ","6 ","1,1,5,4,6 ",
"6 ","DELTA CRUOS (USA) ","","a ","55 ","R.N. VALLE ","LAS ASUILAS ","P.P. DIAZ ","a ","5,3,4,1,1 ",
"7 ","MUNSTEAD GOLD (GB) ","(10) ","4 ","51,5 ","I. NOPLINONA ","HELBABEL ","1. SALGUER ","7 ","10,11,856 ",
". ","OND AZUL (FR) ","","& ","51,5 ","A GELABERT (52) ","ROBERTO COCHETEUX ","M. AMMAREZ ","a ","3,8,8,7,9 ",
