"NF ","CABALLO ","","1040 ","PESD ","","","PREPARADOR ","CAAON ","",
"1 ","ARMINIO ","(2) ","5 ","62 ","N. DE JULIAN ","NAZARENA ","J. SALGUERO ","10 ","2,4,9,1,3 ",
"2 ","PANZENU (FR) ","(30 ","4 ","62 ","1. GELABERT ","ROBERTO COCHETEUX ","M. ALVARIZ ","1 ","7,6,7,5,3 ",
"3 ","FAST MOOD (6a) ","","5 ","61,5 ","R.H. HUAYAS ","R.H.D. ","R.H. HUAYAS ","4 ","2,5,5,4,3 ",
"4 ","KISMAR (IRI) ","","6 ","61 ","v. JANACEK ","ROYAL GAIT ","LA ROCRISUEZ ","6 ","3,1,4,2,5 ",
"$ ","LORD OF WESTBURY ORE) ","(5) ","7 ","61 ","R.N. VALLE ","LAS AGUILAS ","P.P. DIAZ ","2 ","4,7,2,1,2 ",
"6 ","SIBYL (IRE) ","","4 ","61 ","D. FAYOS ","ARLA PAZDOKI ","o. RODRIGUEZ ","7 ","4,3,9,4,7 ",
"7 ","SOVILLA ","","4 ","60.5 ","& ALONSO ","BUELNA EQUI ","P.P. DIAZ ","9 ","5,4,9,9,13 ",
"a ","NUBONI (FR) ","","a ","60 ","SRTA BUESA, c (58) ","ZUL ","I.C. CERQUETIRA ","$ ","3,4,2,5,2 ",
"9 ","GAFZA (USA) ","(2) ","5 ","59 ","V.M. VALENZUELA (58) ","SEPTIMO ARTE ","M.I. PEREZ ","11 ","9,6,8,1,3 ",
"10 ","SCHEME DE THE MOON (FR) ","","7 ","58,5 ","I. MELGABEIO (57,5) ","PINHEIRO ","H. OLIVEIRA ","* ","6,1,8,7,19 ",
"11 ","FARSAMAN OFFO ","(3) ","4 ","57,5 ","R. SOUSA ","AGRO CARVALHO ","a SAMPAID ","3 ","4,11,9,6,4 ",
"12 ","ASCAMIO ","(2) ","5 ","56 ","I.I. BORREGO ","HELISABEL ","J. SALGUERO ","12 ","1,2,4,8,10 ",
