"N° ","CARAIZO ","","EDAD ","PESO ","","CAMDRA ","PREPARADOR ","GA/OW ","Actuee ",
"1 ","MARRY LYNDOM (FR) ","(3) ","5 ","64 ","D. ","RIO CUBAS ","a ANAYA ","4 ","2,2,4,2,4 ",
"2 ","CUENTISTA ","(6) ","10 ","64 ","SRA. FERNANDEZS, M (61) ","ODISEA ","A. CARRASCO ","5 ","11,7,7,1,3 ",
"3 ","SAMTIZ ","","& ","64 ","SR. PINEDA, G. ","CIUDAD RODRIGO ","G. ARIZKORRETA ","3 ","2,5,1,6,6 ",
"4 ","ARTE or GOLD (GB) ","","$ ","60,5 ","SR LEZAMA, A. ","TIMERFE ","a ANATA ","1 ","5,5,9,9,11 ",
"5 ","MIDMIGHT WHISTLER (USA) ","(31 (4) ","7 ","69,5 ","SRTA. BUESA, c ","SA IOAO MATISTA ","H. PEREIRA ","2 ","7,8,3,4,5 ",
