"N ","CABALLO ","","","","","COADAA ","PREPARADOR ","CAION ","LAT Actuon ",
"1 ","LADY MARENGO (IRI) [12.000) ","","a ","57,5 ","D. FERREIRA (56,5) ","HISPANICA ","o. ANAYA ","a ","4,9,10,8,2 ",
"2 ","LAJEEN (Ga) (12.000) ","","8 ","57,5 ","v. JANACEK ","JACAL ","A TSERETELI ","2 ","4,6,7 ",
"a ","URUBAMBA (FR) (12,090) ","","3 ","57,5 ","V.M. VALENZUILA (56,51 ","NAMINA ","J. CALDERON ","6 ","1,5,6,6,8 ",
"4 ","REST BAY (IRE) (10.000) ","","3 ","57 ","I. MELGAREIO (55,5) ","SORADOR ","I LOPEZ ","7 ","3,10,10,6,8 ",
"5 ","LA CHICA MAGICA ORE) (11.000) ","(3) ","a ","56,5 ","a. FATOS ","c. FEP RACING ","o. ANAYA ","1 ","5,9,5,3 ",
"5 ","LORD ATHOS (IRE) (7.000) ","","a ","$4 ","R.M. VALLE ","SALVADOR MARQUEZ ","L LOPEZ ","a ","6 ",
"7 ","8.000) ","(3) ","3 ","53,5 ","J. GELABERT ","CELSO MENDEZ ","M. ALVAREZ ","5 ","3,4,5,6,9 ",
"a ","PIMILICO PLEASER (IRE) (7.000) ","","3 ","52,5 ","R. SOUSA (54,5) ","NOSSA SENHORA DO VALE ","H. PERBIA ","4 ","4,5,7,5,5 ",
