"NT CABALLO ","","EDAD ","KG ","JIVITE ","CUADRA ","PREPARADOR ","CAIÓN ","the ",
"1 URBAN ROCK (IRE) ","","alos ","62 ","(57,5) ","opon ","L'ENNOUNI ","4 ","",
"2 EMBAT (IRE) ","(4) ","alos ","41 ","IL.MARTINEZ ","LATOLEDANA ","ILMAROTO ","5 ","",
"3 ELYSIAN STAR (FR) ","","Gates ","60 ","BJAYOS ","IGUILDO ","B.MORENO ","2 ","(14,04,06,07,04) ",
"4 KING LIID (ca) ","","ates ","so ","LOBLABEKT (G.Banca) ","LA TOLEDANA ","","1 ","(05,01,06,04,04) ",
"5 SOUND OF VICTORY (IRE) ","","tatos ","58.5 ","(56) ","ACOPO TELUNI ","M&N BACING ","3 ","",
"6 CAMALEON (IRE) ","","Sales ","55,5 ","VJANACEK ","ODISEA ","ILMAROTO ","6 ","(03,07,01,01,10) ",
