"N° CABALLO ","","EDAD ","KG ","JIVETE ","CUADRA ","PREPARADOR ","CAIÓN ","UR ",
"1 BRUJILDA ","","2 atos ","57 ","V.JANACEK ","YEGUADA ROCIO ","GARIZKORRETA ","4 ","[01,03,NP ",
"2 MADIDINA (FR) ","","2 atos ","57 ","","ECURIE DES MOUETTES ","","5 ","(02,41,01,03) ",
"3 RED LIGHT (FR) ","","2 alos ","57 ","","ECURIE DES MOUETTES ","AINAZA. ","3 ","[#2] ",
"4 REINA MADRE (IRE) ","","2 ","$7 ","LLMARTINEZ ","CENTURION ","ASOTO ","1 ","I Debutante I ",
"5 SPORT DREAN (FR) ","","2 allos ","57 ","R.SOUSA ","MARQUES DE MIRAFLORES DE SAN ANTONI ","M.DELOHER & ","2 ","(04,01.00) ",
