"N° CARAILO ","","FIMAD ","","JIVETE ","CUADRA ","PREPARADOR ","CAIÓN ","Ux ",
"1 SIR MAURO (GB) ","","4 alos ","62 ","IGROSIEAN ","YEGUADA. AGF ","GARIZKORKETA ","B ","",
"2 BERTUCHI ","(5) ","4 attos ","61,5 ","R.FAYOS ","TEGUADA ILINERIS ","","3 ","(04,03,10,09,05) ",
"3 DROVER (GH) ","(3) ","5 atos ","61 ","VJANACEK ","PATHIZIA ROSSANA TESTA ","","4 ","(04,05,07,08,03) ",
"4 NICE TO MEET YOU (ITY) ","(3) ","altos ","59,5 ","SATA GELABEKT, L (57,5) ","ACOPO TELUNI ","M&M RACING ","6 ","",
"5 NAYRO (CH) ","(1) ","atos ","so ","(177,5) ","CELSO MENDEZ ","MALVAREZ ","s ","",
"6 LEE BAY (GB) ","","7 alta ","57 ","N.DEJULIAN ","LAS AGUILAS ","ACARRASCO ","9 ","(08,06,04,01,05) ",
", VICTORIA FALLS (FR) ","","3 ates ","56,5 ","R.SOUSA ","E PEREZ CUIMAN ","","7 ","(06,02,06,05,09) ",
"* TE KOOP (GB) ","(5) ","Salos ","52,5 ","NGIRCIA (51) ","LEONESA ","LOPEZ ","10 ","",
", COYOTE DAX ","","5 alos ","51 ","(46,5) ","TOLEDO ","ANUNEZ ","2 ","",
"10 BELGE MENCI (GER) ","","alos ","51 ","|GELABERT (52,5) ","MAGICA ","M&N RACING ","1 ","(03.43.05.03.17) ",
