"N° CABALLO ","","EDAD ","KG ","JIVETE ","CUADRA ","PREPARADOR ","CAIÓN ","",
"1 DANKO (GB) ","","2 atos ","57 ","","BERNARDO ","BAVIAL ",", ","(12) ",
"2 MONTERREDONDO (GE) ","","2 altos ","57 ","D.FERREIRA ","EL RETORNO ","I. ENNOUNI ","6 ","",
"3 NUR ","","2 alos ","57 ","R.SOUSA ","REZA PAZOOKI ","OANAYA ","4 ","[02] ",
"4 AGAMENON ","","2 abos ","55,5 ","F.IMENEZ ","EL PLACAIE ","L ENNOUNI ","B ","I Debutante ",
"5 ISABELA (FR) ","(5) ","ales ","55,5 ","ILMARTINEZ ","MEDITERRANED ","GARIZKORRETA ","3 ","",
"6 LUANCO (IRE) ","","2alos ","55.5 ","V4ANACEK ","YEGUADA ROCIO ","GARIZKORKETA ","2 ","I Debutante 1 ",
"7 VOLATILITY SMILE (FR) ","","Zalos ","55.5 ","","PE TODO UN POCO ","LARODRIGUEZ ","5 ","",
"* KENDAYA (IRE) ","","2 alos ","54 ","B.FAYOS(55) ","AGRADO ","E BULIZON ","1 ","I Debutante I ",
