"N° CABALLO ","","FIAAD ","KG ","JIVETE ","CUADRA ","PREPARADOR ","CAJÓN ","UN ",
"1 BOSTON BRUIN (IRE) ","","4 atos ","59,5 ","R.FAYOS ","ENRIQUE FERNANDEZ DE VEGA ","","1 ","(06,01,02,02,02) ",
"2 ELAMIRR (IRE) ","","4 años ","58 ","LGELABERT ","UMAMI ","M&M RACING ","5 ","(02,07,10,04,65) ",
"3 FURIOSO ","","4 atos ","58 ","VJANACEK ","YEGUADA ROCIO ","GARIZKORRETA ","7 ","(03/05,02,01,02) ",
"4 POWERFIL SOLE (GB) ","","4 atos ","SB ","FJIMENEZ ","AGRADO ","","3 ","",
"$ SIR ROQUE (FR) (a) ","","altos ","SB ","","","GARIZKORRETA ","4 ","(04,05,07,04,15) ",
"6 VALE (68) ","(5) ","atos ","58 ","R.SOUSA ","BOLAK ","M&N RACING ","6 ","(05,09,02,10,11) ",
", SALAR ISLAND (ITY) ","","3 atos ","57,5 ","ILMARTINEZ ","INIJINSKY ","GARIZKORRETA ","8 ","(05/01/04,01,01) ",
"R UNTITLED (FR) ","(2) ","3 alos ","56 ","N.DEJULIAN ","LAS BOZAS ","MUPEREZ ","9 ","",
". ZUBIETA ","","3 altos ","56 ","NGARCIA ","CARAL ","ILCHAVARRIAS ","2 ","",
