"N° CABALLO ","","EDAD ","KG ","JINETE ","CUADRA ","PREPARADOR ","CAJÓN ","Últ. actuaciones* ",
"1 ISHRAQ (FR) ","(3)(8) ","4 años ","62 ","R.SOUSA ","S.ELORZA CAVENGT ","0.ANAYA ","8 ","[05,04,03,06,06 ",
"2 TRESEFES ","(4)(8) ","4 años ","61,5 ","B.FAYOS ","ZURRAQUIN ","B.RAMA ","4 ","[02,03,07,12,10] ",
"3 MARAVEDI (IRE) ","(2) ","4 años ","61 ","N.DE JULIAN ","ODISEA ","A.CARRASCO ","10 ","[11,02,03,04,09] ",
"4 LA MAL AMADA ","(8) ","4 años ","61 ","V.JANACEK ","CANTER ","E.LEON ","7 ","[03,06,02,11,04] ",
"5 AS DE OROS (FR) ","(5)(8) ","4 años ","60,5 ","R.RAMOS ","YEPES MONTANCHEZ ","I.A.RODRIGUEZ ","9 ","[08,14,02,02,02] ",
"6 NICE TO MEET YOU (ITY) ","(3)(8) ","7 años ","55,5 ","M.MONTERISO (56) ","JACOPO TELLINI ","M&M BACING ","1 ","[07,03,04,03,01] ",
"7 NIAGARA ","","6 años ","54,5 ","M.E.FERNANDEZ ","YEGUADA CORTIÑAL ","].HORCAJADA ","6 ","[04,01,08,01,03] ",
"8 ARETHA ","(5) ","4 años ","54 ","R.N.VALLE ","ARTEMIS ","I.LOPEZ ","2 ","[05,NP,09,07,06] ",
"9 TE KOOP (GB) ","(5) ","6 años ","53,5 ","J.GELABERT ","LEONESA ","I.LOPEZ ","5 ","[01,06,NP,04,08 ",
"10 PALACE GUARD (IRE) ","(3) ","6 años ","51 ","A.MARTINEZ ","ALEGRE ","D.FARLETE ","3 ","[P,05,NP,06,04] ",
