"","CARALLO ","","SEXO ","EDAD ","KG ","JINETE ","CHADRA ","PREPARADOR ","CAJON ","LELActux. ",
"1 ","PARABAK (FR) (8.000) ","","c ","5 ","62 ","SR. SARABIA, D ","RIO CUBAS ","1. LÓPEZ ","5 ","(1,1,2,2,2) ",
"2 ","ANODINO (FR) (8.000) ","(4) ","Cas ","4 ","60 ","L MELGAREJO ","NOVAS GLORIAS ","D. TEIXEIRA ","2 ","[4,8,14,2] ",
"3 ","SKATERS WALTZ (IRE)(8.000) ","(5) ","Cas ","9 ","60 ","B. FAYOS ","LABERINTO ","B. MORENO ","3 ","[12,3,6,6,3] ",
"4 ","RISCHIATUTTO (IRE) (5.000) ","(2)(3) ","Cas ","7 ","59 ","R. SOUSA ","MAIA LIDIADOR ","J. OLIVEIRA ","6 ","(7,1,6,3,11) ",
"5 ","TONDERO (FR)(5.000) ","(5) ","Cas ","3 ","59 ","N. VALLE ","SIEMPRE FANI ","T. MARTINS ","1 ","(8,1,5,1,8) ",
"6 ","IRENE (5.000) ","","Y ","3 ","56,5 ","H. HRUBOSÓVÁ (51,5) ","MEDITERRANEO ","G. ARIZKORRETA ","4 ","(5,3,1,2,3) ",
