"EDAD ","KG ","JINETE ","CUADRA ","PREPARADOR ","CAJON ","LELACTUR. ",
"3 ","62 ","N. SANTOS ","PEDRA BELA ","D. SOUSA ","4 ","[16,15,8,12,4] ",
"","62 ","I. MELGAREJO ","GINEBRA ","M. ÁLVAREZ ","* ","[7,8,10,10,5] ",
"5 ","61,5 ","B. FAYOS ","LOS NIÑOS ","J.C. CERQUEIRA ","1 ","(5,3,6,7,2) ",
"","60,5 ","N. DE JULIAN ","HELISABEL ","J. SALGUERO ","7 ","(11,2,1,2,2) ",
"8 ","60 ","H. HRUBOSÓVÁ (55,5) ","MAIA LIDIADOR ","J. OLIVEIRA ","3 ","(1,2,7,5,8) ",
"5 ","60 ","L. FONSECA (57,5) ","AGRO CARVALHO ","M. CARVALHO ","10 ","[10,7,6,1,2] ",
"3 ","59,5 ","J. GELABERT ","EACHWAY ","A. SÁNCHEZ, C. ","6 ","(7,7,13,12,6) ",
"4 ","56,5 ","v. JANACEK (G Roja) ","AGRO CARVALHO ","M. CARVALHO ","2 ","(1,9,13,12,7) ",
"","56 ","R. SOUSA ","NOVAIS & FERNANDE ","J.M. SILVA ","9 ","(2,2,4,11,3) ",
"5 ","55,5 ","J.L. MARTINEZ ","AIRES DE DOÑANA ","G. RODRÍGUEZ ","5 ","[5,1,3,4,6] ",
