"VI ","CABALLO ","","SEXO ","EDAD ","KG ","JINETE ","CHADRA ","PREPARADOR ","CAJON ","",
"1 ","COSTA ESMERALDA (FR) ","(3)(4) ","Cas ","6 ","63 ","IGELABERT ","SHOSHOLOZA ","M&M RACING ","1 ","[10,5,1,5,3] ",
"2 ","RADAMES (IRE) ","","Cas ","5 ","62,5 ","N. SACCU (59,5) ","YEGUADA AGF ","G. ARIZKORRETA ","6 ","[11,1,4,977 ",
"3 ","ANGEL DOWN (GB) ","","Cas ","6 ","60,5 ","v. JANACEK ","ALDARA ","G. ARIZKORRETA ","3 ","[3,4,5,2,6] ",
"4 ","TACIO (GB) ","(5) ","Cas ","3 ","58,5 ","B. FAYOS ","GREILET ","A. SÁNCHEZ, c. ","2 ","[5,9,7,7,7] ",
"5 ","MAYS THUNDER (IRE) ","","Cas ","3 ","58,5 ","R. SOUSA ","ZUL ","J.C. CERQUEIRA ","4 ","[7,4,4,4,6] ",
"6 ","SILVERED ANGEL (FR) ","","Cas ","4 ","58 ","J.L. MARTINEZ ","AIRES DE DOÑANA ","M. ÁLVAREZ ","5 ","[4,4,3,5,4] ",
