"VO ","CARALLI ","","SEXO ","EDAD ","KG ","JINFTE ","CHADRA ","PREPARATIOR ","CANON ","",
"1 ","TIERMES ","","Cas ","3 ","60 ","L MELGAREJO ","MIRANDA ","A. SOTO ","2 ","(4,5,2,2,2) ",
"2 ","ELCANELITA ","","Cas ","3 ","56 ","N. DE JULIAN ","HELISABEL ","J. SALGUERO ","5 ","Deb ",
"3 ","TOSCA ","(4) ","Y ","3 ","55,5 ","v. JANACEK ","YEGUADA AGF ","G. ARIZKORRETA ","4 ","[4,2,4] ",
"4 ","VITRA DE VALIENTE ","","Y ","3 ","55,5 ","B. FAYOS ","YEGUADA VALIENTE ","I.LÓPEZ ","3 ","[6,9,3,4,2] ",
"5 ","TURKISH MARCH ","(3) ","Y ","4 ","55 ","J. GELABERT ","MAGICA ","M&M RACING ","1 ","[10,14,6,5,5] ",
"6 ","KAMIDIA ","(2) ","Y ","3 ","54,5 ","R. SOUSA ","ENALTO ","A. TSERETELI ","6 ","[11] ",
