"N° ","CABALLO ","","EDAD ","KG ","JINETE ","CUADRA ","PREPARADOR ","CAJÓN ","Últ. actuaciones* ",
"1 ","BLACK WAGON ","(4) ","3 años ","56 ","o.o. DE URBINA ","TURF LA GARE ","LOPEZ, J. ","6 ","[07,13,06,06,02] ",
"2 ","FINE VINTAGE (FR) ","","3 años ","56 ","R.SOUSA (54) ","SALCEDO ","LEON, E ","5 ","[03,06,04,06,03] ",
"3 ","INNUENDO (FR) ","","3 años ","56 ","J.L.BORREGO ","CIELO DE MADRID ","RODRIGUEZ, o. ","2 ","[08,08,05,06,03] ",
"4 ","INDYKOVA ","","3 años ","55,5 ","J.GELABERT (51,5) ","AMIGOS DEL MOYATE ","CALLEJO S., T ","1 ","[04,04,05,04,07] ",
"5 ","SWEET DORAQ (FR) ","","3 años ","54,5 ","J.L.MARTINEZ ","ASOC. WHYLAR-VALLADOLID ","ARIZKORRETA, G. ","4 ","[04,04,13,04] ",
"6 ","LARISA (GB) ","","3 años ","53 ","M.SECCI ","DUQUE DE ALBURQUERQUE ","OSORIO, J.M. ","3 ","[ Debutante ] ",
