"N° ","CABALLO ","","EDAD ","KG ","JINETE ","CUADRA ","PREPARADOR ","CAJÓN ","Últ. actuaciones* ",
"1 ","BIZNAGA ","","4 años ","62 ","M.GOMES ","ADRIANA ","RAMA, B. ","2 ","[04,06,05] ",
"2 ","VALE DI ROSA (GB) ","","3 años ","61 ","H.PEREIRA ","DIROSA ","PEREIRA, H. ","1 ","[05,15,07,12,02] ",
"3 ","MAKAAMEN (GB) ","","8 años ","61 ","J.L.MARTINEZ ","GREILET ","SANCHEZ C., A. ","7 ","[NP,11,05,10,02] ",
"4 ","DEVIL BLACK ","","4 años ","60 ","E.ARGUINZONES (58) ","LA ESPIGA ","CARRASCO, A. ","3 ","[04,06,04,09,09] ",
"5 ","VANITY FAIR ","(2) ","4 años ","60 ","o.O. DE URBINA ","CLUB 38 ","RGUEZ F, M.(EQUIPO 38) ","10 ","[04,08,02,03,02] ",
"6 ","CALITXO ","(3) ","5 años ","59 ","V.JANACEK ","M & K RACING ","RAMA, B. ","4 ","[04,06,03,05,11] ",
"7 ","KINGKAYE (FR) ","(5) ","3 años ","59 ","J.CROCQUEVIEILLE ","HABIT ","FERNANDEZ B.,C. ","6 ","[06,02,13,05,06] ",
"8 ","AELITA ","","3 años ","56 ","SRTA ALONSO,B. (54) ","L. Y J.A. ALONSO ","FERNANDEZ B.,C. ","5 ","[04,06,07,04,11] ",
"9 ","FACE THE FACT (SWE) ","(5) ","12 años ","50 ","SR LABORDE,P (53) ","GABRIELLE VON ECKERMANN ","NYKANEN, K. ","9 ","[10,03,06,11,07] ",
"10 ","DAGO ","","4 años ","50 ","J.GELABERT (47) ","RANCHO PILAR ","OLGADO, E. ","8 ","[08,11,10,10,06] ",
