"N° ","CABALLO ","","EDAD ","KG ","JINETE ","CUADRA ","PREPARADOR ","CAJÓN ","Últ. actuaciones* ",
"1 ","LOLITA PLUMA (GB) ","","4 años ","62 ","SR PINEDA,G.(61) ","ALTAMIRA ","RODRIGUEZ, J.A. ","4 ","[02,04,04,02,02] ",
"2 ","CAÑADIO (IRE) ","","7 años ","60 ","J.L.MARTINEZ ","HISPANICA ","FERNANDEZ B.,C. ","2 ","[05,02,04,03,01] ",
"3 ","PREEMPT (GB) ","","4 años ","60 ","V.JANACEK ","LALLOSA ","ANAYA, o. ","7 ","[07,NP,NP,05,09] ",
"4 ","MISS GRAN CANARIA (GB) ","","3 años ","58 ","M.GOMES ","MARTEL SANCHEZ ","RAMA, B. ","8 ","[01] ",
"5 ","ROBERTTINO STAR ","(5) ","4 años ","57 ","R.SOUSA (56) ","MAGAÑA ","FERNANDEZ B.,C. ","3 ","[01,05,06,10,05] ",
"6 ","CORCUBION ","(5) ","9 años ","55 ","J.GELABERT (52) ","PEREIRA S.A.T. ","CALLEJO S., T ","6 ","[03,02,06,03,05] ",
"7 ","ARIZA ","","7 años ","55 ","M.SECCI ","INTERNORTE ","AUGELLI, M. ","1 ","[09,03,10,05,05] ",
"8 ","RIBAHUI ","","3 años ","53 ","J.L.BORREGO (53,5) ","CALEJAÑA ","FERNANDEZ B.,C. ","5 ","[01,03,04,13,05] ",
