"N° ","CABALLO ","","EDAD ","KG ","JINETE ","CUADRA ","PREPARADOR ","CAJÓN ","Últ. actuaciones* ",
"1 ","CHACARITA ","(4) ","4 años ","61 ","V.JANACEK ","ALBERO ","ARIZKORRETA, G. ","1 ","[03,01,03,01,10] ",
"2 ","HAPPY FEW (GB) ","","6 años ","60 ","R.HUAYAS ","AREQUIPA ","HUAYAS, R. ","5 ","[04,02,01,04,10] ",
"3 ","GIGGOLO STAR ","(5) ","5 años ","57 ","R.SOUSA (56) ","MAGAÑA ","FERNANDEZ B.,C. ","2 ","[06,03,04,06,06] ",
"4 ","VALENCIA ","","4 años ","56 ","I.JANACKOVA ","LUZERPALHA (POR-ESP) ","FERNANDEZ B.,C. ","4 ","[04,03,05,08,10] ",
"5 ","POLGAR ","","3 años ","50 ","J.GELABERT (47) ","MARISOL ","FERNANDEZ B.,C. ","3 ","[10,03,03,10,06] ",
