"N° ","CABALLO ","","EDAD ","KG ","JINETE ","CUADRA ","PREPARADOR ","CAJÓN ","Últ. actuaciones* ",
"1 ","CAPTAIN MOONLITE (IRE) ","(6) ","3 años ","60,5 ","M.GOMES ","MARTEL SANCHEZ ","RAMA, B. ","5 ","[01,01,07,02,11] ",
"2 ","EBEON ","(5) ","3 años ","59 ","J.GELABERT (55) ","NANINA ","CALLEJO S., T ","2 ","[01,01,03,01,06] ",
"3 ","RIVENDEL (IRE) ","(4)(5) ","3 años ","59 ","V.JANACEK ","SAN JOSE ","GELABERT, B. ","1 ","[06,02,02,09,01] ",
"4 ","DRAGO CANARIAS (IRE) ","","3 años ","57,5 ","R.SOUSA (55,5) ","GRUPO BOLAÑOS GRAN CANARIA ","LEON, E ","6 ","[01,07,NP,05,02] ",
"5 ","OREGON ","","3 años ","57,5 ","B.FAYOS ","YEGUADA CORTIÑAL ","BUZON, E. ","4 ","[04,02,02,02,02] ",
"6 ","SR ANGEL (GB) ","(5) ","3 años ","56 ","N.GARCIA ","ALTAMIRA ","RODRIGUEZ, J.A. ","3 ","[07,07] ",
