"N° ","CABALLO ","","EDAD ","KG ","JINETE ","CUADRA ","PREPARADOR ","CAJÓN ","Últ. actuaciones* ",
"1 ","FELIPE EL HERMOSO (FR) ","","3 años ","62 ","J.L.BORREGO ","BALDA ","ARIZKORRETA, G. ","3 ","[06,06,02,01,04] ",
"2 ","RUBENS ","","6 años ","62 ","J.L.MARTINEZ ","YEGUADA CORTIÑAL ","LEON, E ","4 ","[04,01,01,01,01] ",
"3 ","MEDICI PALACE (GB) ","","4 años ","59 ","J.CROCQUEVIEILLE ","BALMORI ","MAROTO, J.L. ","9 ","[01,03,06,05,07] ",
"4 ","AS DE THOMAS (GB) ","","5 años ","58 ","V.JANACEK ","CUATRO JOTAS ","RECIO, B. ","8 ","[01,07,07,07,11] ",
"5 ","MALKOVA (FR) ","","3 años ","57 ","E.MELIAN (55) ","YUDAKOVA ","RODRIGUEZ, J.A. ","6 ","[08,05,11,04,03] ",
"6 ","MILAGRES (GB) ","","3 años ","57 ","J.HORCAJADA ","MAURICIO DELCHER SANCHEZ ","DELCHER S., M. ","10 ","[01,08,12] ",
"7 ","VODKA LEMON (GB) ","","3 años ","56 ","R.H.HUAYAS ","DOS HERMANOS ","GUTIERREZ, A. ","7 ","[04,03,09,02,03] ",
"8 ","CAÑADIO (IRE) ","","4 años ","56 ","J.GROSJEAN ","HISPANICA ","RODRIGUEZ, F. ","2 ","[05,06,02,06,04] ",
"9 ","KALANDA ","","6 años ","55 ","M.BORREGO (55,5) ","CENTRO ","MARIN, M.A. ","1 ","[01,01,03,04,04] ",
"10 ","PEACH BLOOM (GB) ","","3 años ","55 ","o.o. DE URBINA ","LA TOLEDANA ","MAROTO, J.L. ","12 ","[12,02,08,08,11] ",
"11 ","REVOLAINA (USA) ","","4 años ","55 ","A.GOMEZ (53) ","YEGUADA URDIÑ-ORIYA ","PEREZ, F. ","5 ","[06,06,06,01,05] ",
"12 ","CUDON (IRE) ","(5) ","3 años ","54 ","M.SECCI ","ENTREAMIGOS ","AUGELLI, M. ","11 ","[04,04,03,04,07] ",
