"N° ","CABALLO ","","EDAD ","KG ","JINETE ","CUADRA ","PREPARADOR ","CAJÓN ","Últ. actuaciones* ",
"1 ","GARAJONAY (FR) ","","2 años ","58 ","J.GROSJEAN ","ASOC.SAFSAF-LOS TONELES ","RODRIGUEZ, F. ","7 ","[05,02,06,04,02] ",
"2 ","AZABACHE ","","2 años ","57 ","o.o. DE URBINA ","LOS TONELES ","RODRIGUEZ, F. ","2 ","[03,10,01,03,03] ",
"3 ","ALFACAR ","","2 años ","56 ","J.HORCAJADA ","EL FARGUE ","DELCHER S., M. ","5 ","[04,01,08,04,01] ",
"4 ","LUCENA (GB) ","","2 años ","55 ","J.L.BORREGO ","REALEJO ","ARIZKORRETA, G. ","3 ","[01,06,06] ",
"5 ","ILLUNBE (FR) ","","2 años ","53 ","J.CROCQUEVIEILLE (54,5) ","CIELO DE MADRID ","RODRIGUEZ, o. ","4 ","[04,04,03] ",
"6 ","NONALASS ","","2 años ","52 ","A.GOMEZ ","CHAMARTIN ","VALENTI, B. ","1 ","[04,02,07] ",
"","","","","","","","","","",
