"N° ","CABALLO ","","EDAD ","KG ","JINETE ","CUADRA ","PREPARADOR ","CAJÓN ","Últ. actuaciones* ",
"1 ","ACHTUNG ","","3 años ","57 ","o.o. DE URBINA ","ENALTO ","LOPEZ, R. ","7 ","[01,04,02,04,04] ",
"2 ","CASAR (IRE) ","(2) ","3 años ","57 ","J.HORCAJADA ","MEDREAL ","DELCHER S., M. ","8 ","[04,06,01,06,NP] ",
"3 ","DUNNBOINEE (IRE) ","","3 años ","57 ","J.B.HAMEL ","MARTUL ","IMAZ c., A. ","1 ","[06,06,03,04,01] ",
"4 ","FRANCESCO CARA (FR) ","","3 años ","57 ","J.CROCQUEVIEILLE ","SANTA BARBARA ","CALLEJO S., T ","2 ","[01,02,01,12,02] ",
"5 ","INDIANO ","(3) ","3 años ","57 ","V.JANACEK ","EL POTRO CLUB ","ARIZKORRETA, G. ","4 ","[03,06,07,01,02] ",
"6 ","LABRIT (GB) ","","3 años ","57 ","J.L.BORREGO ","QUINTO REAL ","ARIZKORRETA, G. ","5 ","[08,01,05,09] ",
"7 ","LIONEL STAR (FR) ","","3 años ","57 ","J.L.MARTINEZ ","LOS HIERROS ","PEREZ, M.J. ","6 ","[02,06,01,04,06] ",
"8 ","PRINCE TRIAL ","(3) ","3 años ","57 ","J.C.CERQUEIRA ","ZALDUENDO ","FERNANDEZ R., J.C. ","3 ","[04,02,05,03,09] ",
"(2) Difícil en la ","salida; (3) Correrá con carrilleras; (4) Visor. ","Utilizará ","tapones; (5) Correrá ","","","","la última actuación es la P: Parado; C: Caido: ","primera de la Qdo: Quedado ","izquierda; NP: Retirado: en la salida; Ddo: ",
