"PROPIETARIO ","N° CABALLO ","He. CONDUCTOR ","ENTRENADOR ","DIST BCF ","ORIGEN ","SUBAS ","","N.Dist ","CLABAP ","",
"",", es VEMENCO MAR ","A . ",". e ","2058 CWD ","Ma L ","41.394 ","1.54.5 ","1.10.9 ","","",
"","a ","drust ","J ","","","","","","","FLUDA ",
"",", E VITORIMO MAR ","- MUSTRE ","c ","","600 1904 ","24.091 ","1.10.9 ","1.15.9 ","","",
"Es Pas Si ",". us andis FUPER ","","M ","Case ","Filpar Autarita P ","","","","THARLIST ","",
"Reca Des ","a wawyun so ","D4 FERA . ","M. ","","LL ","41.327 ","1.54.1 ","1.17.a ","",". ",
"dequi ",". DE ","FLAMA ","","","Lobali ","76,096 ","1.546 ","","","",
"Calls ","7 AQULES DURAM ","DH a ANDREU ","a ","","(- - ","","1.14.3 ","1.10.1 ","","",
"",". TENDR DE KOR ","o OUVER ","","Orto ","Goal Ose ","","","1,172 ","","",
"Care Turé ","a VITALIC ","a MACARD ",". Mannam ","Cull ","Tilly (AM) Amaing ","40.008 ","1.10.4 ","","","",
"Liberas ","18 que se ","o REAR ","Suneda ","orti ","granomento os Form de ","","","1.16.3 ","","",
"Fallan ",""" ALACK POWES ","A WALLA ","A ","","Magisinal ","68.101 ","","","","",
