"A Trome Enganchado en 2.760 a ","Distancia 2.668m 1"". 1.300 al ","PLACA VERDE 180 al ","MUMERO NEGRO Yeguis de ","Hatricule ande alte. ","454 Forfaik internacionales de Nibne inspripción. ","% del ","premio ","","","Autontart ",
"PROPEETARIO ","N° GABALLO ","He CONDUCTOR ","ENTRENADOS ","DIST SGE ","ORIGEN ","SUBAS ","","R.Dist ","CLASAP. ","ULTIACARSERA ",
"",", VENTAGIA . ","DA PRONTERA ","A. Frontera ","2058 ","Jata ao ","40.400 ","1.54.7 ","1.10.2 ","","",
"","a ALMA (FR) ","","Rige ","265a ","do-Momina ","","","5.172 ","","",
"Deis ","3 OVIELAND DAR in ","","","","PI ","","1.10.8 ","","","",
"",". TOPADE OBLAO ","e SALAS ","Salos ","","De ","","1.16.4 ","","","",
"Cain Xinea ","VICTOIRE PEME ","","","","","10.00 ","","1.17.3 ","","",
"",". PFR) ","RIERA ","","","Du do ","","","1.15.3 ","","",
"","VIVA HICK (FY) ","","","","- ","","","","","",
"can ","PRIDE ","","","","- no Moora ou ","","1.54.9 ","1,10.1 ","","",
"Lasili ","a TibsA DU (PW) ","","","Eario ","Mail ","","","","","",
"Ten Joan ","10 AUBLADA DU BOUCHET ","MASCARD ","","EMT ","LO DM vonmad De Quesion m ","","","1.17.7 ","","MASCARO ",
"Lastil ",""" et MEDUDITE ","POCONI ","","Ewil ","de Magia ","","1.48.0 ","","","",
