"PROPIETARIO ","N° CABALLO ","He. CONDUCTOR ","ENTRENADON ","DOIT ROCE ","DROGEN ","","","","","",
"Ca Pou du ",". vosea ","(14 a GININEUS ","M ","265a Casd ","do-Nory Molase do ","65 ","1.18.1 ","","068068 ","",
"Then ","a UTIQUE CLEVILLE (FP) ","a ","Reymons ","2010 Cull ","PH ","48.300 ","1.16.2 ","","o ","",
"Aban ",", REFLET TOR ","DP RERA ","a ","2058 Orti ","Fenor de m De Visser m ","","1.10.1 ","1,16.9 ","","",
"","4 APMIT DE GUERCA FA ","DM ","","","(H) Miss PH ","","","","","",
"La chamce ",", TALMIN POCCADMES ","04 FRERA ","","","m ","","1.10.0 ","1.10.8 ","","",
"","PEVE DE LA ACIMA FM) ","J ","","","Faveur Du La Rairma do ","77.MAM ","","","","",
"son Quant ","OUE PONTAINE ","DP . ",". ","","De SONC ","","1.10.5 ","1.10.9 ","","",
"Sa ","(PN) ","4 ","","","","","1.447 ","","","",
"Polla ",", TAMDO ","- ","","","PWR De N theenet (to ","58.40M ","1.10.0 ","1.15.8 ","","",
"Nivel ","10 ou (FR) ","BAIZA ","","","- Gu Du m ","","","","","",
"","11 DE (FPq ","DH ANDREU ","","","Dell Molles Des m ","","1.10.9 ","","","",
"","12 DES ","(14 FRONTERA ","","","Full ","","","","","",
