"PROPIETARIO ","N° CABALLO ","He. CONDUCTOR ","ENTRENADOR ","DIST SOE ","ORIGEN ","SUBAS ","","R.Dist ","CLASIF ","ULTEACARRERA ",
"Forma Une Carma ",", ","- RERA . ","","2000 ","Belinsima M ","8318 ","","130.3 ","","",
"Anterio Gakoben ","e e ","e MASCARO ","","Ext ","Formuna Orquidoo De ","5.100 ","","1,197 ","","",
"Himas a ","a ","A WALLA ","a ","","ille ","4.700 ","LAW.T ","130.7 ","","",
"Calorta ",". DE LLUNA ","A . ","","","- ","5.158 ","1.18.7 ","1,31.2 ","","",
"Palia liss ",". AMPLODY ","C ","","","- ","","","130.8 ","","",
"- comoo ",". DE ","A PRONTERA ","","","DM stange ","","1.18.0 ","","","",
"",", QUG DE LLEVANT ","à ","","","Tame Die Lemará ","","","","","",
"",". CLASICA DE FONT ","DP RUTORT ","","","und ","5.000 ","1.18.0 ","5,19.1 ","","",
"","a RATESSEN - ","04 - ","","","Da Pis ","3.164 ","","","","",
"","10 - ","a ANDREU ","","","","4.000 ","1.58.0 ","1.19.8 ","","",
"",""" es GUNTA ","G REAS ","","","- ","5.094 ","","","","",
"","12 CATAIR ","F ","","","","","","1.19.3 ","","",
"than Pros. SI ","13 AMBANDA BARD ","4 ","","","Bet ","5.198 ","1.18.7 ","1,90.1 ","","",
"Parman ","is APRA ","J ","R ","","","4.008 ","","130.3 ","","",
