"N° ","CABALLO ","","SEXO ","EDAD ","PESO ","JINETE ","CUADRA ","PREPARADOR ","CAJON ","Ult. Actuac. ",
"1 ","CE LA VIE (GB) ","","Y ","6 ","57 ","J.L. MARTINEZ ","ALEGRE ","D. FARLETE ","3 ","5,5,5,3,4 ",
"2 ","TIHANNA (IRE) ","","Y ","5 ","57 ","J.L. BORREGO ","EL FARGUE ","F. RODRIGUEZ ","4 ","13,1,1,5,3 ",
"3 ","FOOTMAR (FR) ","(2) ","Y ","4 ","56 ","N. GARCIA ","COLISA ","J.A. RODRIGUEZ ","5 ","2,3,7,6,12 ",
"4 ","WINDY YORK (IRE) ","","Y ","7 ","56 ","J. GELABERT ","SHOSHOLOZA ","M. TELLINI ","2 ","3,2,11,10,2 ",
"5 ","QUELLE FORME (FR) ","","Y ","4 ","55 ","R. SOUSA ","AGRO CARVALHO ","M. CARVALHO ","1 ","Debut. ",
