"N° ","CABALLO ","","SEXO ","EDAD ","PESO ","JINETE ","CUADRA ","PREPARADOR ","CAJON ","Ult. Actuac. ",
"1 ","SUPER JOHN (FR) ","","c ","4 ","62 ","D. FERREIRA (60,5) ","E. PEREZ GUZMAN ","J.A. RODRIGUEZ ","1 ","5,3,6,7,2 ",
"2 ","PALAKIN BARELIERE (FR) ","(5) ","Y ","4 ","62 ","I. MELGAREJO (60,5) ","DOMINICANA STABLE ","A. SOTO ","5 ","7,1,4,10,7 ",
"3 ","LEE BAY (GB) ","","Cas ","7 ","61 ","B. FAYOS ","LAS AGUILAS ","F. RODRIGUEZ ","9 ","1,5,5,3,7 ",
"4 ","DOBLE o NADA (FR) ","","Cas ","5 ","60,5 ","J. GELABERT ","JAYJO ","G. MADERO ","2 ","8,1,5,12,10 ",
"5 ","AYAMONTE (FR) ","","Cas ","7 ","60,5 ","F. JIMENEZ ","ECURIE JNK ","J. OLIVEIRA ","7 ","9,7,5,8,3 ",
"6 ","FARSAMAN (FR) ","(5) ","Cas ","5 ","60 ","R. SOUSA ","AGRO CARVALHO ","M. CARVALHO ","10 ","1,1,2,4,8 ",
"7 ","NIAGARA ","","Y ","5 ","56 ","R.N. VALLE ","YEGUADA CORTIÑAL ","J. HORCAJADA ","8 ","1,5,3,4,7 ",
"8 ","ASCANIO ","","Cas ","6 ","53 ","N. DE JULIAN ","HELISABEL ","J. SALGUERO ","3 ","2,2,4,3,2 ",
"9 ","TE KOOP (GB) ","(5) ","Cas ","5 ","53 ","N. GARCIA ","ZEBRA ","M. TELLINI ","6 ","6,5,4,5,3 ",
"10 ","BELGE MENCI (GER) ","","Y ","9 ","51 ","M. MONCEAUX (49) ","MAGICA ","M. AUGELLI ","4 ","3,8,2,6,8 ",
