"N° ","CABALLO ","","SEXO ","EDAD ","PESO ","JINETE ","CUADRA ","PREPARADOR ","CAJON ","Ult. Actuac. ",
"1 ","GOOD TRIP ","","Y ","3 ","60 ","J.L. MARTINEZ ","VALMODOMUS REAL ESTATE PSI ","A. CARRASCO ","1 ","2,3,4,6,3 ",
"2 ","LUCRECIA BORGIA (FR) ","","Y ","3 ","59 ","B. FAYOS ","JOAQUIN ROMERO ","R. MARTIN V. ","2 ","3,4,1 ",
"3 ","HOLLABACK GIRL (GB) ","(5) ","Y ","3 ","58 ","J. GELABERT ","NOSSA SENHORA DO VALE ","H. PEREIRA ","5 ","8,5,5,2,7 ",
"4 ","NERVA ","","Y ","3 ","58 ","N. GARCIA ","CELSO MENDEZ ","J. LOPEZ ","7 ","1,5 ",
"5 ","BEATRIZITA ","","Y ","3 ","57 ","J.L. BORREGO ","EL FARGUE ","F. RODRIGUEZ ","6 ","3,4,6,6,8 ",
"6 ","VITRA DE VALIENTE ","","Y ","3 ","57 ","I. MELGAREJO (55) ","YEGUADA VALIENTE ","I. LOPEZ ","8 ","2 ",
"7 ","ALMADURA (FR) ","","Y ","3 ","55 ","R. SOUSA ","ECURIE DES MOUETTES ","R. MARTIN V. ","3 ","Debut. ",
"8 ","APOCOPE (FR) ","","Y ","3 ","55 ","D. FERREIRA (54) ","L&M RACING ","G. VAZ ","4 ","Debut. ",
