"N° ","CABALLO ","","SEXO ","EDAD ","PESO ","JINETE ","CUADRA ","PREPARADOR ","CAJON ","Ult. Actuac. ",
"1 ","ARAB POET (GB) ","(3) ","Cas ","7 ","57 ","R. SOUSA ","RIO CUBAS ","E. LEON ","8 ","6,7,1,5,3 ",
"2 ","ASTRONAUT (GB) ","","c ","4 ","57 ","F. JIMENEZ ","ELAMA ","J.L. MAROTO ","1 ","7,1,1,8,1 ",
"3 ","BRANCO ","","Cas ","4 ","57 ","R.N. VALLE ","YEGUADA CORTIÑAL ","J. HORCAJADA ","10 ","5 ",
"4 ","CUPPACOFFEE (IRE) ","","c ","6 ","57 ","c. CADEL ","EXTREMEÑA OP ","M. AUGELLI ","9 ","1,3,6,9,4 ",
"5 ","DARK PROFIT (IRE) ","","Cas ","8 ","57 ","J.L. MARTINEZ ","MAZANTINNI ","A. CARRASCO ","7 ","2,1,4,8,4 ",
"6 ","EINAR (IRE) ","","Cas ","4 ","57 ","J. GROSJEAN ","TOLOSANA ","G. ARIZKORRETA ","6 ","13,5,1,1,10 ",
"7 ","IMPRESSIONANT (USA) ","","Cas ","5 ","57 ","J.L. BORREGO ","ALISARES ","G. MADERO ","2 ","3,10,10,7,1 ",
"8 ","FERJA (GB) ","","Y ","5 ","55,5 ","J. GELABERT ","AFRICA ","J.M. OSORIO ","4 ","1,2,4,D,5 ",
"9 ","QUINCHIA (IRE) ","(3) ","Y ","4 ","55,5 ","I. MELGAREJO ","CELSO MENDEZ ","M. ALVAREZ ","3 ","1,2,8,1,4 ",
"10 ","SOUPHA (FR) ","","Y ","5 ","55,5 ","B. FAYOS ","M'HAMMED KARIMINE ","A. SOTO ","5 ","3,2,1,5,1 ",
