"N° ","CABALLO ","","SEXO ","EDAD ","PESO ","JINETE ","CUADRA ","PREPARADOR ","CAJON ","Ult. Actuac. ",
"1 ","COLIBRI (IRE) ","","Cas ","6 ","65 ","D. FERREIRA (63,5) ","BARRA SUR ","L. ENNOUNI ","4 ","1,1,3,6,7 ",
"2 ","RIGHT CONNECTION (GB) ","","c ","8 ","63,5 ","I. MELGAREJO (62) ","IVAN LOPEZ RACING ","I. LOPEZ ","5 ","3,5,3,7,2 ",
"3 ","DROVER (GB) ","(3) ","Cas ","5 ","60 ","R. SOUSA ","PATRIZIA ROSANNA TESTA ","M. TELLINI ","2 ","2,4,1,4,3 ",
"4 ","NICE TO MEET YOU (ITY) ","(3) ","Cas ","6 ","59 ","J. GELABERT ","JACOPO TELLINI ","M. TELLINI ","6 ","2,D,7,4,6 ",
"5 ","ORRI (IRE) ","","c ","6 ","58 ","B. FAYOS ","METAPHOR ","G. VAZ ","3 ","6,2,6,6,5 ",
"6 ","ANGLIRU (IRE) ","(2) ","Cas ","5 ","57 ","E.J. ARGUINZONES (55,5) ","CELSO MENDEZ ","M. ALVAREZ ","7 ","2,3,7,5,9 ",
"7 ","ORBAYO (IRE) ","","Cas ","4 ","56,5 ","J.L. BORREGO ","LAS AGUILAS ","F. RODRIGUEZ ","1 ","2,1,8,6,11 ",
