"N° ","CABALLO ","","EDAD ","KG ","JINETE ","CUADRA ","PREPARADOR ","CAJÓN ","Últ. actuaciones* ",
"1 ","ALARO (GB) ","","3 años ","57 ","B.FAYOS ","AFRICA ","I.M.OSORIO ","6 ","[07,08] ",
"2 ","ASCANIO ","(2) ","3 años ","57 ","J.E.JARCOVSKY ","ROBERTO COCHETEUX ","I.M.OSORIO ","11 ","[07] ",
"3 ","BARRY LYNDON (FR) ","","3 años ","57 ","J.L.MARTINEZ ","SALVADOR MARQUEZ ","I.L.MAROTO ","4 ","[06] ",
"4 ","BUTOT (FR) ","(4) ","3 años ","57 ","F.JIMENEZ ","FLORINES ","","10 ","[05] ",
"s ","HENRY BOUND (IRE) ","","3 años ","57 ","R.SOUSA ","ALISARES ","F.PEREZ ","5 ","[02,09] ",
"6 ","QUINO ","","3 años ","57 ","I.BORREGO ","YEGUADA AGF ","GLARIZKORRETA ","9 ","I Debutante 1 ",
"7 ","ARRUZA ","","3 años ","55,5 ","J.L.BORREGO ","CELSO MENDEZ ","J.LOPEZ ","3 ","[10] ",
"8 ","ARS LONGA (FR) ","(5) ","3 años ","55,5 ","V.M.VALENZUELA ","VIRGINIA WATERS ","J.L.MAROTO ","8 ","I Debutante 1 ",
"9 ","CAPRICHO DE GUILLE ","","3 años ","55,5 ","V.JANACEK ","ASOC. WHYLAR-VALLADOLID ","G.ARIZKORRETA ","7 ","I Debutante 1 ",
"10 ","LIZE THERON (IRE) ","","3 años ","55,5 ","I.GELABERT ","CHAMARTIN ","I.LOPEZ ","2 ","(06,07,03,04,04] ",
"11 ","QUINCY (FR) ","(4) ","3 años ","55,5 ","o.O. DE URBINA ","LAC INTERNACIONAL ","J.LOPEZ ","1 ","[06,05] ",
