"N° ","CABALLO ","","EDAD ","KG ","JINETE ","CUADRA ","PREPARADOR ","CAJÓN ","Últ. actuaciones* ",
"1 ","PIQUIO (FR) ","","5 años ","62 ","B.FAYOS ","HISPANICA ","O.ANAYA ","7 ","[06,02,03,01,06] ",
"2 ","WAD VISON ","(3) ","7 años ","60,5 ","N.GARCIA ","PALOMARES ","J.A.RODRIGUEZ ","9 ","[11,08,06,04,02] ",
"3 ","MAN OF TIME (IRE) ","","4 años ","60,5 ","J.E.JARCOVSKY ","SOÑADOR ","I.LOPEZ ","1 ","[01,09,02,10,04] ",
"4 ","WEDGE (IRE) ","","4 años ","60,5 ","J.L.BORREGO ","TRES MALAGUEÑAS ","O.ANAYA ","8 ","[05,03,05,01,03] ",
"5 ","MIND THE GAP ","","5 años ","59,5 ","A.FIORI ","C.D.E. EL PADDOCK ","M.AUGELLI ","3 ","[05,02,08,11,06] ",
"6 ","SON BOU (GB) ","(5) ","7 años ","59,5 ","o.O. DE URBINA ","MEDITERRANEO ","L.ENNOUNI ","10 ","[01,04,02,05,05] ",
"7 ","ORFEON (GB) ","","5 años ","59 ","V.JANACEK ","YEGUADA AGF ","G.ARIZKORRETA ","12 ","[01,05,14,03,03] ",
"8 ","TOPDAK (GB) ","","5 años ","59 ","R.C.MONTENEGRO ","ARTEMIS ","I.LOPEZ ","5 ","[04,06,08,02,04 ",
"9 ","DOSNUEVEUNO (IRE) ","(5) ","años ","58,5 ","M.GOMES ","ALISARES ","F.PEREZ ","11 ","[09,15,10,04,06] ",
"10 ","MR HOBBS (GB) ","","3 años ","57 ","R.SOUSA (G.Roja) ","MEDITERRANEO ","J.C.CERQUEIRA ","6 ","[04,13,03,11,07] ",
"11 ","BANK GUARANTEE (USA) ","","5 años ","57 ","J.L.MARTINEZ ","ELEVAGE LA REVERDITE ","T.MARTINS ","2 ","[07,01,03,08,NP] ",
"12 ","TREMENDISTA ","","años ","54 ","J.GELABERT ","SEPTIMO ARTE ","M.J.PEREZ ","4 ","[05,03,01,01,03] ",
