"N° ","CABALLO ","","EDAD ","KG ","JINETE ","CUADRA ","PREPARADOR ","CAJÓN ","Últ. actuaciones ",
"1 ","ELMIO (IRE) ","","3 años ","60 ","B.FAYOS ","ALTAMIRA ","A.NUÑEZ ","9 ","[06,01,07] ",
"2 ","CANTABRA (IRE) ","","3 años ","59,5 ","V.JANACEK ","POPULAR ","G.ARIZKORRETA ","3 ","[08,13,01,06,10] ",
"3 ","KHALEESI ","","3 años ","57 ","R.H.HUAYAS ","BRAVO TANGO ZULU ","V.B.BUDA ","1 ","[12,04,06,10,05] ",
"4 ","MY LADY MARIE (GB) ","","3 años ","56,5 ","I.L.BORREGO ","4 C ","J.A.RODRIGUEZ ","5 ","[03,09,01,06,05] ",
"5 ","DOCTORA COOKIE ","","3 años ","56 ","R.SOUSA ","AZUL Y NEGRO ","F.RODRIGUEZ ","7 ","[13,06,02,08] ",
"6 ","FILIRA (IRE) ","(2) ","3 años ","56 ","M.GOMES ","DUQUE DE ALBURQUERQUE ","I.M.OSORIO ","10 ","[07.NP.05,07,12] ",
"7 ","NICE TO MEET YOU (ITY) ","(5) ","3 años ","54,5 ","A.FIORI ","MARGHERITA TURA ","M.TELLINI ","8 ","[11,04,07,05,05] ",
"8 ","FAST ROCI (IRE) ","","3 años ","54 ","J.GELABERT ","ROMANA ALTA ","M.J.PEREZ ","4 ","[04,07,09,06,10] ",
"9 ","RAJSELAM ","","3 años ","53 ","J.L.MARTINEZ ","ZURRAQUIN ","M.HERNANDEZ ","2 ","[02,05,09,05,05] ",
"10 ","WHITE MISCHIEF (IRE) ","","3 años ","52 ","N.GARCIA (G.Blanca) ","4 C ","J.A.RODRIGUEZ ","6 ","[11,11,12,08] ",
