"N° ","CABALLO ","","EDAD ","KG ","JINETE ","CUADRA ","PREPARADOR ","CAJÓN ","Últ. actuaciones* ",
"1 ","IGOLLO DE CAMARGO (IRE) ","","4 años ","58,5 ","V.JANACEK ","ODISEA ","A.CARRASCO ","1 ","[03,02,13,01,06] ",
"2 ","PRESIDENCY (GB) ","","4 años ","58,5 ","R.SOUSA ","ZEZINHO ","J.C.CERQUEIRA ","6 ","[03,01,01,01,07] ",
"3 ","QUIAA NOMINOOR (FR) ","","6 años ","58,5 ","F.JIMENEZ ","KAELA ","R.MARTIN v. ","3 ","[09,12,10,08,08] ",
"4 ","TOTXO (IRE) ","(5) ","9 años ","58,5 ","R.C.MONTENEGRO ","ROBER ","R.AVIAL ","2 ","[05,02,03,02,05] ",
"5 ","FABLE OF ARACHNE (GB) ","","años ","57 ","D.FERREIRA (G.Azul) ","ZEZINHO ","J.C.CERQUEIRA ","5 ","[06,07,04,05,06] ",
"6 ","KIRI SUNRISE (IRE) ","","años ","57 ","o.o. DE URBINA ","SOÑADOR ","I.LOPEZ ","4 ","[06,01,01,08,03] ",
"7 ","ANTONELLA (GB) ","","3 años ","54,5 ","J.L.MARTINEZ ","SIEMPRE FANI ","T.MARTINS ","7 ","[01,01,04,01,01] ",
