"N° ","CABALLO ","","EDAD ","KG ","JINETE ","CUADRA ","PREPARADOR ","CAJÓN ","Últ. actuaciones* ",
"1 ","ABABOL (GB) ","","2 años ","56 ","B.FAYOS ","MARTUL ","A.IMAZ C. ","3 ","I Debutante ",
"2 ","BELLA CANARIAS (IRE) ","","2 años ","56 ","J.L.BORREGO ","GRUPO BOLAÑOS GRAN CANARIA ","A.REMOLINA ","2 ","I Debutante ] ",
"3 ","CAMALEON (IRE) ","","2 años ","56 ","I.GELABERT ","ODISEA ","A.CARRASCO ","9 ","[ Debutante I ",
"4 ","CECILIUS ","","2 años ","56 ","R.SOUSA ","CELSO MENDEZ ","T.CALLEJO S. ","6 ","[ Debutante ",
"5 ","COYOTE DAX ","","2 años ","56 ","I.DE JULIAN ","EL SABLE ","E.PUENTE ","7 ","I Debutante ",
"6 ","GALLADONA (FR) ","","2 años ","56 ","R.C.MONTENEGRO ","SAFSAF ","F.RODRIGUEZ ","8 ","I Debutante ",
"7 ","HOLLOKO (FR) ","","2 años ","56 ","J.L.MARTINEZ ","ONDARRETA ","M.HERNANDEZ ","4 ","I Debutante ",
"8 ","NIEVES (IRE) ","","2 años ","56 ","N.GARCIA ","PALOMARES ","I.A.RODRIGUEZ ","5 ","I Debutante ",
"9 ","TARTE FLAMBEE (FR) ","","2 años ","56 ","V.JANACEK ","ANIMUS DOMINI ","J.L.MAROTO ","1 ","[ Debutante ",
