"PROPIETARIO ","N° CABALLO ","He. CONDUCTOR ","ENTRENADOR ","DIST ses ","ORIGEN ","SUMAS ","R.Dist ","CLASIF. ","ULTIMA CARRERA ",
"Cussire Rige u ","1 RENVENGUT SPA ",", RIGO LL (AP) ","A ","2000 Coil ","- ","1.600 203 ","1.30.3 ","","",
"","2 BEST GRANDCHAMP ","A M° PRIETO (AP) ","Ouron 0 ","End ","- ","2,062 1.99.4 ","4,202 ","","2004 - ",
"sagu ",", VALKIRIA ses PLANES ","a ANDREU ","","- ","Fissi ","2.000 19.8 ","1.37.3 ","","- VICH ",
"","4 AMUC BINIATI ","DF A NERA B ","","Det ","- ","2.78 19.2 ","1,192 ","","- ",
"","6 BONDAD MARE ","l A. WERNANDEZ ","","","- Hare ","2.804 19.2 ","1.102 ","","",
"",". BMN DE CRESM ","M. MISTRI ","","2060 ","","3.208 1.00.4 ","1.10.4 ","","",
"Aquatin ",", UNTES ca ","A. ","","2060 ","","10.2 ","1.10.8 ","","",
"","8 WOL VIURE BR ","Jree. BASSA R. ","","2050 ","- ","3.609 19.2 ","","","",
"Rame ","$ BLIFALO ss ","marn ","","2060 Cod ","- ","3.700 18.9 ","","","",
"Sureda ","10 VELUTINE ","G MARTI ","","Cob ","","3,771 19.6 ","1.19.6 ","","",
"Pala ","11 WALENT GOAL CH ","BARCELO ","","Cob ","","3.771 ","1.183 ","","",
"Guedre Hoquet ","13 BIG - STAM ","SERVERAL ","","2950 Cod ","","3.629 15.3 ","1,19.4 ","","",
