"N Trate Enganchado - ","Distancia 2.050m 100 ","35. 7° ","de 4 - ","Matricula 35€ qums. ","","","","","Autostart ",
"PROPIETARIO ","N° CABALLO ","He CONDUCTOR ","ENTRENADOR ","DEST ace ","ORIDEN ","SLIMAS R.Alss ","R.Dist ","CLABF ","LA TIMA CARRERA ",
"Pala Cars Nail l'ale ","1 TIRITY ","OF R MATAS M. ","A Mutus M ","206a ","- - ","","48.6 ","","- ",
"","2 BANUGAN ","D. RIUTORT ","","2000 OnA ","- Ih - , ","","1.10.2 ","","",
"Mas ","3 LIMA ","P. BANSO A. ","","2060 ","- - ","sur 18.1 ","1.192 ","lia ","- ",
"as ","4 AGULA DE COSTITE ","RIERA ","","2000 ","- - ","6.429 15.1 ","1.18.1 ","","",
"San Bame ","5 rom DE MONMES ","marn ","","2060 Cas ","- - - - ","LITA ","1.187 ","","",
"nate SI ","6 ","A, VALLS ","","Grd ","","6.540 177 ","1.19.2 ","","",
"Cuedre ","7 BEAUTIFUL DREAM ","6 c PONS v. ","degei ","2950 Co4 ","","5,756 ","1,19.8 ","","",
"Jom Canals ",". BURINOT ","DP PLUDEA ","a ","2080 Cot ","P ","0.715 18.1 ","1.18.1 ","","",
"Guedre ",". ANTA GAMONER ","A B ","e ","2958 Cet ","","5,866 15.3 ","1,15.4 ","","",
"Cale Valo ","10 ARC DE LLEVANT ","J. MOYA ","Moym ","2000 des ","- - Ows ","1.17.8 ","1.10.8 ","",". ",
"Se Marina de ","11 JS ","J RERA ","R ","2968 ","- - - PA ","7.140 16.3 ","","","",
"","12 ARGENTIN MAURITIUS ","M MESTRE ","","2550 des ","- - ","7 16.1 ","1.195 ","","",
