"PROPIETARIO ","N° CABALLO ","He. CONDUCTOR ","ENTRENADOR ","DIST SCE ","ORIGEN ","SUMAS R.Abs ","R.Dist ","CLASIF. ","ULTIMA CARRERA ",
"Pution ","1 ","D. OLIVER ","1 ","2000 Oné ","Os De Fast ","15.8 ","1.10.4 ","","- GARCIA ",
"Das Lucky ","3 ULLERA SAS ","Jree FLUEA ",". ","2950 Bel ","- - - ","13.350 ","","","- ",
"","3 no XISCO ","A. ALZAMORA ","A ","2000 ","de ","14,250 1.17.7 ","","","ACTAMONA ",
"Mas ","4 BEST IN ","a ANDREU ","","2060 ","- ","ME ","1.222 ","","- ",
"","6 ALDGRIA ","M. MESTRE ","","2000 ","- ","14.998 19.6 ","1.19.6 ","","on - ",
"Pala ","e ORA PRO NOMS ","A. BOVER ","","2000 Cata ","","10.113 10.8 ","1.17.7 ","","- ",
"Halls Nation EL ","y VIGOROS ","DP A. VALLS ","","2010 Cob ","- ","10.944 ","1.183 ","","",
"Sei Panes ","* NUBE ","MP, LUMAS ","was ","2958 Gell ","- - ","15,641 15.3 ","1,177 ","","- LUNAS ",
"Paula Haus ","9 BUNNY ","1 0. ROTGER ","","2080 Cot ","","17.310 1.17.2 ","1.30.4 ","","Calla - ",
"Cuedre Ex Mayo ","10 UN D'ALICANTI ","M. PIERA . ","Mustumer o ","2950 Cell ","- ","","","","- ",
"","11 ALOINA DES MASSOS ","J. RIERA S ","A ","2000 ","- - ","17.592 1.10.3 ","","","on - ",
"Es Pou 61 ","12 AURI DE CLISSA ","M. A BINMELIS ","linimais ","2060 Coll ","- - ","18.858 11.1 ","LITA ","","- A ",
