"PROPIETARIO ","N° CABALLO ","He CONDUCTOR ","ENTRENADOR ","DIST SCE ","ORIGEN ","SUIMAS R.Abs ","PLDiet ","CLAS#. ","",
"","1 VITESSE ROAD ","F. ANDREU ","Ropa ","Gob ","- Por ","8.646 15.1 ","1.15.5 ","","",
"","2 SPEZIA ","PLUDA ","M ","2040 ","- ","","1.187 ","","SLAP ",
"sem ","3 TORINADO STAR ","M. PASTOR & ",", ","Gob ","- - M ","5.210 16.2 ","1,15.4 ","","- - ",
"Pala ","4 TINITAKA ","a ANDREU ","","2000 ","","","","","ANCHE ",
"nomance Alamany ","ENE CESAR ","B c PONS v. ","","1950 Crd ","nea - ","15.4 ","4,20.8 ","","",
"- Care 1000 ","6 AKANE SAS ","M. MATAMALAS ","","2000 ","Te - ","9.344 17.5 ","7.10.1 ","","00 MONALAL ",
"Cuedre Dalia ","7 UNALTRE 50 ","M.A. MASCARO ","Ma ","2050 w ","- ","9.447 1.16.3 ","1.17.5 ","","60 ",
"","* TIMBOLA RR ","Jree RASSA . ","","20A0 ","","","LITE ","","",
"- ","9 WET AQUI 5 VABE ","DP A. RIERA ","Sunds ","","","10.055 16.3 ","1.172 ","","",
"Cala ","10 OLIMPICA ","J MOYA ","Moya ","","- ","","1.17.4 ","","misis ",
"Cuedre Miquel ","11 VALDANO MAR ","B. LLOBET ","","2750 Cob ","","10,556 1,16.1 ","1.17.3 ","","- ",
"","13 LIFANA MISS ","0.4 F. SERVERAL ","","2080 net ","","10.975 1.17.5 ","1.18.4 ","","- ",
