"PROPIETARIO ","N° CARALLO ","He. CONDUCTOR ","ENTRENADOR ","DIST ses ","","SLIMAS ","R.Als ","","CLASS ","ULTIMA CARRERA ",
"ligs ","1 TAITENTER ou ams (PR) ","1 e ROTOER ","","2040 Coll ","- - PA - PI ","40.060 ","","","","",
"Cueds See Avanos Ow Det ","2 ALLES ","B. LLOBET n. ","","","- - Marn - ","40,517 ","14.4 ","","","- ",
"K- ","3 VINCENNÍS HM ","M. MESITRI ","","2010 Coll ","- - ","40.800 ","1.15.2 ","1.30.4 ","","- an ",
"Rame - SI ","4 ASTERIX SUND ","J BAUZA B ","Fromes ","Ges ","- ","40.658 ","15.1 ","1,20.4 ","","the ",
"- ","5 SUPERMAN DU GASSEL IFR) ","o PURSERVER ","Parains ","2080 Cob ","- - - ","42.900 ","10.3 ","","","ash c ",
"Migion ","6 MASISTER (PR) ","a BARCELO ","","2968 Cella ","- ","43.720 ","15.5 ","","","",
"",", VIROT CA ","1 REPA ","","2958 Cos ",". ","45.800 ","15.2 ","","","",
"Capo ","6 QUIGNON DE LOUGAT ","J. LOAPO ","","2050 detti ","- ","47.4% ","1.16.7 ","1.17.6 ","","",
"A ",". UNCLE VM ca ","1 RIERA a ","","20A0 ","- ","","14.8 ","1.17.4 ","","",
"SL ","10 UNIVERSAL ","A. VALLS ","","2050 Oct ","","45,506 ","1.157 ","1.192 ","","",
"","11 ou DROPT PR) ","","","2040 call ","","","1.15.8 ","LITA ","","",
"Cuedra ","12 SHBILA DE KOR ","J GARICIA ","derda ","","","42,641 ","15.8 ","1,15.8 ","","",
