"","","","","","","","","","","",
"Juan Manuel Cuadros Perez ","1 BRAD PITT SB ","","J. RIERA S. ","","2150 Cc4 ","Never More (fr) Amazzonia Ambrosio (hol) ","5.260 1.18.2 ","1.18.2 ","D-D-5-D-4-5 ","03.04 D-2050-A-0-J A RIERA ",
"Cuadra Herald ","BEN MERVAL ","DP ","B. BENNASAR ","B. Bennasar ","2150 Cc4 ","Never More (tr) Lyn Del Norte ","6.498 1.18.2 ","1.18.2 ","1-0-1-2-3-1 ","03.04 15 -2050-A-1 18.6-B. BENNASAR ",
"Hermanos Gomila Riera ","3 AMNESIA LEMON ","DP ","M. GOMILAR II ","M. Gomila ","2150 Ec5 ","Armbro Goal (us) -Jubavive Mar ","7.212 1.17.7 ","1.17.7 ","1-5-6-0-4-3 ","29 03 15-1-2150-A-1 17 -M. GOMILAR II ",
"Cuadra Serra-mesquida ","SOMBRA NEGRA GS ","","M. SERRA M. ","M Serra M. ","2150 Ec9 ","Amadeus Om (it) Peria Negra Gs ","7.213 1.17.4 ","1.17.6 ","3-0-6-6-0-0 ","03 04 15-3-2050-A-1 18.9-M. SERRA M. ",
"","","","","","","","","","","",
"Cuadra m. ","MAURITIUS ","","MESTRE ","","2150 ","Qualmio (tr)- Tags Princess (us) ","","","","",
"Cuadra Biniparratx Gran ","7 BEAUTIFUL DREAM ","D4 ","B. c. PONS V. ","J. Segui ","2150 Ec4 ","Varenne Sound (se) ","7.451 1.17.3 ","1.17.9 ","6-3-0-7-D-0 ","03 04 15-6-2050-A-1 19.8-B. c. PONS ",
"Cuadra Vampirolay ","8 AS VENGUT SC ","D4 ","J. FLUXA ","M Fluxa S ","2150 Cc5 ","Soul Driver (se)- Tudine (den) ","7.638 1.18.5 ","1.18.5 ","0-3-R-2-4-3 ","03 04 15-0-2050-A-O-J FLUXA ",
"Cuadra Atletic ","9 ALEGRIA LOVE ","D4 ","G. FUSTER ","B. Fuster ","2150 Ec5 ","Musigny Degato (se) Egara Kid Gs ","7.810 1.17.7 ","1.18.0 ","D-0-R-1-2-4 ","24 03 15-D-2650-A-0-G. FUSTER ",
"Cuadra Salamanca ","BAKUGAN ","","B. RIUTORT ","B. Riutort ","2150 Cn4 ","Lets Go (de) Danya Tr ","7.964 1.18.2 ","1.18.2 ","5-2-2-D-0-5 ","03 04 15-5-2050-A-1 19.6-B. RIUTORT ",
"Quadra Joan Canals ","11 BURINOT ","","Jme. FLUXA ","M. Fluxa is ","2150 Cc4 ","From Above (se) Thais Du Vernet (fr) ","8.017 1.18.1 ","1.19.2 ","4-1-1-2-1(14)-1 ","03 04 15-4-2050-A-1 19. 06-Jme FLUXA ",
"Cuadra Caixeta ","12 AVA GARDNER ","","A. RIERA B. ","A. Riera B. ","2150 Ec5 ","Quatre Juillet (fr). Evita Quickstep(nor) ","8.416 1.17.9 ","1.17.9 ","0-2-5-4-0-D ","03 04 15-0-2050-A-O-A. RIERA B ",
"Hermanos Pastor Serra ","13 TORNADO STAR ","","M. NADAL ","M Pastor S. ","2150 Cc8 ","Idjet Mab (fr)- Erica Star ","8.510 1.16.2 ","1.18.0 ","4-0-7-0-0-0 ","29 03 15-4-2150-A-1. 18.0-M. NADAL ",
"Cuadra Gaballina ","14 VALENT DES TOT BO ","","J. TERRASA N. ","J. Terrasa N ","2150 Cc6 ","Desko (fr)-Hun Des Tot Bo ","8.657 1.16.9 ","1.18.2 ","0-6-0-0-D-0 ","29 03 15-0-2150-A-O-J, TERRASA N. ",
"Cuadra Can Somereta ","15 TOGENIA CHILL GM ","","M. RIERA B. ","K Gust ","2150 Ec8 ","Super Chill (us)- Bogenia D'aris ","8.807 1.16.2 ","1.16.2 ","3-0(14)-Rm-3-D-D ","03 04 --2050-A-1 18 VAQUER S. ",
"","","","","","","","","","","",
"3a CARRERA ","Premio HAVANA VOLO ","","","","Ganador ","","Quiniela ","","Trio ","A las 17:00 ",
