"","","","","","","","","","","",
"PROPIETARIO ","N° CABALLO ","He. ","CONDUCTOR ","ENTRENADOR ","DIST SCE ","ORIGEN ","SUMAS R.Abs ","R.Dist ","CLASIF. ","ULTIMA CARRERA ",
"Cuadra C'an Pou, S.I. ","1 AMANDA BIRD ","U. ","WIELAND ","G. Mascaro P. ","2150 Ec5 ","Emil Somolli (se) Daixa Bird ","2.258 1.18.9 ","1.18.9 ","7-5-5-7-0-D ","29.03. 15. 7-2150-A-1.2 2-U. WIELAND ",
"Cuadra Totevich ","2 VULNERABLE EDEN ","A. ","VICH ","A. Vich ","2150 Ec6 ","Eden Bridge (fr) Naeva Bocain (fr) ","2.310 1.18.0 ","1.19.1 ","D-4-R(14)-D-0-0 ","03.04 15 D-2050-A-0-R MATAS M. ",
"Cuadra F.r. ","3 BARBARO FR ","J. ","FORTEZA R. ","J. Forteza R. ","2150 Cc4 ","idjet Mab (tr) Noa ","2.500 1.19.2 ","1.19.2 ","2-0-D-5(14)-D-0 ","24.03 15-2-2150-A-1.19.2 BAUZA B. ",
"Pedro Mir Gomila ","4 JUP TO HEAVEN ","M. ","MIR ","M. Mir ","2150 Ec7 ","Kremlin Conspiracy (se)-Hitars ","2.528 1.18.8 ","1.19.8 ","R-0-D-0-0-0 ","03.03 15-R-2650-A-O-M. MIR ",
"Cuadra Tan Mateix ","5 TATIANA LABOU ","M. ","CANALS ","M. Canals ","2150 Ec8 ","Laramie (us) Raissa Piroska ","2.554 1.18.5 ","1.19.1 ","(14)-D-0-R-2-0-7 ","23, 12 14-D-2150-A-0-M CANALS ",
"Cuadra Lioritana ","6 AVATAR ","J. ","BAUZA B. ","M. Reinoso ","2150 Cc5 ","Job D'udon Magrana ","2.584 1.18.9 ","1.19.3 ","R-3-R-5-0(14)-4 ","29.03 15-R-2150-A-O-M A REINOSO ",
"Quadra Ca'n Toi ","BOLERO D'OR ","D4 A. ","POU H. ","J. Morro ","2150 Cc4 ","Musigny Degato (se) Elisabet ","2.802 1.19.3 ","1.19.3 ","2-R-4-D-R-0 ","12 03 15-2-2650-A-1 19 9-A. POUH ",
"Cuadra Si No Fos ","8 BELLA DE NIT ","c. ","VELASCO ","A. Carreras ","2150 En4 ","Nardon Dr la Serena The Fireman ","2.814 1.18.6 ","1.19.4 ","0-D-3-3-5-0 ","24 03 1.550-2650-A-O-A CARRERAS ",
"Cuadra Son Baco ","9 BRANDO MG ","D. ","OLIVER ","S. Rigo A. ","2150 Ca4 ","Nardon Dr. Aline (de) ","2.944 1.18.4 ","1.18.4 ","D-D-1-D-D(14)-D ","03 04 15-D-2050-A.0-D OLIVER ",
"Penya Es Trapassers ","BLACKFLY HF ","B. ","LLOBET R. ","B. Llobet R ","2150 Cc4 ","Alesi Om (it) Super Bowis ","3.374 1.20.4 ","1.20.5 ","D-R-1-D-D-R ","03.04 LLOBET R ",
"Cuadra H.m. ","11 AIAN DE CRISMI ","D4 M. ","MESTRE ","M Mestre ","2150 Ea5 ","Armbro Goal (us) Neverland Criemi ","3.473 1.19.4 ","1.21.2 ","D-7-6-5-7(14)-0 ","29.03 15-D-2150-A-O-M. MESTRE ",
"Quadra Dialegs ","VICTORIA DE FONT ","G. ","RIERA ","M' Sureda ","2150 Ec6 ","Glasny Goal Pepite Mesloise (hr) ","3.678 1.19.6 ","1.19.6 ","6-0-0-D-6-1 ","03 04 5-6-2050-A.t 2-G. RIERA ",
"Hermanos luxa-gomila ","BERNARDO MAN ","DA ","Jme. FLUXA ","M Fluxa S ","2150 Cc4 ","Uronometro (it) -Galia Pride ","3.734 1.18.7 ","1.18.7 ","D-1-R-7-D(14)-D ","24 03 15-D-2650-A-0-J. FLUXA ",
"Antonio Sitges Bordoy ","14 BONDAD MARE ","J. ","A. HERNANDEZ N. ","J. Hernandez N. ","2150 Ec4 ","Gros Grain (tr)-Hara Villa Mare ","3.814 1.18.2 ","1.18.7 ","R-4-2-5-4-0 ","29.03 15-R-2150-A-0-J. A HERNANDEZ N. ",
"Cuadras B.r. Bernardo Jaume Cirer ","15 VOL VIURE BR 16|BOS BONY ","A. ","Jme. BASSA R. FRONTERA ","J. Mas G B. Jaume ","2150 Ec6 2150 Cc4 ","Forman Comer-Nancy Star Juliano Star (to My Love ","3.907 1.19.2 3.940 1.17.8 ","1.20.8 1.17.8 ","0-3(14)-D-2-6-D D-D-3-3-3-3 ","03 04 15-0-2050-A-0-C OLIVERS 29.03 JAUME ",
"2 CARRERA ","Premio ELISABET ","","","","Ganador ","","Quiniela ","","Trio ","A las 16:30 ",
"AI Trote Enganchado ","Distancia 2.150m. ","","PLACA VERDE-NUMERO ","NEGRO ","Matrícula ","50€ Forfait % ","del premio ","Cambio ","Conductor 18€ ","Autostart ",
"5000€ en premios: 2 400 al 1. ","1.200 al 2°, 600 al 3°. 300 al 4e. ","200 al 5°, ","150 al 6°, 150 al 7° ","De 4y más años, ","nacionales de 4.000 / ","8 999, 99 E ","","","","",
"PROPIETARIO ","N° CABALLO ","He. ","CONDUCTOR ","ENTRENADOR ","DIST SCE ","ORIGEN ","SUMAS R.Abs ","R.Dist ","CLASIF. ","ULTIMA CARRERA ",
"","","","","","","","","","","",
"","","","","","","","","","","",
"","","","","","","","","","","",
"","","","","","","","","","","",
"Cuadra Pae Balears 2007 H.r. ","5 BALTASAR CG 6 ARGENTIN ","DA A. M. ","FRONTERA ","A. Frontera M. Mestre ","2150 Cc4 Cc5 ","Never More (fr)- Berenice De Vandel ","7.284 1.17.7 7.371 1.18.1 ","1.17.7 1.18.3 ","D-4-5-0-1-2 D-6-6-7-3-3 ","03.04 15-D-2050-A-O-A FRONTERA 29 03 15-D-2150-A-O-M. MESTRE ",
