"","","","","","","","","","","",
"","","","","","","","","","","",
"","","","","","","","","","","",
". ",", D4 VAM ","Jree PLURA ","","","- - ","8.000 ","","1182 ","- ","",
"Cam ","4 ","A. PRONTERA ","","","- - ","","","","Cas die - las De Ra ","",
"F- ","E VININGO JUNIOA ","a PIERA ","","","Tara - ","","","113.9 ","- Re - dia Sa ","",
"","6 VIGIOS co ","n. FUSTER ","","","","","","","En ","",
"500 some ",", norn DI MONMES ","M. A MARTI ","","","","","","117.8 ","de de ","",
"- ",". BRALITIPUL ","a c V ","","","","","","1164 ","Das de - ","",
"Cumina - Same Maynee ",". AVA GARDINER 10 SOMBRA MEORA on 11 ANGENTIN MALIRITILIE 13 VMA CONTRARI 13 TORNADO ETAM 14 CI ","A. RIERA e. M. SERKA M. M. MESTRE M. "" M. MADAL a CAUELLAA ","","","- - sis - - - - - ","7.321 ","","1180 1120 ","Da ©e l'a de de - - de ","",
"","15 D4 VALENT 0ES TOT 00 ","J. TERRAGA N ","","","","","","","","",
"- - ",""" TOGIENIA CHILL GM ","a WIQUER a ","","","","","","1160 ","de ","",
