"","M° ","CONDUCTOM ","ENTRENADOR ","DEIT SCE ","CHIOEN ","BUMAS ","","","","ULTIMA CARRERA ",
"","1 ANUO BINIATI ","A RIERA e ","- ","EXS ",". ","","19.1 ","","","- ",
"- úras - SA - - ","# , 04 AJAIM DE CRISIMI (E1) 4 BONDAD . BENVENOUT BDEM . ALEOR NELLA , GOM CH . nos BONY ","a OLIVER M. MESTRE J A HERMANDEZ PV. , A PIERA LA WELAND J FLUKA n JAUME ","","Ext ","- - Im - - - - - ","2.084 3.776 ","10.0 10.3 ","1180 un 117.9 1187 1164 ","Te de de Cur Du Cus de - As A ","OUMAN ",
"Cumina Dures vome - - come ",". DIMBOLLA DURAM 10 DEI LADIL "" D4 T ACUERDAS 42 UEP TURISTA 13 DA BRANCA DES LLORER 14 DP AMNES LEMON ","o PURDERVER . POCOM IAP) LL VINENT A WIQUER a a FRONTERA M. GOMBLA a . ","","Fal ","- The - - ","3.040 4.300 ","","118.4 ","Cas Cw Da Re - - de de da de - de Ess de ","",
"son same 2° CARRERA AI Trote Enganchade PROPEITARO Purismon ","15 VK 16 BUFALO as Prem HELEN DU FORT as Distancia 2 150m N° CAMBLLO 1 VENDAWAL co 2 ALAS BLANCAS ","v M. WAGUER F. ALACA VERDE - 00 CONDUCTOR . ANDREU AVINENT ","","","ORIGEN ","BUMAS 5 ","10.0 ","","- - CLASIF. de Cw l'e ","laws 16:30 Autostart CARRERA ",
