"PROPE FARIO ","N° CABALLO ","CONDUCTOR ","","","","SUMAG ","R.Abe ","e Diest ","CLASE ","TIMA GARRORA ",
"C/M Sagai ","I TAMA BUND no ","L ","","","","15 ","40.3 ","","Ra De ","",
"- - . ","a VIGDRCA ","a ","","","- - ","","4he ","116.5 ","- ","",
"- ","a BORIS AAS ","M. MATAMALAS ","","Gos ","- - - - - ","","15.6 ","","- ","",
"- Moyo ","4 UN D'ALIGANTI ","M. RIERA a ","","","- ","17,548 ","15.6 ","115.0 ","TS - ","",
"","s VIRING'S OREAM . ART DE ENITAREF 7 DA TASMAMIA WEAT ","e PONS A. POU H. , ANOLADA ","","000 ","","17,900 18.044 19.004 ","10.9 15.0 14.4 ","1180 1184 ","be Ta - Tas ","",
"Ca Proma ",". DP URANUS LOVER ","a ","","","","19,387 ","15.3 ","118.1 ","","",
"cars mance Es Derrige Parya hauth - ",". ATOMIG ATAG 16 UN QUEPRINET MAR 11 ALDEBARAN di 12 ULLOWS BOSO 13 D4 VALENT 14 DP "" DE - ","J. BAUZA e G RIERA ROTOER , a AMDREU a BARCILLO Jrma FLUKA ","","","","19.054 20.050 20.057 21.120 24.201 20.600 ","17.6 1.10.3 15.7 1.10.9 ","1.17.0 ","- de - Da ","",
"",""" DURAN ","o ","","","","","","","","",
