"PROPIETARIO ","N° CAMALO ","CONDUCTOR ","","ace ","ORIGEN ","BUMAR ","","Dist ","CLASIF ","",
"Cumina Jumm ","1 DA REQAL AUMONIENI IPRO ",", ","","","","","10.3 ","1.17.0 ","","",
"Para ","2 DP RED WILLIAMO FPI 3 REVE DES ","a AMDREU . ","","Collo Cario ","- - ","100 ","14.1 45.6 ","","De da Ra ","",
"- ","4 QUICIONA ou CLOMET (FR) ","a PIERA a. ","","Gatti ","- - - - - - ","","","","Da de ","",
"- Manna - - ","e PRINGE NOIN (PR) . RIBAT DE BEWAL , VOEDE ","J BALZA JA VILLALONGA (AP) . i PASOUAL L ",". - ","Gena dore our ","on A - - Is - ","","14.9 ","","400 ","",
"Nowel Jom ",". 04 OSCAR DE SUGE ","Jree FLUXA ","","cona ","Os - - ","","34.3 ","1.14.7 ","","",
"- - - ",". QULKY LA RAYELLE FPIIT ","a PRONTERA ","","","- - - - - ","","463 ","1147 ","Cas de Sa - ","",
"the - mass - - ","10 ORATEUR (PR) ","J ","","Gariã ","","","11.9 ","","Sa ","",
"LACK ","11 OPERA 12 PRINGE CHARMANT (PR) (EA) ","6 POCOMI (AP) F BENNASAR ","","","","","19.5 ","1148 ","- ","",
