"","","","","","Hipódromo LA ZARZUELA ","- Programa del día 22/04/2012 ","","","",
"","1a CARRERA - ","Premio ","Sociedad ","","Estatal de Participaciones ","Industriales (Potros) - 7.763 Euros a ","repartir - 2.100 mts. ","Hora: 11:15 ","h. ",
"N° ","CABALLO ","","EDAD ","KG ","JINETE ","CUADRA ","PREPARADOR ","CAJÓN ","Últ. actuaciones* ",
"1 ","FINLEY CONNOLLY (IRE) ","","3 años ","57 ","J.L.MARTINEZ ","AMIGA ","ALVAREZ, M. ","2 ","[03,04,05,04,02] ",
"2 ","TEOBALDO ","","3 años ","57 ","V.JANACEK ","QUINTO REAL ","ARIZKORRETA, G. ","3 ","[04] ",
"3 ","BILADI (FR) ","","3 años ","55 ","J.CROCQUEVIEILLE ","ROBERTO COCHETEUX ","OSORIO, J.M. ","7 ","[10] ",
"4 ","CIRDAN (GB) ","","3 años ","55 ","J.HORCAJADA ","MIRANDA ","DELCHER S., M. ","1 ","[NP] ",
"5 ","FARO DE MONCLOA (IRE) ","","3 años ","55 ","O.O. DE URBINA ","SALVADOR ELIZONDO TEKNICA ","LOPEZ, J. ","5 ","[ Debutante ] ",
"6 ","LIMEÑO ","","3 años ","55 ","M.SECCI ","LAC INTERNACIONAL ","ARIZKORRETA, G. ","4 ","[ Debutante ] ",
"7 ","SIR ALFIL ","","3 años ","55 ","B.FAYOS ","AJEDREZ RACING ","HERNANDEZ, M. ","6 ","[06,05] ",
