"N° ","CABALLO ","","EDAD ","KG ","JINETE ","CUADRA ","PREPARADOR ","CAJÓN ","Últ. actuaciones* ",
"1 ","DON PABLOS (IRE) ","","4 años ","63 ","A.GOMEZ (61) ","CIELO DE MADRID ","RODRIGUEZ, O. ","2 ","[07,08,03,04,05] ",
"2 ","VIVA A FRANCA (USA) ","(3) ","4 años ","62 ","J.C.CERQUEIRA ","YEGUADA CORTIÑAL ","BORREGO R, J. M. ","4 ","[10,07,08] ",
"3 ","GRAN DUQUE (IRE) ","(2) ","4 años ","61 ","R.RAMOS ","MOCTEZUMA ","CARRASCO, A. ","8 ","[08,09,C,06] ",
"4 ","VODKA LEMON (GB) ","(3) ","4 años ","60 ","R.HUAYAS ","MADELAINE ","HUAYAS, R. ","3 ","[04,08,04,04,06] ",
"5 ","CAÑADIO (IRE) ","","5 años ","59 ","J.L.MARTINEZ ","HISPANICA ","FERNANDEZ R., J.C. ","1 ","[05,08,04,03,02] ",
"6 ","TRESENPUNTO ","","4 años ","59 ","J.L.BORREGO ","DONALFA ","PEREZ, M.J. ","5 ","[10,03,07] ",
"7 ","LEONIDAS BASILEUS(IRE) ","(3) ","4 años ","57 ","F.JIMENEZ ","LOS ESPARTANOS ","RECIO, B. ","7 ","[10,14,02,06,04] ",
"8 ","BARATHEA BAY (IRE) ","","4 años ","56 ","J.HORCAJADA ","TIZIANO ","DELCHER S., M. ","6 ","[06,10,NP,06,02] ",
