"CABALLO ","","EDAD ","KG ","JINETE ","CUADRA ","PREPARADOR ","CAJÓN ","",
"NATURAL TALENT ","(4) ","3 ","60 ","V.JANACEK ","C.NUNCA SE SABE ","GLARIZKORRETA ","3 ","2,1,6 ",
"BRUJLDA ","(8) ","3 ","59,5 ","MHRUBOSOVA (55,5) ","C.DRO ","A.TSERETELI ","2 ","4,3,2,3,8 ",
"FORCE CATIFR) ","(8) ","3 ","59 ","R.SOUSA ","C.NANINA ","LCALDERON ","6 ","2,1 ",
"MARCHELO(IRE) ","","3 ","59 ","J.GROSJEAN ","C.BERNARDO ","RAVIAL ","7 ","5,3,1 ",
"BABY GROOM ","","3 ","57 ","A.F.CHAVEZ (53) ","BREEDING HORSE ","G.VAZ ","1 ","6,6 ",
"GOUT SUCRE(FR) ","","3 ","57 ","I.MELGAREJO ","C.ROYAL GAIT ","M.ALONSO R. ","5 ","0,6 ",
"NEW ADELE(FR) ","","3 ","57 ","J.GELABERT ","C.BREDA ","MALONSO R. ","a ","3 ",
"OSIRIS DA TORRE(POR) ","(2) ","3 ","57 ","N.DE JULIAN ","C.AGRO CARVALHO ","M.CARVALHO ","10 ","o ",
"COCKLINAJFR) ","","3 ","56.5 ","CALQAIZA(54) ","SPORT HG ","M.COMAS ","4 ","1,9,7,9 ",
"MARIA DO MONTE(GER) ","","3 ","55.5 ",",FONSECA (54) ","C.BEST HORSE ","VAZ ","9 ","7.8.5.9 ",
