"N° CABALLO ","","EDAD ","KG ","JINETE ","CUADRA ","PREPARADOR ","CAIÓN ","UR ",
"1 FIRST ","","7 ","62 ","V.JANACEK ","PEREIRA PEREIRA JOKER ","D.TEIXEIRA ","6 ","3.2.1.2.4 ",
"2 KUKO|IRE) ","(5)(8) ","4 ","61 ","I.MELGAREJO ","C.JEREZANA ","","5 ","2.0.0.3.2 ",
"3 RONEO(FR) ","(3) ","6 ","58.5 ","AMARTINEZ (55) ","HERDADE GOMES ","RAON ","a ","5,1,0,00 ",
"4 FARSAMAN(FR) ","(5) ","6 ","58,5 ","R.SOUSA ","C.AGRO CARVALHO ","M.CARVALHO ","7 ","1.4.1.5.8 ",
"5 SOUND OF VICTORY(IRE) ","(8) ","5 ","58.5 ","R.RAMOS ","C.ELMO ","MAMARIN ","2 ","3,3,9,4,4 ",
"4 SISON(FR) ","(3) ","5 ","57.5 ","SRTA.ALONSO v. (55,5) ","CESAR ALONSO JUNIOR ","C.ALONSO ","3 ","0.6.6.1.4 ",
"7 LA MAL AMADA ","(B) ","4 ","57,5 ","J.GELABERT ","C.CANTER ","E.LEON ","1 ","0.4.1.7,9 ",
"a MARAVEDIIIRE) ","(2) ","4 ","57.5 ","A.F.CHAVEZ (54) ","C.DOISEA ","A.CARRASCO ","9 ","9.1.0.4.0 ",
"9 BRISCOLA(GB) ","(3) ","6 ","57 ","N.DE JULIAN ","C.ALEGRE ","D.FARLETE ","4 ","2,5,6,26 ",
