"N° CABALLO ","","EDAD ","KG ","JINETE ","CUADRA ","PREPARADOR ","CAJÓN ","Uk ",
"1 FAVEUR GRINE(GB) ","","4 ","60 ",".MELGAREJO ","C.EL VERDUGAL ","ASOTO ","a ","2,1,2,5,2 ",
"2 GUERREIRA(IRE) ","","4 ","60 ","V.JANACEK ","NOSSA SRA. DO VALE ","H.PEREIRA ","7 ","5.2.9.4.6 ",
"3 ASCENSION DIRECTE(FR) ","","6 ","58 ","J.GROSJEAN ","C.LUCARMADA ","RAVIAL ","6 ","1,0,8,5,3 ",
"4 MISTY CAT(FR) ","(B) ","5 ","58 ","J.GELABERT ","CESAR ALONSO JUNIOR ","C.ALONSO ","2 ","8,3,9,0,7 ",
"5 VELETA ","(5)(*) ","4 ","58 ","M.HRUBOSOVA154) ","C.POPURRI ","M.J.PEREZ ","1 ","8.2.0.4.0 ",
"6 BAAQY(IRE) ","(3) ","4 ","57 ","DJFERREIRA (55,5) ","C.EACHWAY ","A.SANCHEZ c. ","4 ","5,7,2,6 ",
"7 NURIA[POR) ","(B) ","4 ","57 ","LFONSECA (54) ","C.BEST HORSE ","G.VAZ ","5 ","9.5,4,0,0 ",
