"N° CABALLO ","","EDAD ","KG ","JINETE ","CUADRA ","PREPARADOR ","CAJÓN ","07 ",
"1 KOREYSKYI (IRE) (12.090) ","","6 ","61 ","R.RAMOS ","C.EQUHPO ","RAVIAL ","3 ","7.5.5.9.3 ",
"2 HOLLOKO(FR) (8.000) ","(2)(3 ","6 ","59.5 ","D.FERREIRA (58) ","STAND CARMO ","G.VAZ ","7 ","8,2,8,3,1 ",
"3 TIERMES (8.000) ","","4 ","59.5 ","A.MARTINEZ (55,5) ","C.MIRANDA ","ASOTO ","2 ","2,3,1,4,5 ",
"4 (8 000) ","(5)(8) ","5 ","58 ","AF.CHAVEZ (54) ","C.NANINA ","","6 ","0.8.6.0.8 ",
"5 GRILO(IRE) (8.000) ","(4) ","4 ","58 ","N.DE JULIAN ","NOSSA SRA. DO VALE ","HPEREIRA ","1 ","5,3,6,3,4 ",
"6 JUST ONE LOOK (8.000) ","","7 ","58 ","CALOAIZA (55,5) ","C.LUCARNADA ","RAVIAL ","5 ","3.6.7.2.5 ",
"7 MOUNTAIN GUARDORE) (8.000) ","","6 ","58 ","R.N.VALLE IG ","NOSSA SRA. DO VALE ","H.PEREIRA ","4 ","6,8,4,8,5 ",
