"CABALLO ","","EDAD ","KG ","INETE ","CUADRA ","PREPARADOR ","CAJÓN ","OR ",
"1 PIROPO ","(B) ","4 ","62 ","R.N.VALLE ","C.DESIGNHOUSES ","MALONSO R. ","6 ","1,0,6,6,4 ",
"2 IVAN EL TERRIBLE ","(5) ","9 ","60 ","J.GELABERT ","C.ARTEMIS ","J.LOPEZ ","7 ","4.2.6.5,7 ",
"3 ORRI(IRE) ","","7 ","60 ","V.JANACEK ","C.METAPHOR ","D.TEIKEIRA ","2 ","6,8,6,3,5 ",
"4 ORANGE RUNIRE) ","(5) ","13 ","57,5 ","R.RAMOS ","C.COSTALAVALL ","R.COSTA ","1 ","4.0.3.4.8 ",
"5 LA FRISLA(IRE) ","(5) ","6 ","57 ","R.SOUSA ","C.JOLAM ","M.J.GOMEZ ","5 ","0,7,2,3,8 ",
"6 NA RUA/POR) ","(8) ","4 ","55,5 ","AF.CHAVEZ(52) ","C.ALVELA ","LELARRE ","3 ","5,0,4,7,0 ",
"7 PALACE GUARD(IRE) ","(3) ","6 ","54 ","N.DE JULIAN ","C.ALEGRE ","D.FARLETE ","8 ","6,4,1,3,3 ",
"a NOCTU(POR) ","(2)(8) ","4 ","52,5 ","","CALVELA ","LELARRE ","9 ","0,7,4,5,9 ",
"9 GAUSS ","","5 ","51 ","","C.ALEGRE ","D.FARLETE ","4 ","0,6,3,0,0 ",
