"N° CABALLO ","","EDAD ","KG ","JINETE ","CUADRA ","PREPARADOR ","CAJÓN ","UR ",
"1 LEGIONARIO (GB) ","(4) ","5 años ","64 ","JGELABERT ","SANTA BARBARA ","M.OSORIO ","1 ","[01,02,08,01,01] ",
"2 GORMAZ ","(3)(4) ","5 años ","59,5 ","M.HRUBOSOVA (55) ","L'ETOILE ","GARIZKORRETA ","2 ","[03,01,03,04.02) ",
"3 COSTA ESMERALDA (FR) ","(3)(4) ","7 atos ","sa ","R.SOUSA ","SHOSHOLOZA ","M&M RACING ","3 ","[04.04.10.05.01) ",
"4 YANEDA (GB) ","(2)(8) ","5 años ","57 ","B.FAYOS ","ZURRAQUIN ","B.RAMA ","4 ","[01,10,07,03,04] ",
