"N° CABALLO ","","EDAD ","KG ","JINETE ","CUADRA ","PREPARADOR ","CAIÓN ","UR ",
"1 TRECE (IRE) ","","s años ","62 ","IMELGAREJO ","BELEN ","J.HORCAJADA ","1 ","(17,03,07,05,05) ",
"2 MELAMPO ","(B) ","4 años ","61,5 ","B.FAYOS ","ZURRAQUIN ","B.RAMA ","2 ","[01,05,09,07.03] ",
"3 LADY MARENGO (IRE) ","","5 años ","61 ","M.E.FERNANDEZ ","HISPANICA ","DANAYA ","4 ","[04,04,03,06,08] ",
"4 KARIBBEAN DREAM (FR) ","(5) ","5 años ","60 ","JGELABERT ","SAMALASSA ","M&M RACING ","3 ","[05,05,08,03,10] ",
"5 KAMIDIA ","","4 años ","58,5 ","RSOUSA ","ENALTO ","A.TSERETELI ","5 ","[04,05,03,11,NP) ",
