"N° CABALLO ","","EDAD ","KG ","JINETE ","CUADRA ","PREPARADOR ","CAIÓN ","Uk ",
"1 ZEEBULLET (IRE) ","","6 años ","62 ","M.HRUBOSOVA (57,5) ","DIECISES ","LCROSELL ","5 ","[07,02,03,05,06] ",
"2 ATLANTICO (GER) ","","6 años ","62 ","R.N.VALLE ","REAPERTURA ","A.TSERETELI ","3 ","",
"3 BANNABYS DREAM ","(5) ","6 alos ","59,5 ","N.SACCU (56,5) ","LAS AGUILAS ","A.CARRASCO ","1 ","",
"4 DELTA CRUCIS (USA) ","","10 años ","59,5 ","B.FAYOS (G.Ro(a) ","LAS AGUILAS ","A.CARRASCO ","7 ","(03,03,07,11,05) ",
"5 RUN RUN ","(5) ","6 años ","59 ","LGELABERT ","MAGICA ","MAM RACING ","6 ","(05,04,04,07,03) ",
"6 MYALDAGOBA ","","6 años ","58 ","RSOUSA ","COMETA ","I.C.ROSELL ","8 ","[05,01,14,02,10] ",
"7 DANZIG DE SAON (FR) ","(5)(8) ","4 años ","57 ","N.SANTOS ","PEDRA BELA ","D.SOUSA ","9 ","(05,09,05,16,15) ",
"8 NIAGARA ","","6 alos ","56,5 ","MEFERNANDEZ ","VEGUADA CORTIÑAL ","I.HORCAJADA ","2 ","[03,02,09,06,09] ",
"9 LENDA DA TORRE (POR) ","(5) ","6 años ","55,5 ","N.DE JULIAN ","AGRO CARVALHO ","M.CARVALHO ","4 ","[07,07,10,07,06] ",
"10 MILL VALLEY (IRE) ","(5) ","7 años ","54,5 ","D.FERREIRA (53,5) (G.Azul) ","LAS AGUILAS ","A.CARRASCO ","11 ","",
"11 SPINNERETT (GB) ","","6 años ","52,5 ","N.GARCIA (52) ","AIRES DE DOÑANA ","G.RODRIGUEZ ","10 ","(04,05,01,03,04) ",
