"N° CABALLO ","","EDAD ","KG ","JINETE ","CUADRA ","PREPARADOR ","CAJÓN ","DE ",
"1 LUANCO (FR) ","","3 años ","60 ","M.E.FERNANDEZ ","KL BILLETERO ","DANATA ","4 ","[01,01] ",
"2 SPEEDFUL (GB) ","(8) ","3 alos ","59 ","RSOUSA ","NEGURI ","L ENNOUNI ","1 ","(01,05,NP,08,04) ",
"3 HAAJOOS (GB) ","","3 años ","57 ","R.N.VALLE ","SARMIENTO Y DAVID ","0.ANAYA ","2 ","[07,94] ",
"4 OBELIX DA TORRE (POR) ","(3) ","3 años ","57 ","N.DEJULIAN ","AGRO CARVALHO ","M.CARVALHO ","3 ","(05,08,05,04) ",
