"N° CABALLO ","","EDAD ","KG ","JINETE ","CUADRA ","PREPARADOR ","CAJÓN ","UR ",
"1 CHAPMAN BILLY (GB)(5000) ","(2)(5)(8) ","5 años ","58 ","N.GARCIA(56,5) ","TOLEDO ","ANUÑEZ ","6 ","[01,06,05,06,02] ",
"z ANFION (7000) ","(5)(8) ","4 años ","57,5 ","N.DEJULIAN ","CANARIAS ","MAMARIN ","3 ","(05,06,04,03,07) ",
"3 TACIO (GB)(a)(7000) ","(5)(8) ","4 años ","57,5 ","R.RAMOS ","EACHWAY ","ASANCHEZ C ","5 ","(03,05,05,09,07) ",
"4 MR HOBBS (GB)(5000) ","(3) ","7 años ","57 ","F.MARTINEZ ","AJEDREZ RACING ","B.RAMA ","4 ","[01,02,03,02,03] ",
"5 NADER(5000) ","(B) ","a años ","57 ","R.N.VALLE ","REZA PAZOOKI ","O.ANATA ","1 ","[06,03,01,02,06] ",
"6 ROCKOLA(5000) ","(B) ","4 años ","54,5 ","M.HRUBOSOVA (49,5) ","ENALTO ","A.TSERETELI ","2 ","[07,05,11,12,03] ",
