"KG ","JINETE ","CUADRA ","PREPARADOR ","CAJ. ","Últ. actuaciones* ",
"58 ","V.JANACEK ","C.USSIA-FIGUEROA ","G.ARIZKORRETA ","2 ","1,6,4,2,0 ",
"57 ","SRTA.BUESA C. (54) ","C.MARISOL ","J.C.CERQUEIRA ","1 ","1,5,6,5 ",
"57 ","J.L.BORREGO ","C.ODISEA ","A.CARRASCO ","3 ","7,0,4,3 ",
"56 ","A.GOMEZ ","C.CALEJAÑA ","C.FERNANDEZ ","6 ","0,9 ",
"56 ","R.SOUSA ","CDE. CIBELES ","J.C.CERQUEIRA ","5 ","4,7 ",
"56 ","B.FAYOS ","DQ. ALBURQUERQUE ","J.M.OSORIO ","7 ","3,5,7 ",
"54,5 ","M.GOMES ","C.ENALTO ","J.LOPEZ ","4 ","Deb. ",
"54,5 ","J.GELABERT (50,5) ","C.IBIZA ","G.ARIZKORRETA ","8 ","5 ",
