"JINETE ","CUADRA ","PREPARADOR ","CAJ. ","Ult.Actuac. ",
"V.JANACEK ","C.FACTOR SORPRESA ","G.ARIZKORRETA ","9 ","1,3,9,4,1 ",
"R.SOUSA ","C.NEARCO ","E.LEON ","7 ","3,0,6,4,0 ",
"N.DE JULIAN (56) ","C.MIRASIERRA ","G.ARIZKORRETA ","6 ","1,1,3,6,8 ",
"J.GELABERT (53,5) ","C.VALLADOLID ","G.ARIZKORRETA ","8 ","0,7,1,4,2 ",
"B.FAYOS ","C.TRES MALAGUEÑAS ","O.ANAYA ","2 ","2,0,4,0,4 ",
"H.PEREIRA (57) ","C.ESPECTACULO ","H.PEREIRA ","5 ","2,0,9,2,9 ",
"A.GOMEZ ","Y.MILITAR ","J.P.ESPINOSA ","3 ","9 ",
"A.J.GRATEROL (55) (B.blanca) ","Y.MILITAR ","A.SUÑEN ","1 ","0 ",
"C.A.LOAIZA ","C.PORONGUERA ","T.CALLEJO ","4 ","0,7,9,7,9 ",
