"KG ","JINETE ","CUADRA ","PREPARADOR ","CAJ. ","Ult.Actuac. ",
"58 ","B.FAYOS ","GR.BOLAÑOS GR.CANARIA ","A.REMOLINA ","8 ","6,3,7,4,1 ",
"58 ","J.L.BORREGO ","C.ODISEA ","A.CARRASCO ","6 ","1,2,3,1,5 ",
"58 ","M.GOMES ","C.NANINA ","J.CALDERON ","2 ","1,3,7,6,7 ",
"58 ","F.X.BERTRAS ","HARAS DE SAINT PAIR ","F.ROHAUT ","4 ","5,9,1,1,4 ",
"58 ","S.SAADI ","C.DI BENISICHI ","A.IMAZ C ","5 ","1,1,1,7,0 ",
"58 ","C.CADEL ","FERDERIC SANCHEZ ","F.SANCHEZ ","7 ","6,3,9,7,3 ",
"56,5 ","V.JANACEK ","C.POPULAR ","G.ARIZKORRETA ","1 ","6,5,2,3,1 ",
"55,5 ","D.MORISSON ","C.SAF SAF ","C.DELCHER ","3 ","3,2,2,1,2 ",
