"JINETE ","CUADRA ","PREPARADOR ","CAJ. ","Ult.Actuac. ",
"V.JANACEK ","C.KARIKATO ","M.AUGELLI ","11 ","5,4,0,6,2 ",
"J.L.MARTINEZ ","C.HISPANICA ","C.FERNANDEZ ","12 ","5,3,9,6,6 ",
"B.FAYOS ","C.TINERFE ","O.ANAYA ","10 ","3,0,0,0,2 ",
"J.L.BORREGO ","C.CALEJAÑA ","D.LOPEZ F. ","7 ","1,9,1,9,1 ",
"SRTA.BUESA c. (56) ","C.DOSANGELES ","J.C.CERQUEIRA ","3 ","0,5,0,0,4 ",
"R.SOUSA ","C.EL SABLE ","E.PUENTE ","9 ","3,8,5,4,4 ",
"I.BORREGO ","C.PALOMARES ","B.J.RECIO ","4 ","5,5,7,4,2 ",
"N.DE JULIAN (53) ","C.BUELNA EQUII ","D.DEL BARRIO ","1 ","4,0,9,3,9 ",
"S.SAADI ","C.KOTARRO ","R.AVIAL ","8 ","8,7,0,9,0 ",
"R.GUTIERREZ ","C.LEZAMA ","A.LEZAMA ","5 ","2,1,0,0,7 ",
"J.GELABERT (51) ","CDE. CIBELES ","M.HERNANDEZ ","2 ","7,1,0,7,5 ",
"A.GOMEZ ","Y.MILITAR ","J.P.ESPINOSA ","6 ","6,6,6 ",
