"JINETE ","CUADRA ","PREPARADOR ","CAJ. ","Ult.Actuac. ",
"S.SAADI ","C.ALISARES ","A.IMAZ c ","3 ","4,9,0,0,4 ",
"R.SOUSA ","C.EL AVILES ","B.J.RECIO ","6 ","6,8,9,0,7 ",
"J.L.BORREGO ","C.CALEJAÑA ","D.LOPEZ F ","5 ","7,0,2,7,5 ",
"A.GOMEZ ","C.LAJORQUIN ","J.MARTINEZ ","10 ","1,3,0,0,8 ",
"SRTA.PEREZ c. (55) ","C.EL SABLE ","E.PUENTE ","11 ","0,0,0,7,6 ",
"V.JANACEK ","CDE. CIBELES ","M.HERNANDEZ ","8 ","6,2,2,2,4 ",
"I.BORREGO ","C.VALMAR ","B.J.RECIO ","1 ","7,6,0,7,2 ",
"B.FAYOS ","C.ROBER ","R.AVIAL ","4 ","8,0,0,0,0 ",
"M.GOMES ","C.ODISEA ","A.CARRASCO ","13 ","3,3,8,5,3 ",
"N.DE JULIAN (53) ","Y.MILITAR ","J.P.ESPINOSA ","12 ","0,0,7,7,6 ",
"A.GUTIERREZ B. (47) ","C.Y AHORA QUE ","M.ALONSO ","9 ","0,6,3 ",
"J.GELABERT (48) ","C.ESTRADOS ","J.P.ESPINOSA ","7 ","5,8,0,7,3 ",
"SRTA.ZAMBUDIO J. (47) (B.roja) ","C.EL SABLE ","E.PUENTE ","2 ","9,4,9,6,5 ",
