"JINETE ","CUADRA ","PREPARADOR ","CAJÓN ","Ult.Actuac. ",
"J.GROSJEAN ","C.LOS TONELES ","F.RODRIGUEZ ","4 ","5,4,5 ",
"F.JIMENEZ ","Y.MILITAR ","J.P.ESPINOSA ","8 ","4 ",
"O.O.DE URBINA ","C.MEDITERRANEO ","M.DELCHER S ","1 ","7 ",
"M.GOMES ","REZA PAZOOKI ","F.RODRIGUEZ ","6 ","6,6,5 ",
"M.BORREGO (B.blanca) ","Y.MILITAR ","A.SUÑEN ","2 ","5,9 ",
"V.JANACEK ","C.ESTRADOS ","R.MARTIN S ","7 ","0,8,9 ",
"J.B.HAMEL ","C.ROBER ","R.AVIAL ","9 ","2,6,5 ",
"R.H.HUAYAS ","C.EFES ","A.CARRASCO ","5 ","6,9,6,7 ",
"J.L.MARTINEZ ","CELSO MENDEZ ","M.ALVAREZ ","3 ","4,2,3,6 ",
