"N° ","CABALLO ","","EDAD ","KG ","JINETE ","CUADRA ","PREPARADOR ","CAJÓN ","Ult.Actuac. ",
"1 ","GRAN CHIPI(FR) ","","3 ","60 ","V.JANACEK ","C.POPULAR ","G.ARIZKORRETA ","4 ","2,1,3,5,2 ",
"2 ","MONIUS(IRE) ","","3 ","59 ","G.MADERO ","C.ALISARES ","A.IMAZ c ","6 ","1,5,3,7,6 ",
"3 ","POMPOM COEUR ","","3 ","56 ","J.GROSJEAN ","C.SAFSAF ","F.RODRIGUEZ ","2 ","7,9,3,5,7 ",
"4 ","HAMELIN ","(5) ","3 ","55 ","F.JIMENEZ ","Y.MILITAR ","J.P.ESPINOSA ","7 ","3,1,4,9,8 ",
"5 ","FISCHER ","","3 ","54 ","C.CAZALIS ","C.COMANSI ","J.C.FERNANDEZ ","3 ","6,9,2,3,2 ",
"6 ","VIA MEYDAN(IRE) ","","3 ","52 ","A.GOMEZ ","C.MALDON ","M.DELCHER S ","5 ","1,4,6,0,1 ",
"7 ","SENTENCE ","","3 ","51 ","M.SECCI ","C.FINCA CAS SANT ","G.ARIZKORRETA ","1 ","1,2,4,5,9 ",
