"KG ","JINETE ","CUADRA ","PREPARADOR ","CAJON ","Ult.Actuac. ",
"60 ","R.H.HUAYAS ","C.MADELEINE ","R.H.HUAYAS ","2 ","2,2,1,3,2 ",
"60 ","J.B.HAMEL ","C.ALISARES ","A.IMAZ O ","9 ","4,4,8,8,6 ",
"60 ","A.GOMEZ ","C.ODISEA ","I.GOMEZ ","1 ","8,3,0,0,4 ",
"60 ","F.JIMENEZ ","Y.MILITAR ","J.P.ESPINOSA ","5 ","7,3,6,8,3 ",
"57 ","M.GOMES ","C.LLAS ","J.LOP.VALVERDE ","3 ","8,5,0,2,3 ",
"","","","","","",
"55 ","G.MADERO (B.roja) ","C.EL SABLE ","E.PUENTE ","7 ","2,1,0,0,7 ",
"55 ","J.GROSJEAN ","C.KOTARRO ","A.SANCHEZ M ","4 ","3,9,6,0,0 ",
"53 ","J.M.SANCHEZ C. (51) ","C.ESTRADOS ","R.MARTIN S ","6 ","5,7,2,0,1 ",
