"","1 Carrera - Premio AEGRI ","- ","Memorial ","Nagore ","Otaño (Amazonas y Gentlemen) ","- 7.650 Euros a repartir- ","2.200 metros. Hora: ","17 h. ","15 m. ",
"N° ","CABALLO ","","EDAD ","KG ","JINETE ","CUADRA ","PREPARADOR ","CAJÓN ","Ult. actuaciones' ",
"1 ","BETANZOS ","","4 ","66,5 ","SR.PINEDA G. ","C.LLAS ","J.LOP.VALVERDE ","5 ","2,4,5,2,1 ",
"2 ","ROYAL IMARI(USA) ","(3) ","5 ","66,5 ","SR.CARMENA M. ","C.LA TOLEDANA ","J.L.MAROTO ","2 ","1,4,5,2,2 ",
"3 ","SMASHER(FR) ","","7 ","65,5 ","SR.MARTIN R. ","C.KAELA ","R.MARTIN V ","6 ","1,2,2,3,9 ",
"4 ","COSIDE(USA) ","","4 ","64,5 ","SRTA.LOPEZ D. ","C.SAFSAF ","M.DELCHER S ","4 ","1,0,9,4,9 ",
"5 ","AZAMOR ","(5) ","4 ","64 ","SRTA.BURGUEÑO V. (62) ","C.EL HERROJO ","G.ARIZKORRETA ","1 ","3,5,2,2,3 ",
"6 ","LATIN MOOD(FR) ","","9 ","63,5 ","SR.PAILHES P. (64) ","PATRICK PAILHES ","A.IMAZ C ","7 ","8,4,3,4,7 ",
"7 ","GADIBA ","(5) ","4 ","62 ","SR.DE JULIAN N. ","Y.MILITAR ","A.SUÑEN ","3 ","7,5,8,0 ",
"8 ","KEITY ","","4 ","62 ","SR.GUTIERREZ A. (58) ","C.EL TRISQUEL ","T.MARTINS ","8 ","3,5,9,7,8 ",
