"","","","","","","","","",
"GOIMENDI ","(5) ","4 ","","","","","","",
"BARROCCO ","(3) ","6 ","","","","","","",
"DE LEYES(FR) ","","4 ","56 ","V.JANACEK ","C.EL SABLE ","E.PUENTE ","8 ","9,1,4,1,7 ",
"DE PARLER(FR) ","","4 ","","","","","","",
"SAMANA BLUE(FR) ","","6 ","","","","","","",
"JACETANO(FR) ","(5) ","5 ","","","","","","",
"4° Carrera - ","Premio ","","Hipodromoa ","Turf (Handicap) (2 parte) - ","6.800 Euros a repartir- 2.400 ","metros. Hora: 19 h. ","","",
"CABALLO ","","EDAD ","KG ","JIINETE ","CUADRA ","PREPARADOR ","CAJON ","Ult.Actuac. ",
"URDAZURI ","","3 ","62 ","SR.PINEDA G. (59,5) ","C.ERNIO ","M.ALONSO ","10 ","4,6,0,7 ",
"DE MONCLOA(IRE) ","","3 ","62 ","O.O.DE URBINA ","SALVADOR ELIZONDO TEK ","J.LOPEZ ","12 ","8,5,5 ",
"ISAMAN(GB) ","","5 ","62 ","A.J.GRATEROL ","ESTACION TURF ","T.MARTINS ","9 ","0,6,6,2,5 ",
"GAMBERRO(IRE) ","","4 ","61 ","V.JANACEK ","C.ZEBRA ","J.C.FERNANDEZ ","6 ","5,6,6,1,8 ",
"","(5) ","4 ","61 ","J.B.HAMEL ","C.ROBER ","R.AVIAL ","5 ","4,5,7,3,8 ",
"KNIGHT(GB) ","(5) ","5 ","60 ","J.GROSJEAN ","C.KOTARRO ","A.SANCHEZ M ","1 ","6,0,6,0,8 ",
"NAVARRO(PER) ","","5 ","58 ","G.MADERO ","C.EL SABLE ","E.PUENTE ","8 ","1,2,6,0,0 ",
"BAMBOLA ","","3 ","58 ","R.H.HUAYAS ","C.CALEJAÑA ","D.LOPEZ ","2 ","3,6,6,6,7 ",
"MORNING MUSE(IRE) ","(5) ","3 ","57 ","M.GOMES ","C.NORTENHA ","T.MARTINS ","3 ","2,7,6,9,6 ",
"TANEA(IRE) ","(5) ","6 ","56 ","J.M.SANCHEZ c (54) ","C.RIBAMONTAN ","G.VILLARTA ","11 ","3,6,5,6,2 ",
"COMODORO(GER ","","3 ","54 ","C.FERNANDEZ ","C.CARBALLOP ","J.C.FERNANDEZ ","4 ","4,6,0,0,0 ",
"XAMURAY ","(5) ","8 ","52 ","A.GOMEZ ","C.BOBBY ","I.GOMEZ ","7 ","1,4,0,3,3 ",
