"N° ","CABALLO ","","EDAD ","KG ","JINETE ","CUADRA ","PREPARADOR ","CAJÓN ",
"1 ","SEVERO (FR) ","(3) ","5 ","62 ","R. SOUSA ","TINERFE ","o. ANAYA ","8 ",
"2 ","INTENSE EXPRESSION (IRE) ","","4 ","61 ","F. JIMENEZ ","EL CAPRICHO ","A. SANCHEZ c. ","2 ",
"3 ","QUEEN OF MARMELADE (FR) ","(5) ","4 ","61 ","R. N. VALLE ","MAIA LIDADOR ","H. OLIVEIRA ","10 ",
"4 ","DIBOY (FR) ","(2) ","5 ","60,5 ","B. FAYOS ","EL BILLETERO ","o. ANAYA ","11 ",
"5 ","SPINNERETT (GB) ","","4 ","60,5 ","J. GELABERT ","AIRES DE DOÑANA ","G. RODRIGUEZ ","4 ",
"6 ","EARLY BERE (FR) ","","5 ","60,5 ","F. ALVARADO ","CASTILLO DE CHARETA ","F. ALVARADO ","3 ",
"7 ","MY FERLOMA (FR) ","(3) ","6 ","60 ","N. GARCIA (58,5) ","MENDES E SA COUTO ","H. OLIVEIRA ","1 ",
"8 ","KIRIKKALE (FR) ","(3) ","8 ","59 ","R. RAMOS (G.blanca) ","MAIA LIDADOR ","H. OLIVEIRA ","7 ",
"9 ","ASCANIO ","(2) ","5 ","57 ","v. JANACEK ","HELISABEL ","J. SALGUERO ","12 ",
"10 ","COYOTE DAX ","","4 ","54 ","N. DE JULIAN ","RIO CUBAS ","o. ANAYA ","5 ",
"11 ","ARTIST CRY (GB) ","","7 ","54 ","SR. HIDALGO, J. (56) ","LA GITANA ","JAVIER HIDALGO ","9 ",
"12 ","MAKAAMEN (GB) ","","13 ","54 ","F. MARTINEZ ","GREILET ","A. SANCHEZ c. ","6 ",
