"N° ","CABALLO ","","EDAD ","KG ","JINETE ","CUADRA ","PREPARADOR ","CAJÓN ",
"1 ","QUICK ARTIST (IRE) ","","5 ","69,5 ","SR. LABORDE, P. ","EACHWAY ","A. SANCHEZ c. ","2 ",
"2 ","ANGLIRU (IRE) ","","4 ","67 ","SR. PINEDA, G. ","CELSO MENDEZ ","M. ALVAREZ ","6 ",
"3 ","MIKELTOS (FR) ","(3) ","9 ","67 ","SR. SARABIA, D. ","RIO CUBAS ","o. ANAYA ","3 ",
"4 ","HOLISTIC APPROACH (IRE) ","","5 ","66 ","SR. ALONSO, c. ","EL CAPRICHO ","A. SANCHEZ c. ","5 ",
"5 ","PERSIAN RHAPSODY (GB) ","","4 ","65 ","SR. URBANO, L. (63) ","CANARIAS ","o. ANAYA ","1 ",
"6 ","CONNOISSEUR (GB) ","","4 ","63,5 ","SR. SAINZ, A. (63) ","TINERFE ","G. RODRIGUEZ ","7 ",
"7 ","FIGUEIRAS ","","9 ","63,5 ","SRTA. SARRIAS, s. (58,5) ","PATITAS ","s. SARRIAS ","4 ",
