"N° ","CABALLO ","","EDAD ","KG ","JINETE ","CUADRA ","PREPARADOR ","CAJÓN ",
"1 ","MISS TUFIA ","(5) ","3 ","62 ","J. L. MARTINEZ ","MARTEL SANCHEZ ","M. GOMES ","1 ",
"2 ","PULSING DRAGON (IRE) ","","3 ","62 ","F. JIMENEZ ","MAZANTINNI ","A. CARRASCO ","3 ",
"3 ","SHADES OF MIST (GB) ","","4 ","61 ","J. E. JARCOVSKY ","LOS NIÑOS ","G. RODRIGUEZ ","4 ",
"4 ","SHINING TORCH (IRE) ","","3 ","61 ","N. DE JULIAN ","SOÑADOR ","J. SALGUERO ","8 ",
"5 ","MAKUKI ","","3 ","61 ","J. GELABERT ","CELSO MENDEZ ","M. ALVAREZ ","7 ",
"6 ","QUIMBAYA (IRE) ","","3 ","60 ","E. J. ARGUINZONES (58) ","AIRES DE DOÑANA ","G. RODRIGUEZ ","2 ",
"7 ","ARMY (GB) ","","3 ","60 ","R. N. VALLE ","ZEZINHO ","J.C. CERQUEIRA ","10 ",
"8 ","SIGRID ","","3 ","59 ","R. RAMOS ","ODISEA ","A. CARRASCO ","5 ",
"9 ","HAVANA MAGIC (GB) ","","4 ","58 ","B. FAYOS ","MALLOW GRAN CANARIA ","o. ANAYA ","11 ",
"10 ","REST BAY (IRE) ","","3 ","57,5 ","N. GARCIA (56) (G. roja) ","SOÑADOR ","J. SALGUERO ","9 ",
"11 ","LITTLEBECK LADY (GB) ","(5) ","5 ","56,5 ","V. JANACEK ","JIMENA ","BLAS RAMA ","6 ",
"12 ","SwORDCRAFT (IRE) ","","4 ","56,5 ","R. SOUSA (G. azul) ","LOS NIÑOS ","J. SALGUERO ","12 ",
