"N° ","CABALLO ","","EDAD ","KG ","JINETE ","CUADRA ","PREPARADOR ","CAJÓN ",
"1 ","BARRY LYNDON (FR) ","(3) ","5 ","63 ","SR. SARABIA, D. ","RIO CUBAS ","o. ANAYA ","8 ",
"2 ","ARTE OF GOLD (GB) ","","5 ","60 ","R. SOUSA ","TINERFE ","o. ANAYA ","2 ",
"3 ","CIRIACO ","(3) ","9 ","59 ","V. JANACEK ","RIO AULENCIA ","G. ARIZKORRETA ","7 ",
"4 ","PANTHEUR (FR) ","","4 ","57,5 ","J. E. JARCOVSKY ","CARBALLOP ","c. FERNANDEZ ","6 ",
"5 ","SANTAREM (IRE) ","(5) ","7 ","57,5 ","B. FAYOS ","DIAZMOR ","o. ANAYA ","5 ",
"6 ","QOSQO (FR) ","","3 ","56,5 ","N. DE JULIAN ","ROBERTO COCHETEUX ","M. ALVAREZ ","1 ",
"7 ","BILLY BUZZ (FR) ","","4 ","56,5 ","R. N. VALLE ","EL BILLETERO ","o. ANAYA ","3 ",
"8 ","POPOTA (GB) ","(3) ","4 ","55 ","J. GELABERT (G. blanca) ","ROBERTO COCHETEUX ","M. ALVAREZ ","4 ",
"9 ","LLERENA (IRE) ","(2) ","5 ","54 ","F. MARTINEZ ","AJEDREZ RACING ","BLAS RAMA ","9 ",
