"N° ","CABALLO ","","EDAD ","KG ","JINETE ","CUADRA ","PREPARADOR ","CAJÓN ",
"1 ","ABSOLUT ","","3 ","62 ","F. JIMENEZ ","ENALTO ","J. A. RODRIGUEZ ","5 ",
"2 ","PIRATE (IRE) ","","3 ","60 ","B. FAYOS ","SALVADOR MARQUEZ ","o. ANAYA ","2 ",
"3 ","GHOST DU DESERT (FR) ","(5) ","3 ","59 ","MARTINEZ ","CANARIAS ","o. ANAYA ","6 ",
"4 ","TIMPLE CANARIAS (IRE) ","","3 ","59 ","N. DE JULIAN ","GRUPO BOLAÑOS ","M. ALVAREZ ","1 ",
"5 ","CHAPMAN BILLY (GB) ","(5) ","3 ","58 ","R. SOUSA ","MQ. DE MIRAFLORES s. ANT. ","ENRIQUE LEON ","4 ",
"6 ","HOLD ON NOW (IRE) ","(2) ","3 ","56,5 ","V. JANACEK ","Y. LOS ARCANGELES ","G. ARIZKORRETA ","7 ",
"7 ","TOP SPACE (USA) ","","3 ","56 ","J. GELABERT ","ROBERTO COCHETEUX ","M. ALVAREZ ","3 ",
