"N° ","CABALLO ","","SEXO ","EDAD ","PESO ","JINETE ","CUADRA ","PREPARADOR ","CAJON ","Ult. Actuac. ",
"1 ","EL GUANCHE (FR) ","","c ","4 ","62 ","N. DE JULIAN ","TOLEDO ","A. NUÑEZ ","10 ","9,4,6,1,10 ",
"2 ","MR HOBBS (GB) ","(5) ","c ","6 ","61 ","B. FAYOS ","MARISOL ","J.C. CERQUEIRA ","9 ","2,2,4,13,8 ",
"3 ","HACKNEY ROAD (GB) ","(3) ","Y ","7 ","60,5 ","J.L. BORREGO ","DE LA HIGUERA ","A. TSERETELI ","5 ","9,2,6,10,1 ",
"4 ","BRANDON (FR) ","","Cas ","4 ","60 ","J.L. MARTINEZ ","RICCARDO MAZZOLA ","M. TELLINI ","6 ","2,1,6,7,7 ",
"5 ","CAPTAIN MOONLITE (IRE) ","(6) ","c ","9 ","59 ","I. MELGAREJO (57) ","JIMENA ","B. RAMA ","7 ","6,2,1,D,2 ",
"6 ","so HI STORM (IRE) ","","Cas ","4 ","59 ","R.N. VALLE ","MEDITERRANEO ","J.C. CERQUEIRA ","1 ","1,5,2,6,5 ",
"7 ","MALCOLM THE PUG (IRE) ","","c ","6 ","58 ","L. FONSECA ","DAVID GARCIA S T ","J.C. CERQUEIRA ","2 ","1,11,13,7,1 ",
"8 ","GREAT PROSPECTOR (IRE) ","","Cas ","5 ","57 ","V. JANACEK ","MALLOW GRAN CANARIA ","o. ANAYA ","4 ","14,10,3,3,13 ",
"9 ","MOUNTAIN GUARD (IRE) ","","c ","5 ","55 ","D. FERREIRA (54) ","NOSSA SENHORA DO VALE ","H. PEREIRA ","8 ","7,1,4,3,6 ",
"10 ","FOOTMAR (FR) ","(2) ","Y ","4 ","54,5 ","N. GARCIA (53) ","COLISA ","J.A. RODRIGUEZ ","11 ","2,3,7,6,12 ",
"11 ","KIRI SUNRISE (IRE) ","","Y ","7 ","53,5 ","E.J. ARGUINZONES (54) ","SOÑADOR ","J. SALGUERO ","3 ","10,9,8,2,2 ",
