"N° ","CABALLO ","","SEXO ","EDAD ","PESO ","JINETE ","CUADRA ","PREPARADOR ","CAJON ","Ult. Actuac. ",
"1 ","EL SALADILLO (IRE) ","(5) ","Cas ","3 ","60 ","I. MELGAREJO (58) ","BECARES ","J.L. MAROTO ","6 ","2,7,4,4,4 ",
"2 ","METALLICA STAR (FR) ","","Y ","3 ","58,5 ","B. FAYOS ","ONYARBI ","R. MARTIN V. ","2 ","4,2,4,2,1 ",
"3 ","DANZIG DE SAON (FR) ","(5) ","c ","3 ","58 ","N. SANTOS ","QUINTA DA FOLHA ","D. SOUSA ","5 ","7,2 ",
"4 ","HOLLABACK GIRL (GB) ","(5) ","Y ","3 ","56,5 ","D. FERREIRA (55) ","NOSSA SENHORA DO VALE ","H. PEREIRA ","7 ","5,5,2,7,6 ",
"5 ","ROCKOLA (10.000) ","(5) ","Y ","3 ","56,5 ","V.JANACEK ","ENALTO ","A. TSERETELI ","3 ","3,1,11,7,7 ",
"6 ","SISTER MOON (FR) ","(5) ","Y ","3 ","56,5 ","N. DE JULIAN (G. Azul) ","ONYARBI ","R. MARTIN V. ","1 ","3,6 ",
"7 ","KARLUVY ","","c ","3 ","56 ","C.A. LOAIZA (53,5) ","A'CASIÑA ","o. ANAYA ","8 ","10,5 ",
"8 ","TADI'S ROCK ","(5) ","Y ","3 ","53,5 ","R.N. VALLE ","T. DIEZ ","D. DIEZ ","4 ","9,5,10,6,6 ",
