"N° ","CABALLO ","","SEXO ","EDAD ","PESO ","JINETE ","CUADRA ","PREPARADOR ","CAJON ","Ult. Actuac. ",
"1 ","LADY LOLA ","(2) (4) ","Y ","6 ","62 ","I. MELGAREJO (60,5) ","BRAZACORTA ","B. RAMA ","8 ","3,9,11,2,2 ",
"2 ","ZINZA ","","Y ","4 ","59,5 ","D. FERREIRA (58) ","GRAN ELENCO ","J.C. ROSELL ","5 ","7,7,9,6,6 ",
"3 ","MIDURO (FR) ","","C ","4 ","59,5 ","J.L. BORREGO ","JAYJO ","I. LOPEZ ","7 ","6,7,10,4,3 ",
"4 ","KISMAR (IRE) ","","Y ","7 ","58,5 ","E.J. ARGUINZONES (57) ","ROYAL GAIT ","J.A. RODRIGUEZ ","3 ","5,4,5,6,3 ",
"5 ","LEE BAY (GB) ","","Cas ","7 ","58,5 ","B. FAYOS ","LAS AGUILAS ","F. RODRIGUEZ ","2 ","5,5,3,7,6 ",
"6 ","COYOTE DAX ","(5) ","Cas ","5 ","58 ","N. DE JULIAN ","TOLEDO ","A. NUÑEZ ","1 ","2,4,3,11,2 ",
"7 ","TE KOOP (GB) ","(5) ","Cas ","5 ","57 ","C.A. LOAIZA (55) ","ZEBRA ","M. TELLINI ","6 ","4,5,3,10,5 ",
"8 ","BELGE MENCI (GER) ","","Y ","9 ","53,5 ","V. JANACEK (56) ","MAGICA ","M. AUGELLI ","4 ","8,2,6,8,4 ",
