"N° ","CABALLO ","","SEXO ","EDAD ","PESO ","JINETE ","CUADRA ","PREPARADOR ","CAJON ","Ult. Actuac. ",
"1 ","LONDON CALLING ","","c ","6 ","68 ","SR. LABORDE, P. ","ENALTO ","A. TSERETELI ","2 ","1,8,1,4,5 ",
"2 ","PARABAK (FR) ","(3) ","c ","5 ","67,5 ","SR. ALONSO V., c. ","RIO CUBAS ","I. LOPEZ ","1 ","5,4,1,4,6 ",
"3 ","NADER ","(3) ","Cas ","7 ","65 ","SR. SAINZ, A. (64) ","REZA PAZOOKI ","o. ANAYA ","4 ","5,8,9,1,2 ",
"4 ","GORMAZ ","","Cas ","4 ","65 ","SR. PINEDA, G. ","L'ETOILE ","G. ARIZKORRETA ","7 ","1,7,4,2,6 ",
"5 ","URBAN ROCK (IRE) ","","Cas ","5 ","62,5 ","SRTA. BUESA, c. ","ODON ","M. HERNANDEZ ","3 ","3,3,1,3,9 ",
"6 ","BRISCOLA (GB) ","(3) ","Y ","5 ","61,5 ","SR. GREDILLA, P. ","TOLOSANA ","G. ARIZKORRETA ","5 ","3,6,2,3,2 ",
"7 ","HIGH BAROQUE (USA) ","","Cas ","8 ","60,5 ","SR. URBANO, L. (61) ","ELEVAGE LA REVERDITE ","T. MARTINS ","6 ","5,1,5,8,6 ",
"(2) con ","Difícil en la salida; (3) Correrá con carrilleras; (4) Utilizará tapones; (5) Correrá anteojeras; (6) Correrá con visor. ","","","","","","","","","",
