"N° ","CABALLO ","","SEXO ","EDAD ","PESO ","JINETE ","CUADRA ","PREPARADOR ","CAJON ","Ult. Actuac. ",
"1 ","ABSOLUT ","(5) ","Cas ","4 ","62 ","V. JANACEK ","ENALTO ","A. TSERETELI ","3 ","2,2,1,3,3 ",
"2 ","COLIBRI (IRE) ","","Cas ","6 ","60 ","D. FERREIRA (58,5) ","BARRA SUR ","L. ENNOUNI ","1 ","1,3,6,7,4 ",
"3 ","DROVER (GB) ","(3) ","Cas ","5 ","60 ","J.L. MARTINEZ ","PATRIZIA ROSANNA TESTA ","M. TELLINI ","5 ","4,1,4,3,8 ",
"4 ","PLANTER DE VALIENTE ","","c ","4 ","59,5 ","F. JIMENEZ ","YEGUADA VALIENTE ","I. LOPEZ ","2 ","1,1,6,8,4 ",
"5 ","ANGLIRU (IRE) ","(2) ","Cas ","5 ","56 ","E.J. ARGUINZONES (54,5) ","CELSO MENDEZ ","M. ALVAREZ ","7 ","7,5,9,6,5 ",
"6 ","SUPER JOHN (FR) ","(3) ","c ","4 ","56 ","N. DE JULIAN ","E. PEREZ GUZMAN ","J.A. RODRIGUEZ ","4 ","3,6,7,2,4 ",
"7 ","LA FRISLA (IRE) ","","Y ","4 ","54,5 ","R.N. VALLE ","JOLAM ","M.J. GOMEZ ","6 ","9,11,3,4,5 ",
