"Al Trote Enganchado 2500€ en premios: 1200 al 1° ","Distancia 1,725m. 600 al 2°. 300 al 3°. 150 al 4°. 100 al 5°. ","PLACA NEGRA NÚMERO 75 al 75 al 7°. ","BLANCO ","Matrícula ","35€ Forfait 20% ","del premio De cuatro y más ","años ","nacionales. ","Cambio Conductor: ",
"PROPIETARIO ","N° CABALLO ","CONDUCTOR ","ENTRENADOR ","DIST SCE ","ORIGEN ","SUMAS R. Abs. ","R. Dist. ","CLASIF. ","ÚLTIMA CARRERA ",
"Cdra. H. M. ","1 UNA PASSADA HM ","R. ORFILA C. (AP) ","M. Mestre ","1.725 Ec7 ","Armbro Goal-Hija de Hooge ","28.107 1.15.7 ","1.19.6 ","D-5-3-5-R-4 ","22.02 15 -D-DH-1800-A-0- A HORRACH ",
"Cdra. Sa Fonda ","2 STAR DES NELLS ","J. BAUZA B. ","M. Bauza ","1.725 Ec9 ","Dream Vacation-Finolis SB ","28.662 1.15.7 ","1.16.4 ","2-2-5-6-7-4 ","22.02.15 -2-MN-2375-A-1.19.5-J.BAUZAB. ",
"Cdra. Rigo LI. ","3 TREBOLI SPA ","J. RIGO LL. (AP) ","J. Rigo LI. ","1.725 Ca8 ","Ganymede-Josmorama Mar ","31.542 1.15.6 ","1.16.0 ","3-3-3-1-(14)4-3 ","22.02.15-3-MN-2375-A-1.19.5-J.RIGOLL. (AP) ",
"B. Serra A. ","4 SULTAN BS ","F. BENNASAR ","F. ","1.725 Cc9 ","Love You-Rydens Ravenna ","33.062 1.15.4 ","1.16.9 ","5-1-1-0-0-(14)6 ","02.15-5-MN-2375-A-1.19.7-F.BENNASAR ",
"Hnos. Fluxa Gomila ","5 NOMMEL CRACK ","Jme. FLUXA ","M. Fluxa S. ","1.725 Cc1 ","Rommel- Fergie Chicco ","34.366 1.15.5 ","1.16.6 ","6-3-4-7-6-(14)0 ",")2.15-6-MN-2375-A-1.19.8- Jme.FLUXA ",
"Bme. Llobet Riera ","6 URIADNA ALLES ","B. LLOBET R. ","B. Llobet R ","1.725 Ec7 ","Yankee Slide-Cesoia Topsin ","40.417 1.14.4 ","1.17.5 ","4-4-3-0-0-(14)D ","22.02.15 -4-MN-2375-A-1.19.6-A.RIERA B ",
"No solo Trote S.L. ","7 UNCLE YIM CS ","A. FRONTERA ","A. Frontera ","1.725 Cc7 ","Atas Ace L-Pocahontas Gull ","48.082 1.14.9 ","1.17.9 ","7-2-2-R-0-2 ","27.02.15-7-SP-2650-A-1.19.4-J.A.RIERA ",
"J. Lliteras M. ","8 OH DECO SB ","G. RIERA ","A. Lliteras M. ","1.725 Cc10 ","Uronometro-Far SB ","73.688 1.13.3 ","1.15.9 ","1-2-7-2-(14)6-D ","22.02 15 1-MN-2375-A-1 19.3 RIERA ",
"Cdra. M. ","9 OH TAP IN HM ","M. MESTRE ","M. Mestre ","1.725 Ca10 ","Tap In -Lindys Spring ","79.136 1.12.1 ","1.16.2 ","3-3-2-0-2-3 ","22.02.15-3-DH-1800-A-1.16.1-M.MESTRE ",
"Cdra. Es Tito ","10 SYBILA DE KOR ","J. A. GARCIA ","Garcia ","1.725 Ec9 ","Sirgio-Auba des Etangs ","42.641 1.13.8 ","","7-(14)D-D-(13)0-R-0 ","22.02.15-7-MN-2375-A-1.20.0-J.A.GARCIA ",
