"Al Trote Enganchado 2500€ en premios: 1200 al 1°. ","Distancia 2.050m. 600 al 2° 300 al 3°, 150 al 4°. 100 al 5°. 75 ","PLACA AZUL NÚMERO 75 al 7°. ","BLANCO ","Matrícula ","35€ Forfait 20% ","del premio Caballos de tres y ","más años ","internacionales. ","Autostart Cambio Conductor: 18€ ",
"PROPIETARIO ","N° CABALLO ","CONDUCTOR ","ENTRENADOR ","DIST SCE ","ORIGEN ","SUMAS R. Abs. ","R. Dist. ","CLASIF. ","ÚLTIMA CARRERA ",
"Quadra Can Nequs ","1 ORPHEE D'IDOLE (FR) ","M. JUAN o. ","J. Vich ","2.050 ","Cc13 Bolide d'odyssee-Floriane pallas ","118.440 1.15.0 ","1.16.9 ","4-2-5-(14)3-0-0 ","22.02 19.0 M. JUAN O ",
"Cdra. Piscines ","2 SOMEBODY DE NAPPES (FR) ","J. MASCARO P. ","J. Mascaro P. ","2.050 Cc9 ","Latinus-Elite Castelets ","122.450 1.14.0 ","","D-0-0-(14)D-0-5 ","22.02 15 -D-MN-2375-A-0- J. MASCARO P ",
"Peña Volkswagen Manacor ","3 PIRATE DE VALMOR (FR) ","J. RIERA S. ","Ma Sureda ","2.050 ","Cc12Full Account-Anna de Beauregard ","124.197 1.14.9 ","1.17.3 ","0-0-0-7-6-6 ","22.02.1 15 -0-MN-2375-A-0- Ma SUREDA ",
"Cdra. M. ","4 PANDA DE TUGERAS (FR) ","R. ORFILA C. (AP) ","M. Mestre ","2.050 ","Cc12Illico Presto-Almeriane ","126.540 1.14.2 ","1.20.0 ","(14)0-7-0-2-6-5 ","24 10. 14 -0-SP-2650-A-0 A. VALLS ",
"Penya Tots Quatre ","5 RESET JET (FR) ","B. AMENGUAL ","G. Vives S. ","2.050 ","Ca1dCoktail Jet-Kyra ","141.168 1.13.7 ","1.18.9 ","0-D-(14)0-2-0-7 ","22.02. 15 -0-MN-2375-A-0- B. AMENGUAL ",
"Cdra. Es Turo ","6 QUICKER DU CLOSET (FR) ","A. Ma. SANTANDREU J. ","A. Ma Santandreu J. ","2.050 ","Cc11Look de Star-Girl du Queron ","144.682 1.13.2 ","","D-0-D-3-(14)2-0 ","22.02. 15 -D-MN-2375-A-0- Ma SANTANDREU J ",
"Cdra. Son Vent ","7 ROC D'ALOUETTE (FR) ","J. FLUXA ","J. Capo ","2.050 ","Ca10Lucky d'Hilly-Egerie de Bouquy ","157.450 1.13.7 ","1.13.7 ","D-D-0-5-0-D ","27.02 15 D-SP-2650-A-0- FLUXA ",
"Cdra. Es Pou Florit S.L. ","8 DOMINO SUND (SE) ","M. A. BINIMELIS ","M. Binimelis ","2.050 Ec8 ","Muscles Yankee-Euro Tara ","172.446 1.11.6 ","1.17.0 ","0-0-0-0-5-6 ","27.02. 15 -0-SP-2150-A-0 M A BINIMELIS ",
"Cdra. M. Cdra. Toni Juan Cdra. Vich Capo ","9 QUINITO CHEF (FR) 10 OSCAR DE SUCE (FR) 11 RAPID TILLY (FR) ","M. MESTRE Jme. FLUXA M. RIERA B. ","M. Mestre A. Janer R. A. Vich ","2.050 Cn11 2.050 Cc13 2.050 Cc10 ","1Balou Boy-Incertaine Mabon Dermadour du Gite-Havane de Suce (Ganymede-Joyeuse Tilly ","194.494 1.13.1 204.344 1.14.2 244.142 1.12.2 ","1.16.7 1.15.9 ","D-0-0-7-(14)7-1 2-0-4-(14)3-0-2 R-0-5-(14)0-3-5 ","21.02. 15 -D-SP-2650-A-0 M. MESTRE 15.02 15 -2-SP-2150-A-1 16 Jme. FLUXA 28.01 15 R-SP-2650-A-0- G. FUSTER ",
"A. Rieupeyroux ","12 QUENO DE MONTFORT (FR) ","G. RIERA ","A. Rieupeyroux ","2.050 Cc1 ","1Hermes de Montfort-Isaoraine ","310.525 1.11.9 ","","0-0-(14)0-0-0-4 ","21.02. 15 -0-SP-2650-A-0- RIEUPEYROUX ",
