"Al Trote Enganchado 2500€ en premios: 1200 al 1° ","Distancia 2.050m. 600 al 2°, 300 al 3°. 150 al 4°. 100 al 5°, ","PLACA NARANJA 75 al6°, 75 al 7° ","NÚMERO NEGRO ","Matrícula ","35€ Forfait 20% ","del premio De cuatro y más ","años ","nacionales. ","Autostart Cambio Conductor: 18€ ",
"PROPIETARIO ","N° CABALLO ","CONDUCTOR ","ENTRENADOR ","DIST SCE ","ORIGEN ","SUMAS R. Abs. ","R. Dist. ","CLASIF. ","ÚLTIMA CARRERA ",
"Hnos. Escandell ","1 ULTRA BLAI ","A. FRONTERA ","A. Frontera ","2.050 Cc7 ","Laramie-Huida Blai ","17.135 1.14.9 ","1.17.1 ","0-7-7-0-1-0 ","21.02 15 0-SP-2650-A-0- A. FRONTERA ",
"Cdra. Carlitos ","2 Al SEU TE PEGO ","B. SALAS ","B. Salas ","2.050 Ec5 ","Laramie-Gina Branch HV ","17.240 1.16.3 ","1.18.0 ","5-0-5-0-1-5 ","27.02 15 -5-SP-2650-A-1 19.8- B. SALAS ",
"Cdra. Es Pou Florit S.L. ","3 AIRE DE CLISSA ","M. A. BINIMELIS ","M. Binimelis ","2.050 Cc5 ","c Super Chancen-Fill de Clissa ","18.580 1.16.1 ","1.19.0 ","0-3-3-2-6-0 ","22.02 15 -0-DH-2600-A-0- M A. BINIMELIS ",
"Peña Grimalt-Fullana ","4 ULL DE VIC GV ","J. RIERA S. ","M. Grimalt V. ","2.050 ","Mr Vic-Ulriaka Eleonora ","19.269 1.15.1 ","1.18.4 ","R-(14)6-0-6-0-3 ","04.01 15 R-MN-2375-A-0 M. GRIMALTV ",
"Cdra. Bar Ca Na Prima ","5 URANUS LOVER ","A. RIERA B. ","A. Riera B. ","2.050 Cc7 ","Legendary Lover K-Gesta des Bosc ","19.307 1.15.5 ","1.16.9 ","0-0-0-1-5-(14)0 ","27.02 15 -0-SP-2650-A-0 A. RIERA B ",
"Cdra. Zulima S.M. ","6 TIRSA ROYAL ","G. BARCELO ","G Barcelo ","1.050 Ec8 ","Royal Pine-Dee Dee Suede ","20.031 .16.4 ","1.17.2 ","2-0-2-2-(14)2-1 ","08.02 15 -2-MN-1725-A-1 18.5 G BARCELO ",
"Cdra. Caf. Ses Primetes ","7 UN QUEPRIXET MAR ","G. RIERA ","Ma Sureda ","2.050 Ec7 ","Laramie-Tracey Boko ","20.060 1.16.2 ","1.18.0 ","0-(14)6-2-6-6-0 ","22.02. 15 -0-MN-2375-A-0- RIERAS ",
"Peña Bonanza ","8 AKILES STAR ","G. ANDREU ","J. Villalonga ","2.050 Cc5 ","Atas Nice Star L-Kodelia ","20.839 1.16.7 ","1.18.7 ","1-4-3-2-1-4 ","27.02 15 -1-SP-2650-A-1 19.3-, A. RIERA ",
"Hnos. Muntaner ","9 ULL D'ES BOSC ","M. RIERA B. ","J. Muntaner B. ","2.050 Cc7 ","Fast Photo-Chanel du Nord ","20.857 1.15.5 ","1.17.4 ","D-D-5-7-(14)0-3 ","15.02 15 D-SP-2650-A-0 M. RIERA B ",
"Cdra. Ca'n Duran ","10 ANGELINA DURAN ","o. PUIGSERVER ","P. Puigserver ","2.050 Ec5 ","Fast Photo-Herica Garbo ","21.252 1.15.3 ","1.17.3 ","0-0-0-(14)0-7-R ","22.02 15 -0-MN-2375-A-0- B. SAGRERA ",
"Ma. Alomar F. ","11 VIUDE IR ","Jme. FLUXA ","M. Andreu ","2.050 Ec6 ","Brandy dei Fiori-Galina V M ","22.212 1.15.9 ","1.18.7 ","D-3-7-7-(14)4-4 ","27.02 15 D-SP-2150-A-0- Jme FLUXA ",
"Cdra. Italoiberica ","12 UTOPIA AB ","B. LLOBET R. ","B. Llobet R ","2.050 Ec7 ","Captain Cook-Mannarazza ","24.571 1.14.9 ","1.17.9 ","1-1-D-4-3-6 ","22.02 15 1-DH-2600-A- 16.8-B. LLOBET R ",
