"Al Trote Enganchado 2500€ en premios: 1200 al 1°. ","Distancia 2.050m. 600 al 2°. 300 al 3°. 150 al 4°. 100 al 5°. ","PLACA VERDE NÚMERO 75 6°. 75 al 7°. ","NEGRO ","Matrícula ","35€ Forfait 20% ","del premio De cuatro y más ","años ","nacionales. ","Autostart Cambio Conductor: 18€ ",
"PROPIETARIO ","N° CABALLO ","CONDUCTOR ","ENTRENADOR ","DIST SCE ","ORIGEN ","SUMAS R. Abs. ","R. Dist. ","CLASIF. ","ÚLTIMA CARRERA ",
"Hnos. Pastor S. ","1 TORNADO STAR ","M. PASTOR S. ","M. Pastor S. ","2.050 Cc8 ","Idjet Mab-Erica Star ","8.135 .16.2 ","1.18.4 ","0-0-0-3-(14)0-0 ","21.02 15 -0-SP-1700-A-0- M. PASTORS ",
"Cdra. Es Sementeret ","2 VET AQUI SI VA BE ","A. RIERA ","G. Sureda ","2.050 Ca6 ","Prudence-Georgina Tirety ","8.630 1.16.9 ","1.19.4 ","0-6-2-0-4-0 ","27.02 15 -0-SP-2150-A-0- A. RIERA ",
"Peña Grimalt Fullana ","3 UN DE PHOTO GV ","B. SALAS ","R. Rigo LI. ","2.050 Ca7 ","S J'S Photo-Felicita ","8.657 1.18.2 ","1.20.3 ","D-R-D-6-D-(14)D ","15.02. 15 D-SP-2650-A-0- BAUZA B. ",
"Hnos. Moya A. ","4 AVE CESAR ","A. FRONTERA ","A. ","2.050 Cn5 ","Armbro Goal-Hills Tiara ","8.782 1.18.4 ","1.20.8 ","3-0-6-6-6-4 ","22.02 15 -3-DH-2600-A-1 18.4-A. FRONTERA ",
"Cdra. Miquel Paula ","5 VALDANO MAR ","B. LLOBET R. ","B. Llobet R. ","2.050 Cc6 ","Ata Star L-Dominguera Mar ","9.335 1.16.1 ","1.18.1 ","6-6-(14)0-4-6-2 ","27.02 15 -6-SP-2150-A-1 18.9- -B. LLOBET R. ",
"Cdra. Celio ","6 UNALTRE SB ","M. A. MASCARO R. ","M. Mascaro R. ","2.050 Ec7 ","Brandy dei Fiori-Vasterbo Atanytime ","9.347 1.16.3 ","1.17.9 ","0-0-5-3-(14)0-5 ","15 -0-SP-1700-A-0- M. A MASCARO R ",
"Cdra. B.R. Penya Silver Mixo Cdra. S.A.S.-Café 1990 Cdra. Xisquet J. Lliteras M. ","7 TIMBOLA BR 8 BENIGNO DURAN 9 BECKER SAS 10 UFANA MISS 11 UNA FOTO PRIM ","Jme. BASSA R. O. PUIGSERVER M. MATAMALAS F. SERVERA LI. (AP) G. RIERA ","J. Mas G. P. Puigserver M. Matamalas F. Servera LI. A. Lliteras M. ","2.050 Ec8 2.050 Cc4 1.050 Cn4 2.050 Ec7 2.050 En7 ","Ata Star L-Hinka Das Pont Musigny Degato-Why Not Gin Idjet Mab-Fatina Trio Suitable Rose-Jara Miss is J's Photo-Amazzonia Ambrosio ","9.747 1.17.2 9.794 1.17.3 10.500 1.16.8 10.542 1.17.5 10.646 1.16.0 ","1.18.3 1.22.7 1.23.4 1.18.4 1.18.7 ","3-0-0-6-(14)6-6 4-4-0-0-5-4 1-0-R-1-2-(14)3 0-6-5-4-0-0 3-0-6-(14)0-0-6 ","21.02 15 -3-SP-2650-A-1 20.8- Jme. BASSA R -4-SP-2150-A-1 18.7- B. MASCARO -1-SP-2150-A-1 18 M MATAMALAS 15 -0-DH-2600-A-0- A SANCHEZ 15 -3-SP-2150-A-1 18.6- G. RIERA ",
"Cdra. Ladil ","12 UNIC DE LADIL ","S. POCOVI (AP) ","J. Pocovi ",".050 Cc7 ","Pearsall Hanover-Druvia ","11.074 1.14.5 ","1.18.5 ","D-4-0-(14)D-3-0 ","08.02 15 D-MN-1725-A-0- S. POCOVI (AP) ",
