"Al Trote Enganchado 2500€ en premios: 1200 al 1°. ","Distancia 2.050m. 600 al 300 3°, 150 al 4°, 100 al 5°, ","PLACA BEIG NÚMERO 75 al6°, 75 al 7°, ","NEGRO ","Matrícula ","35€ Forfait 20% ","del premio De cuatro y más ","años ","nacionales. ","Autostart Cambio Conductor: 18€ ",
"PROPIETARIO ","N° CABALLO ","CONDUCTOR ","ENTRENADOR ","DIST SCE ","ORIGEN ","SUMAS R. Abs. ","R. Dist. ","CLASIF. ","ÚLTIMA CARRERA ",
"Cdra. Ca'n Puig ","1 UMBROSO ","J. VILLALONGA (AP) ","J. C. Villalonga ","2.050 Cn7 ","Allison Hollow-Fine Chouan ","2.810 .19.4 ","1.19.4 ","(14)D-2-3-(13)0-R-0 ","22.03 14 -D-MN-2050-A-0- J. VILLALONGA (AP) ",
"Cdra. Son Sama ","2 BUFALO SS ","M. A. MARTI ","Marti ","2.050 Cc4 ","C Super Chancen-Nilda Biniati ","3.100 1.18.9 ","1.18.9 ","1-1-2-2-1-(14)1 ","22.02 .15-1-MN-2375-A-1.20.4-M.A.MARTI ",
"Cdra. Ca'n Busquets ","3 VALENT HB ","G. BUSQUETS ","G. Busquets ","2.050 Cc6 ","Fast Photo-Glintter Lux ","3.162 1.17.8 ","1.19.8 ","R-0-2-(14)3-D-3 ","17.01 15 -R-MN-2050-A-0- G. BUSQUETS ",
"A. Rossello G. ","4 UNTES CG ","D. ADROVER ","D. Adrover ","2.050 Ec7 ","is J'S Photo-Follow Me ","3.479 1.19.2 ","1.19.6 ","0-6-(14)D-6-D-0 ","22.02 15 -0-MN-2375-A-0- D. ADROVER ",
"Cdra. Xisquet ","5 BIG BIG STAR ","F. SERVERA LI. (AP) ","F Servera LI. ","2.050 Cc4 ","Kannibal-Magistrada Ir ","3.526 1.18.0 ","1.21.7 ","2-D-4-D-0-(14)7 ","22.02 15 -2-DH-2600-A-1 18.0-J. C. ROTGER ",
"Germanes Galmés Llodrá ","6 BO DE CLISSA ","A. RIERA B. ","A. Riera B. ","2.050 Cn4 ","Eole Filla de Clissa ","3.546 1.18.6 ","1.19.5 ","3-2-1-D-(14)1-4 ","22.02. 15 -3-MN-2375-A-1.: 20.9- A. RIERA B. ",
"Cdra. H.M. ","7 BENVENGUT EDEN ","M. MESTRE ","M. Mestre ","2.050 Cc4 ","Eden Bridge-Elga Breton GF ","3.652 1.17.9 ","1.24.0 ","5-D-D-D-0-3 ","22.02 15 -5-DH-2600-A-1 19. 1-M. MESTRE ",
"Hnos. Marti S. ","8 VELUTINE ","J. A. RIERA ","Marti ","2.050 Ec6 ","Clinton Corners-Belutina ","3.696 1.19.6 ","1.19.6 ","5-3-6-5-4-(14)D ","22.02 15 -5-MN-2375-A-1.21 G MARTI ",
"Cdra. Hortensia ","9 VALENT GOAL CH ","S. BARCELO ","S. Barcelo ","2.050 Cc6 ","Glasny Goal-Emperatriu AF ","3.776 1.18.2 ","1.18.2 ","0-2-0-5-(14)R-6 ","22.02 15 -0-MN-2375-A-0- S. BARCELO ",
"Quadra Valls Rullan S.L. ","10 ALGARROBO ","A. VALLS ","A. Valls ","2.050 Cn5 ","Magistral-Ho Scot M ","4.040 1.17.7 ","1.19.2 ","2-0-5-3-1-D ","22.02. 15 -2-MN-2375-A-1 .20.5- A. VALLS ",
"Cdra. J.M. ","11 VESIADA JM ","J. M. JUAN ","J. M. Juan ","2.050 Ec6 ","Ambassador Fortuna-Sexy Crown ","4.226 1.18.2 ","1.19.2 ","3-2-4-0-(14)2-4 ","08.02. 15 -3-MN- 1725-A-1 20.3- J. M. JUAN ",
"Cdra. Veloz ","12 UEP TURISTA ","A. VAQUER S. ","J. Muntaner B. ","1.050 Ea7 ","Eros du Rocher-Espira des Bosc ","4.367 1.19.1 ","1.19.1 ","0-D-6-0-(14)4-0 ","27.02 15 0-SP-2650-A-0- A. VAQUER S ",
