"N° ","CABALLO ","","EDAD ","KG ","JINETE ","CUADRA ","PREPARADOR ","CAJÓN ","Últ. actuaciones* ",
"1 ","SON BOU (GB) ","","6 años ","62 ","J.GROSJEAN ","MEDITERRANEO ","L. ENNOUNI ","3 ","[05,11,01,08,14] ",
"2 ","MIND THE GAP ","","4 años ","61,5 ","J.GELABERT (60,5) ","ODISEA ","A.CARRASCO ","8 ","[02,08,02,05,01 ",
"3 ","ZIDA (GB) ","(5) ","4 años ","61 ","R.SOUSA ","LAURA COSTA ","M.TELLINI ","9 ","[01,05,05,05,02] ",
"4 ","PIQUIO (FR) ","","4 años ","61 ","V.JANACEK ","HISPANICA ","O.ANAYA ","4 ","[01,03,02,04,05] ",
"5 ","MAYO ","","6 años ","59 ","R.C.MONTENEGRO ","GRAFIMAR ","M.A.MARIN ","1 ","[09,04,05,01,06] ",
"6 ","ROBERTTINO STAR ","(2) ","6 años ","59 ","E.ARGUINZONES ","BOLAK ","C.FERNANDEZ ","10 ","[01,07,01,06,01] ",
"7 ","GUZMAN EL BUENO (FR) ","(5) ","5 años ","59 ","B.FAYOS ","EL FARGUE ","I.L.MAROTO ","7 ","[03,01,03,07,03] ",
"8 ","DESEADO ","","7 años ","57 ","N.GARCIA ","SUREÑA ","I.A.RODRIGUEZ ","2 ","[08,05,03,01,03 ",
"9 ","GOLDEN DYNASTY ","","5 años ","56,5 ","SRTA BUESA,C. (54,5) ","ZUL ","J.C.CERQUEIRA ","6 ","[01,03,03,04,03 ",
"10 ","DESENMASCARADO ","(3) ","4 años ","56,5 ","J.B.HAMEL ","CDE CIBELES ","J.C.CERQUEIRA ","5 ","[02,07,01,06,02] ",
