"N° ","CABALLO ","","EDAD ","KG ","JINETE ","CUADRA ","PREPARADOR ","CAJÓN ","Ult.actuaciones* ",
"1 ","LATERAN ACCORD (IRE) ","(2) ","7 años ","60 ","V.JANACEK ","POPULAR ","G.ARIZKORRETA ","8 ","[02,05,13,06,01] ",
"2 ","MALOS PELOS ","","5 años ","58 ","E.ARGUINZONES ","ARTEMIS ","J.LOPEZ ","6 ","[04,01,01,01,10] ",
"3 ","GREEN SOLDIER (FR) ","","5 años ","57 ","J.L.MARTINEZ ","EDIF ","A.IMAZ C. ","4 ","[01,01,02,06,10] ",
"4 ","GUERAL ","","7 años ","57 ","J.GROSJEAN ","SAN ANTONIO ","I.L.MAROTO ","2 ","[05,12,02,07,01] ",
"5 ","MAGNUN BARELIERE (FR) ","","4 años ","57 ","R.C.MONTENEGRO ","HARAS DE LA BARELIERE ","A.IMAZ C. ","5 ","[01,06,01,02,01] ",
"6 ","MASCARADO (FR) ","","4 años ","57 ","J.GELABERT ","JARILLA ","F.PEREZ ","1 ","[08,10,04,02,03] ",
"7 ","YERMO (IRE) ","(2) ","4 años ","57 ","B.FAYOS ","ZURBANO ","I.LOPEZ ","9 ","[01,01,06,06,06] ",
"8 ","L'AVENUE (IRE) ","(5) ","5 años ","56,5 ","J.HORCAJADA ","MARBELLA ","G.ARIZKORRETA ","7 ","[03,04,03,06,12) ",
"9 ","LA BOPPERIA ","","6 años ","55,5 ","J.L.BORREGO ","BOLAK ","M.AUGELLI ","3 ","[03,02,02,03,08] ",
