"N° ","CABALLO ","","EDAD ","KG ","JINETE ","CUADRA ","PREPARADOR ","CAJÓN ","Últ. actuaciones* ",
"1 ","ALTERNATIVAS ","","3 años ","57 ","G.MADERO ","ROMANA ALTA ","M.J.PEREZ ","1 ","[04,01] ",
"2 ","AVENUE DARGENT (FR) ","","3 años ","57 ","B.FAYOS ","ROBERTO COCHETEUX ","I.M.OSORIO ","3 ","[01,01,02,06] ",
"3 ","FUNNY MOON (FR) ","","3 años ","57 ","J.L.MARTINEZ ","JARILLA ","F.PEREZ ","5 ","[04,04] ",
"4 ","GENESSEE ","","3 años ","57 ","J.GROSJEAN ","REZA PAZOOKI ","F.RODRIGUEZ ","10 ","[05,02,03,01] ",
"5 ","KALINDA ","","3 años ","57 ","A.GOMEZ ","ODISEA ","A.CARRASCO ","4 ","[05,06,NP,06,05] ",
"6 ","KISMAR ","","3 años ","57 ","R.SOUSA ","COLIBRI ","I.A.RODRIGUEZ ","7 ","[02,02,05] ",
"7 ","LADY DARI (IRE) ","","3 años ","57 ","N.DE JULIAN ","ALTAMIRA ","A.NUÑEZ ","11 ","[09] ",
"8 ","LADY SHAANA (IRE) ","(5) ","3 años ","57 ","J.L.BORREGO ","LAS ANGELES ","A.NUÑEZ ","2 ","[03,03,07,08,NP] ",
"9 ","NOCTALIA (FR) ","","3 años ","57 ","V.JANACEK ","CLAVILEÑO ","G.ARIZKORRETA ","8 ","[02,01,02,02] ",
"10 ","SATIN CHIC (GB) ","","3 años ","57 ","J.GELABERT ","MARISOL ","J.C.CERQUEIRA ","9 ","[01,02,10,02,06] ",
"11 ","XIUNI ","","3 años ","57 ","J.B.HAMEL ","SANTA ANA ","A.IMAZ C. ","6 ","[04,05,01,03,02] ",
