"N° ","CABALLO ","","EDAD ","KG ","JINETE ","CUADRA ","PREPARADOR ","CAJÓN ","Últ. actuaciones* ",
"1 ","VAMOS ESPAÑA ","","4 años ","61 ","J.L.BORREGO ","ODISEA ","A.CARRASCO ","8 ","[08,03,06,02,02] ",
"2 ","VEGA D'ALIENOR (FR) ","(3) ","6 años ","61 ","B.FAYOS ","TURF GUIMARAES ","T.MARTINS ","10 ","[02,02,02,04,02] ",
"3 ","ELECTRA VOICE (GB) ","","3 años ","56,5 ","R.SOUSA ","LA CINCHA ","J.C.CERQUEIRA ","7 ","[04,06,05,06,01] ",
"4 ","MISS MONEYPENNY (IRE) ","(5) ","3 años ","55,5 ","I.L.MARTINEZ ","ROBERTO COCHETEUX ","M.ALVAREZ ","12 ","[02,02,04,04,16] ",
"5 ","PRINCESA CANARIA (GB) ","","3 años ","55,5 ","V.JANACEK ","MARTEL SANCHEZ ","B.RAMA ","5 ","[10,01,01] ",
"6 ","CAMILA ","(4) ","3 años ","52,5 ","J.GELABERT (51) ","USSIA-FIGUEROA ","G.ARIZKORRETA ","1 ","[04,08] ",
"7 ","DELLA RUBIA (FR) ","","3 años ","52,5 ","A.GOMEZ (53) ","CIELO DE MADRID ","I.A.RODRIGUEZ ","2 ","[11,09 ",
"8 ","DOUNALY BARELIERE (FR) ","","3 años ","52,5 ","J.GROSJEAN (54) ","E. PEREZ GUZMAN ","I.A.RODRIGUEZ ","9 ","[ Debutante ",
"9 ","HABANA ","","3 años ","52,5 ","N.GARCIA ","YEGUADA CORTIÑAL ","I.A.RODRIGUEZ ","3 ","[07 ",
"10 ","MAHSATI (GB) ","","3 años ","52,5 ","E.ARGUINZONES ","REAL LOVE ","T.MARTINS ","11 ","[16 ",
"11 ","MME. LIZ BARELIERE (FR) ","","3 años ","52,5 ","SRTA MORENO,O (50,5) ","HARAS DE LA BARELIERE ","A.NUÑEZ ","6 ","[13 ",
"12 ","ZAMINAL (GB) ","","3 años ","52,5 ","G.MADERO (53) ","AFRICA ","I.M.OSORIO ","4 ","[07 ",
