"N° ","CABALLO ","","EDAD ","KG ","JINETE ","CUADRA ","PREPARADOR ","CAJÓN ","Últ. actuaciones* ",
"1 ","CIELO CANARIAS (IRE) ","","8 años ","61 ","I.BORREGO ","GRUPO BOLAÑOS GRAN CANARIA ","A.REMOLINA ","9 ","[05,01,06,03,07] ",
"2 ","NOOZHOH CANARIAS ","","5 años ","59 ","J.L.MARTINEZ (G.Verde) ","GRUPO BOLAÑOS GRAN CANARIA ","A.REMOLINA ","3 ","[01,02,02,06,12] ",
"3 ","PORTOBELO (FR) ","","4 años ","59 ","D.MORISSON ","HABIT ","C.FERNANDEZ ","2 ","[05,02,01,01,01] ",
"4 ","TIO LUIS (IRE) ","(5) ","6 años ","59 ","R.C.MONTENEGRO ","SAN JULIO ","J.L.MAROTO ","7 ","[08,01,03,02,01] ",
"5 ","WAD VISON ","","6 años ","59 ","N.GARCIA ","PALOMARES ","J.A.RODRIGUEZ ","1 ","[03,01,04,03,01] ",
"6 ","ALARAZ ","","4 años ","57 ","V.JANACEK ","CLARET ","G.ARIZKORRETA ","6 ","[02,03,02,02,02] ",
"7 ","DELFMAR ","","4 años ","57 ","R.SOUSA ","COLISA ","I.A.RODRIGUEZ ","5 ","[07,NP,05,04,02] ",
"8 ","FALKIRK (IRE) ","","5 años ","57 ","N.DE JULIAN ","LAS ANGELES ","A.NUÑEZ ","8 ","[01,04,02,01,04] ",
"9 ","RISBY (IRE) ","","8 años ","57 ","B.FAYOS ","VIGURIA ","J.M.OSORIO ","4 ","[07,03,06,08,NP] ",
