"KG ","INITE ","CUADRA ","PREPARADOR ","CAIÓN ","Ult ",
"","LGROSJEAN ","","","2 ","[07,04,02,06] ",
"57 ","(55,5) ","BALCONDE TELDE ","EPEREZ ","11 ","(08,02,07,05,03 ",
"57 ","R.RAMOS ","ODISFA ","ACARRASCO ","4 ","[04,10,10] ",
"57 ","MEFERNANDEZ ","BECARES ","ESBUZON ","12 ","(06,05,07.07) ",
"57 ","NDE JULIAN ","IVAN 17 ","","a ","[14.18.18] ",
"56.5 ","VAANACEK ","TEGBADA ROCIO ","","7 ","[09,02,02,08] ",
"sas ","PJINENIZ ","COCHETEIX ","MALVAREZ ","9 ","(09,04,10,06,03) ",
"55.5 ","INELGARE]O ","COCHETEUX ","HALVAREZ ","10 ","[12,05,06] ",
"ss ","R.FAYOS ","JOAQUIN BOMERO ","AIMAZ,E ","5 ","I Debutante 1 ",
"","","LAS BOZAS ","ALLPEREZ ","o ","I Debutante I ",
"","(48,5) ","TEGIADA ARANJUEZ ","LOPEZ ","1 ","[NPJ ",
"","R.SOUSA ","106E MICHEL RODRIGUEZ ","CILDELCHER ","a ","I Debutante ",
