"N° CABAILO ","","EDAD ","KG ","JINETE ","CUADRA ","PREPARADOR ","CAJÓN ","Un ",
"1 MERNI (USA) ","","% años ","67 ","SRSARABIAD ","RIO CUBAS ","DANAYA ","1 ","(01,03,01,02,11) ",
"2 FINAIR (IRE) ","(5) ","4 años ","65 ","SRIABORDEP. ","BERNIE ","[LOPEZ ","4 ","[01,08,05,NP,08) ",
"3 LONE PEAK (FR) ","(4) ","4 años ","65 ","","ZUL ","ICCIRQUEIRA ","2 ","(05,07,01,13,09) ",
"4 QUKK ARTIST (IRE) ","","años ","64.5 ","SRTA ALONSO,V.V.(61) ","EACHWAY ","","5 ","(03,01,04,02,07) ",
"5 NIRMALI [FR) ","","años ","64 ","SITALOPIZ,D ","MARQUES DE MIRAFLORES DE SAN ANTONIO ","CH.DELCHER ","3 ","[06,04] ",
"6 TRECE (IRE) ","","años ","63.5 ","","BELEN ","LHORCAIADA ","6 ","(06,02,02,03,07) ",
"7 STERUNG coun ","","4 años ","N.3 ","","EL SABLE ","E.PUENTE ","7 ","(06,07) ",
