"N° ","CABALLO ","","EDAD ","",
"1 ","TITO (GB) ","(5) ","3 añas ","sa ",
"2 ","APUIANI ","","3 años ","",
"3 ","MARAYEIN (INE) ","","3 años ","",
"4 ","MONTENEGRAL ","(3) ","3 años ","",
"s ","WUIKI ","(5) ","3 años ","",
"6 ","DAJLA (GB) ","","3 añas ","",
"7 ","RAQUIRA (FR) ","","3 añas ","",
"a ","RUMBERA (FR) ","(3) ","3 años ","",
"9 ","ARTICO (IRE) ","","3 añas ","",
"10 ","PARKLAND (FR) ","(5) ","3 años ","ss ",
"11 ","BOTANA ","","3 añas ","",
"12 ","GROSS (FR) ","","3 años ","53,5 ",
