"N° CABALLO ","","EDAD ","KG ","INETE ","CUADRA ","PREPARADOR ","CAJÓN ","Ult ",
"1 DEFERENCE (CH) ","","4 años ","62 ","RRAMOS ","TINERFE ","DANAYA ","5 ","[04,03,01,02,01 ",
"2 COSSIO ","(5) ","4 años ","60.5 ","","INCITATUS RACING ","MEM RACINC ","9 ","(02,07,05,07.05) ",
"3 METKAIF (GB) ","","5 años ","58.5 ","D.FERREIRA(57) ","ZEBRA ","NEM RACING ","7 ","[03,02,02,NP,03] ",
"4 KARIBHEAX DREAN (FR) ","(5) ","4 años ","SA.S ","NDEJULIAN ","SOULASSA ","NEM RACING ","10 ","(10,01,02,02,07) ",
"5 ST PETERS BASILICA (IRE) ","(4) ","4 años ","54.5 ","","ENRIQUE FERNANDEZ DE VEGA ","LOPEZ ","4 ","(03,06,13,03,04) ",
"6 DROVER (GE) ","(3) ","5 años ","53.5 ","LFONSECA ","PATRIZIA ROSSANA TRETTA ","BACINC ","6 ","(06,04,05,07,08) ",
"7 SATINE ROUGE (IBE) ","","6 años ","53 ","","IL PADRINO ","LOPEZ ","a ","",
"a GOSPODIN ","","4 años ","52,5 ","CALOUZA ","LAS BOZAS ","NIPEREZ ","3 ","[09,07,05,04,03) ",
"9 TOP SPACE (USA) ","(2) ","4 años ","52.5 ","F.MARTINIZ ","BALCON DE TELDE ","EPEREZ ","11 ","(07,07,06,09] ",
"10 DELTACKIOS (USA) ","","9 años ","51 ","","LASAGHLAS ","ACARRASCO ","2 ","[09,07,03,02,05 ",
"11 LARMOUR (IRE) ","","4 años ","51 ","(50) ","IGUELDO ","","1 ","(06,11,06,06,11| ",
