"","","","","INETE ","CHADRA ","PREPARADOR ","CAIÓN ","Ule actualiones ",
"","(3) ","3 añas ","60 ","R.SOUSA ","REZA PAZOOKI ","DANAYA ","1 ","(01,01,03,10,06) ",
"","","","","","LATIRTULIA ","","5 ","",
"","","","","NSACOV(55) ","TEGUADA AGF ","","7 ","(05,01,07,01,06) ",
"","","","","R.FAYOS ","AGRADO ","E.BUZON ","4 ","[01,03,03,02] ",
"","","","","LMELGAREJO (55) ","MAGICA ","NAM RACING ","6 ","(01,04,04,07,07) ",
"","","","","R.RAMOS ","FINCAL ","HAMARIN ","9 ","(09,12,08,14) ",
"","","","","|GELABERT ","DOQUE DEALBURQUERQUE ","","a ","(08,04,08,NF| ",
"","","","","","ARTEMIS ","|LOPEZ ","3 ","(66,09,17,11,03) ",
"","","","","F.IIMENEX (55) ","ENALTO ","ATSERETELI ","10 ","I Debutante 1 ",
"","","","","NDE JULIAN (C.Azal) ","DUQUE DE AL BURQUERQUE ","LOSORIO ","2 ","I Debutante I ",
