"","PARTICIPANTES PARA LAS ","CARRERAS ","DEL ","DOMINGO, ","2 DE SEPTIEMBRE DE ","2012 ","HIPODROMO ","DE SAN ","SEBASTIAN ",
"","1 Carrera - Premio ","","Apuesta ","Millonaria ","Quinté + (Categoría C) - ","11.050 Euros a repartir- 1.500 ","metros. Hora: 17 h. ","15 m. ","",
"N° ","CABALLO ","","EDAD ","KG ","JINETE ","CUADRA ","PREPARADOR ","CAJÓN ","Últ. actuaciones* * ",
"1 ","DAGOBERTO ","","2 ","58 ","V.JANACEK ","C.NANINA ","T.CALLEJO ","4 ","2,1 ",
"2 ","IRISH SAND(IRE) ","","2 ","58 ","M.FOULON ","C.MARTUL ","A.IMAZ C ","2 ","1,3 ",
"3 ","SLEEPING WAN(GB) ","","2 ","56 ","G.MADERO (B.azul) ","C.MARTUL ","A.IMAZ C ","3 ","5 ",
"4 ","MISS CLORI(IRE) ","","2 ","54,5 ","O.O.DE URBINA ","C.MALDON ","M.DELCHER S ","1 ","2,9 ",
