"","EDAD ","KG ","JINETE ","CUADRA ","PREPARADOR ","CAJÓN ","Ult.Actuac. ",
"","3 ","57,5 ","V.JANACEK ","REZA PAZOOKI ","F.RODRIGUEZ ","4 ","3,3,7,3,7 ",
"","3 ","57 ","A.GOMEZ ","C.ODISEA ","I.GOMEZ ","5 ","2,3,2,4,8 ",
"(5) ","3 ","57 ","F.JIMENEZ ","Y.MILITAR ","J.P.ESPINOSA ","1 ","3,1,4,9,8 ",
"","3 ","56 ","M.BORREGO ","C.EKI ","D.DEL BARRIO ","2 ","8,0,8,7 ",
"","3 ","56 ","J.GROSJEAN ","C.SAFSAF ","M.DELCHER S ","3 ","4,5,0 ",
"","","Hipodromoa ","Turf (Handicap) (2 ","parte) - 6.800 Euros a repartir- ","1.500 metros. Hora: ","18 h. 25 ","m. ",
"","EDAD ","KG ","JINETE ","CUADRA ","PREPARADOR ","CAJON ","llt.Actuac. ",
"","","62 ","J.CROCQUEVIEILLE ","C.TOLOSANA ","J.L.MAROTO ","8 ","4,6,8,0,2 ",
"","3 ","60,5 ","J.GROSJEAN ","REZA PAZOOKI ","F.RODRIGUEZ ","6 ","1,0,5,9,4 ",
"","3 ","60,5 ","SR.AGUILERA R (60) ","C.EL SABLE ","E.PUENTE ","4 ","8,7,7,2,0 ",
"","","60,5 ","M.SECCI ","C.BETVICTOR ","G.ARIZKORRETA ","10 ","7,2,2,6,0 ",
"(5) ","4 ","60 ","V.JANACEK ","C.CANTER ","M.AUGELLI ","1 ","8,1,9,5,8 ",
"","","60 ","M.GOMES ","ENDICA ARCENTALES ","E.PUENTE ","9 ","2,6,7,0,9 ",
"(5) ","3 ","58,5 ","R.RAMOS ","C.ROMALU ","B.J.RECIO ","2 ","4,5,7,6,8 ",
"","3 ","57,5 ","M.BORREGO ","C.SAN MARCIAL ","J.M.BORREGO B ","3 ","3,7,0,6,0 ",
"(5) ","5 ","56 ","G.MADERO ","C.ALISARES ","A.IMAZ C ","5 ","0,8,0,0,9 ",
"","","50 ","J.M.SANCHEZ M (49) ","C.HOTELES SANTOS ","E.PUENTE ","7 ","2,2,6,0,8 ",
"Premio ","","Restaurante ","Araeta (Handicap) (1a parte) ","- 8.500 Euros a repartir- 1.500 ","metros. Hora: 19 ","h. ","",
"","","KG ","JIINETE ","CUADRA ","PREPARADOR ","CAJON ","Ult.Actuac. ",
"","6 ","62 ","V.JANACEK ","DANIEL ROSET ","T.CALLEJO ","8 ","2,6,5,3,4 ",
"","","61,5 ","J.GROSJEAN ","C.SAFSAF ","M.DELCHER S ","6 ","4,4,7,4,9 ",
"","4 ","60 ","O.O.DE URBINA ","C.RIAS BAIXAS ","R.LOPEZ ","3 ","2,3,3,4,4 ",
"","","60 ","SR.AGUILERA R ","Y.BALBAS ALONSO ","E.PUENTE ","7 ","3,2,0,4,3 ",
"","6 ","58 ","A.GOMEZ ","C.CUATRO JOTAS ","B.J.RECIO ","11 ","3,1,8,3,9 ",
"(5) ","4 ","55 ","J.CROCQUEVIEILLE ","C.LITERATO ","M.ALONSO ","4 ","6,3,3,7,6 ",
"","","55 ","M.GOMES ","REZA PAZOOKI ","F.RODRIGUEZ ","5 ","6,3,9,3,7 ",
"","","55 ","G.MADERO ","C.OLABEGO ","A.IMAZ C ","2 ","3,6,6,4,8 ",
"(5) ","6 ","55 ","R.H.HUAYAS ","G.HERNANDO ABOIN ","A.CARRASCO ","10 ","4,4,5,3,0 ",
"","","53,5 ","C.FERNANDEZ ","C.SUFLE ","J.C.FERNANDEZ ","9 ","7,0,9,3,3 ",
"","4 ","51 ","M.SECCI (51,5) ","C.APAI ","D.DEL BARRIO ","1 ","5,8,6,0 ",
"","","","","RETIRADO ","","","",
"- Premio ","","Designhouses ","(Categoría C) - 13.600 ","Euros a repartir- 1.200 metros. ","Hora: 19 h. 40 m. ","","",
"","EDAD ","KG ","JINETE ","CUADRA ","PREPARADOR ","CAJÓN ","Ult.Actuac. ",
"","4 ","60 ","V.JANACEK ","C.USSIA-FIGUEROA ","G.ARIZKORRETA ","1 ","3,4,2,5,1 ",
