"N° ","CABALLO ","","FOAD ","","INETE ","CHADRA ","PREPARADOR ","CAJON ","",
"1 ","EMINENCE (IRE) ","","Sales ","SRS ","JANACEK ","VECUADA ROCIO ","","1 ","",
"2 ","LECIONARIO (68) ","(4) ","Sales ","585 ","","SANTA BARBARA ","","7 ","",
"3 ","RESACON (GB) ","","Saltos ","585 ","","FORMENTOR ","","3 ","",
"4 ","RODABALLO (CII) ","","","SBLS ","","PATA NEGRA RACING ","GAMIZKORMETA ","4 ","",
"5 ","SALLAB (IRE) ","(2)(1) ","","SRS ","R.RAMOS ","CARTAGENA DE INDIAS ","DANATA ","a ","",
"6 ","SR ROQUE (F#)(a) ","(3) ","Sates ","SRS ","","VECUADA AOF ","","5 ","",
"7 ","STAR DE BENGAL (GB) ","","bates ","58,5 ","B.FATOS ","SALVADOS MARQUEZ ","","2 ","",
"a ","WHATS UP (FR) ","","Jalos ","S4 ","RSDUSA ","MARQUES DE VIRAFLORES DE SAN ANTONIO ","CHDELCHER ","4 ","",
