"N° ","CABALLO ","","EDAD ","KG ","INITE ","CHADIA ","","CAJÓS ","EN ",
"1 ","DRIENTAL ","(2)(3)(a) ","Tatos ","62 ","BFATOS ","CAMPOREAL ","LSOTD ","a ","",
"2 ","TADONES(21000) ","","Salios ","62 ","","TEGUADA ROCIO ","GANIZKORMETA ","3 ","",
"3 ","","(E) ","Sales ","60,5 ","","AMBERS ","L'ENSOUNI ","2 ","",
"4 ","LARMOIR ","","Sales ","se ","","GUBLDO ","EMORENO ","$ ","",
"5 ","OBLANOS (IRE)(15001) ","() ","Tates ","59 ","|GELABERT ","CANTER ","ELEON ","1 ","",
"4 ","WAZZY BARELERE (FR)(15000) ","(I) ","Bates ","ST,5 ","","ABOIN & ROPERO ","LCARRASCO ","4 ","",
"7 ","","","Jalos ","55,5 ","","BUELAA EQUII ","","4 ","",
"a ","","(E) ","Jates ","53,5 ","","MARTUL ","","7 ","",
