"ND ","CABALLO ","","EDAD ","3G ",
"1 ","TALE (CHI) ","(2)(5)(I) ","","63 ",
"2 ","ANOTHER DAY OF suy (IBI) ","","","61 ",
"3 ","IKER (FR) ","","Sales ","59,5 ",
"4 ","POWERFUL SOLE (GE) ","","","se ",
"5 ","BACIVER (FA) ","(8) ","tates ","SBLS ",
"4 ","BOSTON (IRI) ","(I) ","Saltes ","se ",
"7 ","EINAR (IRE) ","(5) ","Sales ","56,5 ",
"a ","AL LBORAN (FR) ","(4)(5) ","dates ","56 ",
"* ","REY ANTOM ","(3) ","bates ","$3,5 ",
"10 ","DEMAX (IRE) ","","","53 ",
"11 ","CIRON (IRE) ","","ates ","52.5 ",
