"N° ","CABALLO ","","PESO ","EDAD ","JINETE ","CUADRA ","PREPARADOR ","CAJÓN ",
"1 ","FINLEY CONNOLLY (IRE) ","","59 ","2 ","J. E. JARCOVSKY ","AMIGA ","M. ALVAREZ ","5 ",
"2 ","ESGUES ","","57 ","2 ","B. FAYOS ","LA SUECA ","J.C. LOPERA ","6 ",
"3 ","INDIAN VICTORY ","","57 ","2 ","V. JANACEK ","ALISARES ","A. SÁNCHEZ C. ","8 ",
"4 ","LONGUEIRON ","","57 ","2 ","I. LÓPEZ ","PEREIRA SAT ","J.C. LOPERA ","2 ",
"5 ","PACIFIC TRADER (GB) ","","57 ","2 ","F. ALVARADO ","CASTILLO DE CHARETA ","B. RAMA ","11 ",
"6 ","BAMBOLA ","","56,5 ","2 ","F. JIMÉNEZ ","CALEJAÑA ","J.C. FERNÁNDEZ ","1 ",
"7 ","CANELA FINA ","","56,5 ","2 ","A. GÓMEZ ","SOÑADOR ","J. SALGUERO ","4 ",
"8 ","DIME QUE sí ","","56,5 ","2 ","O. O. URBINA ","DI BENISICHI ","B. VALENTI ","7 ",
"9 ","ORLIKA ","","55,5 ","2 ","M. SECCI ","LAS AGUILAS ","G. VILLARTA ","3 ",
"10 ","TYSUN ","","55,5 ","2 ","D. DELGADO ","YEGUADA ARANJUEZ ","J.A. RODRÍGUEZ ","10 ",
"11 ","SINDARITA ","","53,5 ","2 ","J. L. MARTÍNEZ ","EL GIRALDILLO ","M. ALVAREZ ","9 ",
"12 ","VELEZA ","","53,5 ","2 ","E. MELIÁN ","SAN JOSÉ ","J.A. RODRÍGUEZ ","12 ",
