"N° ","CABALLO ","","PESO ","EDAD ","JINETE ","CUADRA ","PREPARADOR ","CAJÓN ",
"1 ","ANGEL MELODY (FR) ","","65 ","5 ","SR. SARABIA. D (63) ","RÍO CUBAS ","J.C. FERNÁNDEZ ","7 ",
"2 ","ILLIZMIT (FR) ","5 ","65 ","6 ","SR. BENITEZ. D ","LUREA ","J.C. LOPERA ","2 ",
"3 ","HIGH DOMINO (FR) ","","64 ","4 ","SR. GREDILLA. P ","ALISARES ","A. SÁNCHEZ C. ","1 ",
"4 ","GUERENDIAN ","","62,5 ","4 ","SR. ESCARIO. I ","DI BENISICHI ","B. VALENTI ","4 ",
"5 ","DUNEDAIN (GB) ","","62 ","3 ","SRTA. LÓPEZ. D ","MIRANDA ","M. DELCHER S. ","8 ",
"6 ","PRECIADOS (IRE) ","","61 ","5 ","SR. SOTO. A ","RETIRO ","M. ALVAREZ ","9 ",
"7 ","SIDESIDE ","","61 ","7 ","SRTA. ZAPICOS. S ","DÓNDE VAMOS ","F. RODRÍGUEZ ","3 ",
"8 ","ALABAMA ","5 ","60,5 ","3 ","SR. CARMENA. M ","MADROÑOS ","R. MARTÍN V. ","6 ",
"9 ","VODKA LEMON ","","59,5 ","3 ","SR. SANTANA. A (57,5) ","DOS HERMANOS ","A. GUTIÉRREZ ","5 ",
"10 ","RAYO ROJO (IRE) ","2 ","59 ","3 ","SR. MARTIN. A. R (61) ","HISPANIA ","R. MARTÍN V. ","10 ",
