"N° ","CABALLO ","","PESO ","EDAD ","JINETE ","CUADRA ","PREPARADOR ","CAJÓN ",
"1 ","AMBASADOR (5.000) ","","56,5 ","5 ","A. GÓMEZ (53,5) ","LA ESPIGA ","I. GÓMEZ ","2 ",
"2 ","ECO JAR (5.000) ","","56,5 ","4 ","SRTA. GELABERT. L(52.5) ","REZA PAZOOKI ","F. RODRÍGUEZ ","5 ",
"3 ","HIGH IKER (5.000) ","","56,5 ","6 ","O. o. URBINA ","RÍAS BAIXAS ","R. LÓPEZ ","4 ",
"4 ","AMOREBIETA (7.000) ","","55,5 ","3 ","R. H. HUAYAS ","MADELAINE ","A. GUTIÉRREZ ","6 ",
"5 ","BANBU (5.000) ","","55 ","3 ","F. JIMÉNEZ ","YEGUADA CORTIÑAL ","J.C. FERNÁNDEZ ","1 ",
"6 ","FANDIÑO (5.000) ","","55 ","3 ","E. MELIÁN (52) ","CACHARELA ","J.A. RODRÍGUEZ ","3 ",
"7 ","LEADER LADY (5.000) ","","55 ","3 ","M. SECCI ","LAS AGUILAS ","G. VILLARTA ","7 ",
"8 ","SHARP EYE (5.000) ","","53,5 ","3 ","C. CAZALIS (B. ROJA) ","LAS AGUILAS ","G. VILLARTA ","8 ",
