"N° ","CABALLO ","","PESO ","EDAD ","JINETE ","CUADRA ","PREPARADOR ","CAJÓN ",
"1 ","ILUSIONISTA ","","64 ","5 ","A. GÓMEZ (62) ","ODISEA ","I. GÓMEZ ","3 ",
"2 ","COMANCHE TRAIL (FR) ","","60 ","5 ","M. SECCI ","SOÑADOR ","S.ASGUERO ","1 ",
"3 ","INDIAN LOU ","","60 ","4 ","J. CROQUEVIEILLE ","BARREIROS ","J.C. ROSELL ","8 ",
"4 ","ZARIEVICH NUÑEZ (IRE) ","","60 ","4 ","D. DELGADO ","LUIS A. NUÑEZ ","J.A. RODRÍGUEZ ","4 ",
"5 ","BLACK MOON (IRE) ","","59 ","3 ","V. JANACEK ","TRES Y MEDIO ","B. VALENTÍ ","7 ",
"6 ","ORLOV ","2-5 ","57 ","5 ","J. C. CERQUEIRA ","AGRADO ","T. CALLEJO ","9 ",
"7 ","POPURRI (FR) ","5 ","57 ","5 ","B. FAYOS ","LAJORQUIN ","J. LÓPEZ ","2 ",
"8 ","FLECHE D'ARCIS (FR) ","","56 ","3 ","E. MELIÁN (54) ","TALISMAN ","J.A. RODRÍGUEZ ","5 ",
"9 ","STRANGE CAT (FR) ","","53 ","3 ","V. SÁNCHEZ (51) ","ALISARES ","A. SÁNCHEZ C. ","6 ",
"(2) Difícil ","en la salida; (3) Correrá con carrilleras; (4) Correrá con anteojeras; (6) Correrá ","Utilizará con visor. ","tapones; (5) ","","COMISARIO ","DE CARRERAS ","","",
