"","","","","","","","","",
"N° ","CABALLO ","","PESO ","EDAD ","JINETE ","CUADRA ","PREPARADOR ","CAJÓN ",
"1 ","CAMURAY ","","58 ","6 ","J. L. MARTINEZ ","YEGUADA CORTIÑAL ","E. LEÓN ","2 ",
"2 ","RAYO NEGRO (IRE) ","","56 ","4 ","V. JANACEK ","NANINÁ ","J. CALDERÓN ","3 ",
"3 ","CARIOKA ","","55,5 ","3 ","F. JIMÉNEZ (B. BLANCA) ","YEGUADA CORTIÑAL ","J.C. FERNÁNDEZ ","5 ",
"4 ","CAPTAIN BLUEBIRD (IRE) ","","55 ","4 ","F. ALVARADO ","CASTILLO DE CHARETA ","B. RAMA ","1 ",
"5 ","SERGEI (IRE) ","","55 ","3 ","J. CROQUEVIEILLE ","SAN JOSÉ ","J.A. RODRÍGUEZ ","4 ",
