"N° ","CABALLO ","","EDAD ","KG ","JINETE ","CUADRA ","PREPARADOR ","CAJÓN ","Últ. actuaciones* ",
"1 ","LONDON CALLING ","","4 años ","62 ","V.JANACEK ","ENALTO ","A.TSERETELI ","4 ","[09,02,05,05,01] ",
"2 ","QUICK ARTIST (IRE) ","","4 años ","60 ","N.GARCIA ","EACHWAY ","A.SANCHEZ C. ","2 ","[08,01,02,05,07 ",
"3 ","GLORIOSUS (USA) ","","4 años ","60 ","B.FAYOS ","RIO CUBAS ","O.ANAYA ","9 ","[05,09,06,04,04 ",
"4 ","FASHIONATA (IRE) ","(3) ","5 años ","59,5 ","J.GELABERT ","PATRIZIA ROSSANA TESTA ","M.TELLINI ","6 ","[11,06,01,02,01] ",
"5 ","MUNGAMIS (GB) ","","7 años ","59 ","R.SOUSA ","JIMENA ","B.RAMA ","3 ","[01,04,07,03,01 ",
"6 ","DEBIRA ","","5 años ","58 ","J.L.MARTINEZ ","ORTIZ GISPERT ","I.L.MAROTO ","7 ","[04,07,07,02,03 ",
"7 ","MY MAN CHARLIE (FR) ","","5 años ","58 ","V.M.VALENZUELA (56,5) ","ANJOS SELVAGENS ","J.P.OLIVEIRA ","8 ","[10,08,NP,01,01] ",
"8 ","ARMINIO ","(2)(4) ","4 años ","55 ","A.FIORI ","YEGUADA URDIN-ORIYA ","F.PEREZ ","10 ","[02,07,07,08,04 ",
"9 ","CAROLINI (FR) ","","3 años ","54,5 ","E.J.ARGUINZONES (53,5) ","REZA PAZOOKI ","O.ANAYA ","1 ","[07,C,01,04] ",
"10 ","MASTER ME (IRE) ","(3) ","4 años ","53,5 ","SRTA BUESA,C. (51,5) ","LA ESPERANZA ","J.C.CERQUEIRA ","5 ","[08,08,09,08,06] ",
