"N° ","CABALLO ","","EDAD ","KG ","JINETE ","CUADRA ","PREPARADOR ","CAJÓN ","Últ. actuaciones* ",
"1 ","LORD OF WESTBURY (IRE) ","(4)(6) ","6 años ","62 ","J.JIMENEZ (60,5) ","LAS AGUILAS ","I.LOPEZ ","2 ","[04,04,02,02,02 ",
"2 ","KUBOKI (FR) ","","7 años ","60,5 ","SRTA BUESA,C. (58,5) ","ZUL ","J.C.CERQUEIRA ","9 ","[04,07,08,05,13] ",
"3 ","RAVENOAK (IRE) ","","4 años ","60,5 ","A.FIORI ","os COISAS DOCES ","H.PEREIRA ","10 ","[11,NP,03,05,09 ",
"4 ","KISMAR (IRE) ","","5 años ","60 ","E.J.ARGUINZONES (59) ","ROYAL GAIT ","J.A.RODRIGUEZ ","8 ","[05,05,03,09,04] ",
"5 ","ASIDO ","(3) ","3 años ","59,5 ","J.L.BORREGO ","PINCAL ","M.A.MARIN ","6 ","[14,05,06,09,09] ",
"6 ","CARIBEAN BLUE (IRE) ","(5) ","3 años ","58,5 ","B.FAYOS ","AGRADO ","J.L.MAROTO ","3 ","[06,12,08,07,07] ",
"7 ","URBAN SILVER (IRE) ","(3)(4) ","3 años ","57,5 ","V.JANACEK ","ODON ","B.RAMA ","1 ","[06,14,04,09,07] ",
"8 ","PETROSIAN ","(3) ","6 años ","57 ","R.SOUSA ","o TORRON ","M.GOMES ","7 ","[11,09,05,01,02 ",
"9 ","NORTH SENTINEL (IRE) ","(3) ","3 años ","56,5 ","N.DE JULIAN ","TOLEDO ","M.HERNANDEZ ","5 ","[17,14,09] ",
"10 ","EBEON ","(3) ","7 años ","55,5 ","J.GELABERT ","NANINA ","J.CALDERON ","4 ","[05,07,06,07,07] ",
