"N° ","CABALLO ","","EDAD ","KG ","JINETE ","CUADRA ","PREPARADOR ","CAJÓN ","Últ. actuaciones* ",
"1 ","KU ","(3) ","3 años ","56 ","V.JANACEK ","LA MILLA ","G.ARIZKORRETA ","5 ","[09,07,13 ",
"2 ","MAXIMILION (GB) ","","3 años ","56 ","J.E.JARCOVSKY (57) ","LOS NIÑOS ","I.SALGUERO ","10 ","[16,06,09] ",
"3 ","PUTUMAYO (FR) ","","3 años ","56 ","J.GELABERT ","ROBERTO COCHETEUX ","I.M.OSORIO ","4 ","[04,03,04,07] ",
"4 ","SWORDCRAFT (IRE) ","","3 años ","56 ","V.M.VALENZUELA (54) (G.Verde) ","LOS NIÑOS ","I.SALGUERO ","9 ","[04] ",
"5 ","URBAN ROCK (IRE) ","","3 años ","56 ","J.L.MARTINEZ ","ODON ","M.HERNANDEZ ","2 ","[11,06,03] ",
"6 ","CATSKILL FLYER (GB) ","(5) ","3 años ","54,5 ","A.FIORI ","DELTA ","M.A.MARIN ","3 ","[05,07,06,07,08] ",
"7 ","CONSTANTINA ","(5) ","3 años ","54,5 ","R.SOUSA ","YEGUADA URDIÑ-ORIYA ","F.PEREZ ","11 ","[10,11,15] ",
"8 ","FLYING COOKIE (FR) ","","3 años ","54,5 ","E.J.ARGUINZONES (53,5) ","REZA PAZOOKI ","O.ANAYA ","6 ","[15,12,09 ",
"9 ","KALIMA ","","3 años ","54,5 ","N.GARCIA ","ASOCIACION CIELO-ENALTO ","I.A.RODRIGUEZ ","1 ","[16,09,08] ",
"10 ","KAMPA ","(5) ","3 años ","54,5 ","N.DE JULIAN ","CHOLAICA ","I.L.MAROTO ","8 ","[11,Ddo,12,02,07] ",
"11 ","MYALDAGOBA ","(3) ","3 años ","54,5 ","J.L.BORREGO (55) ","COMETA ","I.C.ROSELL ","7 ","[08,14,11] ",
"12 ","SAVEURS BRITISH (IRE) ","(3)(4) ","3 años ","54,5 ","J.JIMENEZ (52,5) ","JIMENEZ ","I.LOPEZ ","12 ","[06,05,07,07,04] ",
