"N° ","CABALLO ","","EDAD ","KG ","JINETE ","CUADRA ","PREPARADOR ","CAJÓN ","Últ. actuaciones* ",
"1 ","CAPTAIN MOONLITE (IRE) ","(6) ","7 años ","60 ","R.SOUSA ","JIMENA ","B.RAMA ","1 ","[01,NP,01,01,01] ",
"2 ","HOLISTIC APPROACH (IRE) ","","4 años ","58,5 ","N.GARCIA ","EL CAPRICHO ","A.SANCHEZ C. ","2 ","[11,05,11,01,03 ",
"3 ","CIBELES (FR) ","","4 años ","57 ","B.FAYOS ","HISPANICA ","O.ANAYA ","4 ","[01,07,02,01,01] ",
"4 ","GYM SHOES (GB) ","(2) ","7 años ","57 ","A.FIORI ","ESPECTACULO ","H.PEREIRA ","5 ","[06,07,05,NP,03] ",
"5 ","INDIANO ","(2)(5) ","10 años ","57 ","V.JANACEK ","EL POTRO CLUB ","G.ARIZKORRETA ","6 ","[04,NP,01,01,01 ",
"6 ","NIOBE ","","5 años ","57 ","J.GELABERT ","DUQUE DE ALBURQUERQUE ","I.M.OSORIO ","3 ","[11,03,04,02,01] ",
