"N° ","CABALLO ","","EDAD ","KG ","JINETE ","CUADRA ","PREPARADOR ","CAJÓN ","Últ. actuaciones* ",
"1 ","BARBARIGO (IRE) ","","4 años ","67 ","SR MAROTO,R. (64) ","AGRADO ","J.L.MAROTO ","2 ","[10,03,02,02,03] ",
"2 ","CIRIACO ","(3) ","8 años ","65 ","SR SAINZ,A. (63,5) ","MEDREAL ","G.ARIZKORRETA ","6 ","[02,02,05,08,01 ",
"3 ","PIQUIO (FR) ","","6 años ","65 ","SR URBANO,L. (62) ","HISPANICA ","0.ANAYA ","5 ","[13,02,12,03,07] ",
"4 ","BON DIMANCHE (FR) ","","4 años ","64 ","SRTA BOVILLE,C. (62) ","CELSO MENDEZ ","J.LOPEZ ","3 ","[12,11,14,09,09] ",
"5 ","COSTA ESMERALDA (FR) ","(4) ","4 años ","64 ","SRTA ASPERILLA, B. (61) ","ZEBRA ","I.LOPEZ ","7 ","[07,06,10,05,01 ",
"6 ","DIBOY (FR) ","","4 años ","64 ","SR SALGUERO,C.M. (62) ","DON PEPE ","M.ALVAREZ ","1 ","[04,06,14,08,11] ",
"7 ","LURAYAN (FR) ","","6 años ","63,5 ","SR PULIDO,M. (60,5) ","LA LLOSA ","O.ANAYA ","4 ","[03,07,02,03,05] ",
