"N° CABALLO ","","SEXO ","EDAD ","PESO ","JINETE ","CUADRA ","PREPARADOR ","CAJON ","Ult. Actuac. ",
"1 RISCHIATUTTO (IRE) ","(2) ","c ","4 ","62 ","F. SANNA ","GIANLUCA TACCORI ","G. LIGAS ","10 ","[4,10,12,9,1] ",
"2 FLANIGANN (FR) ","(3) ","Cas ","4 ","59 ","B. FAYOS ","SALVADOR MARQUEZ ","I. LOPEZ ","6 ","[1,2,5,6,4] ",
"3 FRANCESCOLI ","","Cas ","4 ","57 ","V.JANACEK ","CIELO DE MADRID ","J.A. RODRIGUEZ ","8 ","[7,1,3,1,7] ",
"4 ZULOAGA ","(5) ","Cas ","6 ","55,5 ","M. GOMES ","KAELA ","R. MARTIN ","1 ","[3,3,6,2,10] ",
"5 MUNGAMIS (GB) ","","Cas ","6 ","55 ","R. SOUSA ","JIMENA ","B. RAMA ","7 ","[2,4,8,5,11] ",
"6 PARNASO ","","c ","4 ","55 ","SR. MELGAREJO, I. ","SOÑADOR ","I. LOPEZ ","4 ","[7,10,9] ",
"7 VIA ALPINA (IRE) ","","Y ","4 ","53,5 ","C.A. LOAIZA ","EL TULÚS ","I. LOPEZ ","5 ","[5,3,5,11,10] ",
"8 LIPSTICKANDPOWDER (IRE) ","","Y ","5 ","53 ","N. GARCIA ","LAS AGUILAS ","c. MOYA ","3 ","[12,11,6,11,10] ",
"9 THAT'S TU MUCH (IRE) ","(2)(3) ","c ","4 ","52 ","N. DE JULIAN (53) ","HEWSUE ","P. HALEY ","9 ","[4,10,9,7,5] ",
"10 REDENE (FR) ","","Y ","4 ","51,5 ","J. GELABERT ","CELSO MENDEZ ","M. ALVAREZ ","2 ","[10,5,4,6,11] ",
