"N° CABALLO ","","SEXO ","EDAD ","PESO ","JINETE ","CUADRA ","PREPARADOR ","CAJON ","Ult. Actuac. ",
"1 EBEON ","(5) ","Cas ","6 ","62 ","J.E. JARCOVSKY ","NANINA ","J. CALDERON ","4 ","[4,11,6,11,99] ",
"2 CUENTISTA ","","Cas ","8 ","61 ","J. GELABERT ","ODISEA ","A. CARRASCO ","5 ","[9,13,4,2,6] ",
"3 ARRENDALE KING (IRE) ","","Cas ","4 ","60,5 ","SR. MELGAREJO, I. (58.5) ","LAS AGUILAS ","c. MOYA ","8 ","[14,11,12,8,6] ",
"4 MANOLETE ","(5) ","Cas ","5 ","60 ","B. FAYOS ","ROYAL GAIT ","J.A. RODRIGUEZ ","6 ","[1,3,3,2,2] ",
"5 LORD OF WESTBURY (IRE) ","","Cas ","5 ","60 ","V. JANACEK (G. ROJA) ","LAS AGUILAS ","c. MOYA ","3 ","[15,14,11,1,1] ",
"6 INNUENDO (FR) ","","Cas ","6 ","58 ","R. SOUSA ","C.E.LOUREIRO VELHO ","I. MENDES ","2 ","[2,5,8,4,6] ",
"7 AGREEABLE LADY (IRE) ","","Y ","5 ","51 ","N. GARCIA (G. BLANCA) ","LAS AGUILAS ","C. MOYA ","1 ","[10,9,11,10,10] ",
"8 JACETANA (FR) ","(4) (5) ","Y ","7 ","51 ","C.A. LOAIZA (52,5) ","MAIA LIDADOR ","C. VIDINHA ","7 ","[4,9,12,3,6] ",
