"N° CABALLO ","","SEXO ","EDAD ","PESO ","JINETE ","CUADRA ","PREPARADOR ","CAJON ","Ult. Actuac. ",
"1 OREGON ","","c ","6 ","63 ","R. SOUSA ","YEGUADA CORTIÑAL ","J.A. RODRIGUEZ ","1 ","[9,1,3,2,1] ",
"2 CIRIACO ","","Cas ","7 ","62 ","V. JANACEK ","MARBELLA ","G. ARIZKORRETA ","5 ","[2,3,1,2,3] ",
"3 MERON ","","Cas ","4 ","59 ","B. FAYOS ","RIO CUBAS ","o. ANAYA ","4 ","[1,2,4,2,5] ",
"4 URGULL ","","Cas ","5 ","56 ","J. GELABERT ","AREVACOS ","A. CARRASCO ","2 ","[7,10,1,1,1] ",
"5 SHEELAGH ","(3) ","Y ","5 ","54,5 ","M. GOMES ","FUTURAS ESTRELAS ","I. MENDES ","3 ","[99,9,,4,5,7] ",
