"N° CABALLO ","","SEXO ","EDAD ","PESO ","JINETE ","CUADRA ","PREPARADOR ","CAJON ","Ult. Actuac. ",
"1 HALF A BILLION (IRE) ","","Cas ","11 ","57 ","M. GOMES ","A GRANXA ","H. PEREIRA ","1 ","[5,2,6,3,3] ",
"2 ITOOBEBOSS (IRE) ","(2)(5) ","Cas ","6 ","57 ","B. FAYOS ","TINERFE ","o. ANAYA ","6 ","[3,3,11,6,12] ",
"3 ABU AL HAWA (GB) ","","Cas ","3 ","56 ","R. SOUSA ","R QUE R ","B. RAMA ","3 ","[8,8] ",
"4 HULCOLT (IRE) ","(3) ","Cas ","6 ","56 ","C.A. LOAIZA ","MAIA LIDADOR ","c. VIDINHA ","4 ","[13,6,10,8,5] ",
"5 MAN OF TIME (IRE) ","","Cas ","4 ","56 ","J.E. JARCOVSKY ","SOÑADOR ","I. LOPEZ ","5 ","[9,2,10,4,8] ",
"6 MIND THE GAP ","","Cas ","5 ","56 ","J. GELABERT ","ODISEA ","A. CARRASCO ","2 ","[8,11,6,5,10] ",
