"N° CABALLO ","","SEXO ","EDAD ","PESO ","JINETE ","CUADRA ","PREPARADOR ","CAJON ","Ult. Actuac. ",
"1 BALTIC BEAU (GB) ","(3) ","c ","3 ","57 ","B. FAYOS ","EL CHAFI ","I. LOPEZ ","6 ","[6,8,4,5,3] ",
"2 MY LADY MARIE (GB) ","","Y ","3 ","56,5 ","N. GARCIA ","4 C ","J.A. RODRIGUEZ ","5 ","[9,1,6,5,8] ",
"3 ORANGE GIN (IRE) ","(5) ","Cas ","3 ","56 ","J.E. JARCOVSKY ","CELSO MENDEZ ","M. ALVAREZ ","4 ","[12,6,11,10,9] ",
"4 RAVENOAK (IRE) ","(5) ","c ","3 ","56 ","R. SOUSA ","ELEVAGE LA REVERDITE ","T. MARTINS ","7 ","[8,4,8,7,8] ",
"5 VOLCAN CANARIO ","","c ","3 ","56 ","N. DE JULIAN ","SOÑADOR ","I.LOPEZ ","1 ","[8] ",
"6 CARAMBA ","","Y ","3 ","54,5 ","V. JANACEK (55) ","CLAVILEÑO ","G. ARIZKORRETA ","9 ","[5,8] ",
"7 COTE MATCH (FR) ","","Y ","3 ","54,5 ","M. GOMES ","ZE DA BLOQUEIRA ","I. MENDES ","8 ","[8,10,8,8,8] ",
"8 TRABIA (FR) ","(3) ","Y ","3 ","54,5 ","SR. MELGAREJO, I. (55) ","NANINA ","J. CALDERON ","2 ","[7,6,12,9] ",
"9 ZURITA DE CASTILLA ","","Y ","3 ","54,5 ","C.A. LOAIZA ","PEONY ROSE ","J. SALGUERO ","3 ","[5,10] ",
