key,value
"- 8.500 Euros a repartir - 1.400 metros. Hora: ","17 h. 15' "
"2 Carrera - Premio Onda Cero San Sebastián (Handicap) (1a parte) - -7.650 Euros a repartir- 2.200 metros.Hora: ","17 h. 50' "
"3a Carrera - Premio Endanea Garden (Categoría C) - 12.750 Euros a repartir - 1.400 metros. Hora: ","18 h. 25' "
"Premio Digitalak (Handicap) (2 parte) - 6.800 Euros a repartir- 2.200 metros. Hora: ","19 h. "
"5a Carrera - Premio Gobierno Vasco (Listed) - 47.600 Euros a repartir- ","1.600 metros. Hora: 19 h. 35' "
"Fax: ","91 533 33 03 "
