"","1a Carrera - ","Premio ","Etiopia ","","Utopia (Potrancas) - 8.500 ","Euros a repartir - 1.400 ","metros. Hora: 17 ","h. 15' ","",
"","CABALLO ","","EDAD ","KG ","JINETE ","CUADRA ","PREPARADOR ","CAJÓN ","Ult.Actuac. ",
"1 ","ALCARA DU BARDET ","","2 ","57 ","V.JANACEK ","C.LEZAMA ","A.LEZAMA ","6 ","3,5 ",
"2 ","GOLDEN DYNASTY ","","2 ","57 ","O.O. DE URBINA ","C.DI BENISICHI ","J.LOPEZ ","3 ","2,3 ",
"3 ","LA PUFERA ","","2 ","57 ","J.HORCAJADA ","C.CARBIAL ","J.M.BORREGO R ","1 ","4 ",
"4 ","MIL REINAS(FR) ","","2 ","57 ","M.GOMES ","Y.URDIN-ORIYA ","F.PEREZ ","7 ","5,7 ",
"5 ","PERFECT DECISION(IRE) ","","2 ","57 ","G.MADERO ","GERARD LABOUREAU ","A.IMAZ C ","8 ","3 ",
"6 ","AMBAR(FR) ","","2 ","55 ","J.L.MARTINEZ ","C.CANTER ","M.AUGELLI ","4 ","Deb. ",
"7 ","DINE ","","2 ","55 ","J.B.HAMEL ","C.EVA ","A.IMAZ C ","5 ","Deb. ",
"8 ","JELGABA ","","2 ","55 ","R.C.MONTENEGRO ","Y.MILITAR ","J.P.ESPINOSA ","2 ","Deb. ",
