"N° ","CABALLO ","","EDAD ","KG ","JIINETE ","CUADRA ","PREPARADOR ","CAJÓN ","Ult.Actuac. ",
"1 ","FLASH VAL ","(5) ","5 ","62 ","O.O. DE URBINA ","C.CHOLAICA ","J.L.MAROTO ","5 ","2,5,0,6,7 ",
"2 ","GIMENA ","","4 ","62 ","I.BORREGO ","CURTO RAUL FERNANDEZ ","J.M.BORREGO R ","8 ","6,6,0,0,4 ",
"3 ","LATIN MOOD(FR) ","","10 ","61 ","SR.AGUILERA R. ","C.EL MESTEÑO ","R.AGUILERA ","6 ","4,5,8,8,2 ",
"4 ","CATATUMBO(FR ","(5) ","3 ","60 ","J.CROCQUEVIEILLE ","ROBERTO COCHETEUX ","J.M.OSORIO ","7 ","4,8,0 ",
"5 ","HELLO SNOW ","","4 ","60 ","J.HORCAJADA ","C.EL SABLE ","E.PUENTE ","9 ","0,0,3,6,5 ",
"6 ","URDAZURI ","","4 ","60 ","G.MADERO ","C.ERNIO ","M.ALONSO ","4 ","2,4,4,0,7 ",
"7 ","ECO JAR ","","6 ","58 ","J.L.MARTINEZ ","REZA PAZOOKI ","F.RODRIGUEZ ","3 ","4,9,7,8,1 ",
"8 ","YUCATAN ","(5) ","4 ","58 ","M.GOMES ","C.A GRANXA ","J.M.BORREGO R ","10 ","4,0,3,3,5 ",
"9 ","LEPIC(FR) ","(5) ","4 ","57 ","V.JANACEK ","C.DI BENISICHI ","F.RODRIGUEZ ","1 ","6,6,0,0,4 ",
"10 ","CAFAY ","","4 ","53 ","J.M.SANCHEZ C. (51)(B.roja) ","C.EL SABLE ","E.PUENTE ","2 ","0,8,6,0,0 ",
