"N° ","CABALLO ","","EDAD ","KG ","JINETE ","CUADRA ","PREPARADOR ","CAJÓN ","Ult.Actuac. ",
"1 ","ARIETE ARROLLADOR(GB) ","(4) ","6 ","58 ","V.JANACEK ","C.ALBERO ","G.ARIZKORRETA ","7 ","2,2,4,4,4 ",
"2 ","CIELO CANARIAS(IRE) ","(3) ","5 ","58 ","J.L.MARTINEZ ","GR.BOLAÑOS GR.CANARIA ","E.LEON ","2 ","3,2,2,6,1 ",
"3 ","MANHAJ(GB ","","5 ","58 ","M.GOMES ","C.NORTENHA ","T.MARTINS ","3 ","1,6,7,6,1 ",
"4 ","MIL AZUL ","","5 ","58 ","J.HORCAJADA ","Y.URDIN-ORIYA ","E.LEON ","10 ","6,0,1,7,1 ",
"5 ","RISBY(IRE) ","","5 ","58 ","J.CROCQUEVIEILLE ","C.VIGURIA ","J.M.OSORIO ","5 ","3,4,1,8,3 ",
"6 ","TOTXO(IRE) ","","5 ","58 ","J.B.HAMEL ","C.ROBER ","R.AVIAL ","8 ","4,4,0,0,0 ",
"7 ","DESILUSION(FR) ","(5) ","4 ","56,5 ","R.C.MONTENEGRO ","C.ARDAL ","X.THOMAS ","4 ","3,6,3,7,2 ",
"8 ","LADYKIN(IRE) ","(3) ","4 ","56,5 ","F.X.BERTRAS ","C.LA TALETA ","E.ABAJAS ","9 ","1,3,3,5,0 ",
"9 ","ARES D'EMRA(FR) ","","3 ","55,5 ","J.B.EYQUEM ","C.SAFSAF ","C.DELCHER ","6 ","1,0,2,5,1 ",
"10 ","KARETAS ","","3 ","55,5 ","O.O. DE URBINA ","C.CHOLAICA ","J.LOPEZ ","1 ","4,7,1,1,2 ",
