"PROPIETARIO ","N° ","CABALLO ","He. CONDUCTOR ","ENTRENADOR ","DIST SCE ","ORIGEN ","SUMAS ","R.Abs ","CLASIF. ",
"Gabriel Cañollas Fiol ","1 ","BRILLANT DE FOC ","U. WIELAND ","G. Cañollas ","2150 Cc7 ","Armbro Reunion (us)-Nina Twist ","32.638 ","1.15.9 ","4-2-3-0(17)-0-3 ",
"Cuadra Vorem ","2 ","ENEMIC ","M. BOSCH ","Bosch ","2150 Co4 ","Brandy Dei Fiori (it)-Ginesta Clissa ","29.392 ","1.15.4 ","1-4(17)-1-2-4-2 ",
"Cuadras Son Sama ","3 ","DIXIE ss ","F. MARTI ","Marti ","2150 Ec5 ","c Supor Chancen (dk)-Tilde Di Monmes ","23.344 ","1.16.7 ","2-1-1-4-D-2 ",
"Cundra C'an Pou S.I. ","4 ","CALENTA ","A. POU H. ","Rigo ","2150 Ec6 ","Trebol-Nadia Star ","27.578 ","1.16.8 ","5-7-3-7(17)-4-2 ",
"Cuadra Nadal Bonet ","5 ","UNA DUNA ","Jme. BASSA R. ","M. Nadal ","2150 Ec10 ","S J's Photo (us)-Hinka Das Pont ","26.387 ","1.16.3 ","3-1-0-1-1-1 ",
"Pena Bonanza ","6 ","AVANTI CORNER ","M. MESTRE ","R. Orfila C. ","2150 Cas ","Henry Corner (de)-Endi w ","30.913 ","1.16.8 ","2-1-D(17)-2-1-2 ",
"Antonio Gelabert Oliver ","7 ","ART DE BINITAREF ","J. BAUZA B. ","A. Gelabert o ","2150 Cn8 ","Dexter Tilly (se)-Fosca De Lluna ","30.644 ","15.0 ","0-1-0(17)-1-0-D ",
"Cuadra Ladil ","8 ","CARBO DE LADIL ","Jme. FLUXA ","J. Pocovi ","2150 Cn6 ","Lets Go (de)-Avalon Flower (us) ","25.904 ","1.16.7 ","7-6-2(17)-7-4-2 ",
"Cuadra H.m. ","9 ","CAROL HM ","J. ROTGER ","J. Rotger ","2150 En6 ","Oh Tap in Hm-The Queen Hm ","30.626 ","1.16.4 ","(17)-D-0-0-R-0-7 ",
"Cuadra Salamanca ","10 ","BAKUGAN ","F. BENNASAR ","Jme Salamanca ","2150 Cn7 ","Lets Go (de)-Danya Tr ","30.140 ","1.15.5 ","(17)-5-2-4-3-5-4 ",
"Jaume Martorell Torrens ","11 ","CALGARY ","M. RIERA B. ","M. Riera B. ","2150 EcG ","Lets Go (de) Melodie Blai ","32.452 ","1.5.4 ","3-7-6-2-6(17)-2 ",
"Cuadras Cafe 1990 ","12 ","AKANE SAS ","A. RIERA B. ","M. Andreu M. ","2150 Ec8 ","in Love With You (fr)- Fatina Trio (it) ","28.638 ","1.15.8 ","D-5-4-0(17)-5-D ",
"Hermanos Fluxa gomila ","13 ","BERNARDO MAN ","J. FLUXA ","M. Fluxa S ","2150 Cc7 ","Uronometro (it)-Galia Pride ","25.124 ","1.16.6 ","3-D-6-6-0-6 ",
"Cuadra Yamo-llevant ","14 ","CAP DE LLEVANT ","A. FRONTERA ","A. ","2150 Cc6 ","From Above (se)-Sal De Llevant ","25.328 ",".16.7 ","0-5-2-2(17)-1-0 ",
