"PROPIETARIO ","N° ","CABALLO ","He. CONDUCTOR ","ENTRENADOR ","DIST SCE ","ORIGEN ","SUMAS ","R.Abs ","CLASIF. ",
"Ecurio La Chance ","1 ","TALBIN D'OCCAGNES (FR) ","A. M°. COSTA (AP) ","H. Rigo ","2150 Cc11 ","Gros Grain (fr)-Makita (fr) ","76.385 ","15.0 ","0-7-6-0-0-7 ",
"Cuadra Ca'n Prim ","2 ","VOLCAN DE BELAISE (FR) ","c. ROIG M. (AP) ","Riera B. ","2150 Cc9 ","Kalahari (fr) Minella (fr) ","77.595 ","1.15.7 ","2-6-0-4 ",
"Cuadra Es Pou Florit S.I. ","3 ","BAHIA D'HERMINE (FR) ","M. AMER ","M. Binimelis ","2150 Ec7 ","Gai Brillant (fr) Princess Charmeuse (fr) ","93.042 ","1.14.4 ","0-6-6(17)-0-4-0 ",
"Penya Una Cama Perhom ","4 ","VULCAIN DU GOUTIER (FR) ","F. ANDREU ","J. Pascual A ","2150 Cc9 ","Oiseau De Feux fr)-Paola Du Cap Vert (fr) ","101.838 ","1.14.9 ","3-5-7-4-0(17)-2 ",
"Penya Tda ","5 ","TOM DJO (FR) ","c. SUBIRATS (AP) ","A. Janer R. ","2150 Coli ","Jaguar Spur (fr)-Italio Du Nord (fr) ","109.602 ","1.14.1 ","3-0-2-3-5(17)-6 ",
"Cuadra Ca'n Vidal ","6 ","UN PETIT TRESOR (FR) ","c. OLIVER S. ","A. Vidal ","2150 Cc10 ","Kid Blue (fr) Melodio Du Tresor (fr) ","122.284 ","1.15.2 ","1-2-2-4-0(17)-0 ",
"Cuadra Berardi Ivan Vittorio ","7 ","UT D'YLEA (FR) ","M.E.C. VISSIERE G. (AP) ","Berardi ","2150 Cc10 ","Lejacque D'houlbec (fr) -Louise D'ylea (fr) ","148.034 ","1.13.5 ","0-0-0-3(17)-7-D ",
"Cuadra Toni Joan ","8 ","VANGELO (FR) ","c. VELASCO ","A Janer R ","2150 Ca9 ","Quick De La Loge (fr) Obama (tr) ","151.016 ","1.14.4 ",")-7-3-6(17)-4m-im ",
"Cuadra Civico-torres ","9 ","ALIVE MADRIK (FR) ","Ma. RIERA M. (AP) ","A. Civico R. ","2150 Cn8 ","Prince D'espace (fr) Gazolle (fr) ","165.240 ","1.13.3 ","D-2-6(17)-2-R-0 ",
"Cuadra H.m. ","10 ","TORNADO DREAM (FR) ","R. ORFILA c. ","c. Rotger ","2150 Cc11 ","Offshore Dream (fr)-Hasiocana (fr) ","230.880 ","1.12.0 ","0-0-1-0(17)-0-4 ",
"Hermanos Fluxa-gomila ","11 ","RITZ DU BOCAGE (FR) ","S. ","M. Fluxa S ","2150 Cc13 ","Carpe Diem (Ir)-Harina Du Bocage (fr) ","231.901 ","1.13.9 ","3-3-4-6-1(17)-5 ",
"Cuadra Frutas Es Moya ","12 ","UDSON DE RETZ (FR) ","Ma. SUREDA ","M°. Sureda ","2150 Cc10 ","And Arifant (fr)-Osima (fr) ","236,402 ","1.13.0 ","8-4-4-6-3(17)-2 ",
"Cuadra C'an Pou S.I. ","13 ","SPOOLER DES OBEAUX (FR) ","v. GINARD ","H. Rigo ","2150 Cc12 ","And Arifant (fr)-Loving You (fr) ","248.170 ","1.13.5 ","D-5-6-5-7(17)-Dm ",
"Cuadra H.m. ","14 ","THE DE CHINE (FR) ","E. SAEZ ","Rotger ","2150 Celt ","Blue Eyes America (fr)- -Heparine (fr) ","453.208 ","1.12.1 ","0-7-0-D(17)-6-7 ",
