"PROPIETARIO N° ","CABALLO ","He. CONDUCTOR ","ENTRENADOR ","DIST SCE ","ORIGEN ","SUMAS ","R.Abs ","CLASIF. ",
"Cuadra Sa Corbaia Vx ","1 FAR WEST vx ","A. RIERA B. ","Vaquer ","2150 Cc3 ","Algiers Hall (us)-Olimpia Vx ","6.154 ","1.17.2 ","2-1-4-D(17)-1-4 ",
"Cuadra Ladil ","2 FUTUR DE LADIL ","Jme. FLUXA ","Pocovi ","2150 Cc3 ","From Above (se)-Her Highness (se) ","4.614 ","1.18.5 ","1-2-4(17)-1-3-D ",
"Cuadras Morro ","3 E1 FRIT DE FONT ","DP J. RIERA ","Morro ","2150 Cc3 ","S J's Photo s)-Olga De Font ","3.186 ","1.17.3 ","D-4-4(17)-5-R-1 ",
"Cuadras Morro ","4 E1 FRESCA DE FONT ","DP J. CARRERAS P. ","Carreras P. ","2150 Ec3 ","From Above (se)-Urania De Font ","7.016 ","1.16.2 ","D-2-5-1-3(17)-2 ",
"Cuadra H.m. ","5 FREIXENET POCKET ","D4 J. c. ROTGER ","c. Rotger ","2150 Ec3 ","Quolt Des Obeaux (If) )-Vamp Queen Spa ","3.880 ","1.17.7 ","3-5-3-6(17)-2-7 ",
"Cuadra Tot Un Somni ","6 FORTUNATO DREAM ","D4 A. FRONTERA ","Frontera ","2150 Cc3 ","Love You I-Sans Sousi Dream (ca) ","8.712 ","16.4 ","D(17)-1-D-1-2-1 ",
"Bartolome Serra Amengual ","7 FANTASTIC BS ","F. BENNASAR ","Bennasar ","2150 Cc3 ","Repoat Love (fr)-Rydens Ravenna (se) ","4.912 ","1.18.5 ","1-2(17)-3-1-D-5 ",
"Quadros Valls Rullan ","8 FENOMENAL ","D4 A. VALLS ","Valls ","2150 En3 ","Universal Malone ","9,602 ","1.17.4 ","1-1-2-3-1(17)-2 ",
"Hermanos Riera Vaquer ","9 FUPALA PRIM RV ","M. RIERA B. ","M. Riera B. ","2150 Ec3 ","Ness Marceaux (fr)-Upala Prim ","642 ","1.20.2 ","6-0-1-0-3-5 ",
"Cuadra Lioritana ","10 E2 FAUNA HR ","J. FORTEZA R. ","J. Forteza R. ","2150 Ec3 ","New Star Blai-Noa ","530 ","1.21.3 ","(17)-5-D-7-3-6-2 ",
"Cuadra Son Mas Xim ","11 FLAIXMATAIXWING ","G. RIERA ","MR. Sureda ","2150 Ec3 ","infinitif (it) -Naihla ","920 ","1.19.8 ","D-1-1 ",
"Cuadra Lioritana ","12 E2 FOR YOU ","J. BAUZA B. ","M. Reinoso ","2150 Ec3 ","New Star Blai Magrana ","2.196 ","1.17.1 ","2-4(17)-3-R-2-3 ",
"Cuadra Ses Barrioles ","13 FROZEN SB ","M. RUBIO ","A. Roca ","2150 Ec3 ","Algiers Hall (us)-lucia Axe (it) ","1.398 ","1.19.9 ","3-5-4(17)-1-D-R ",
"Francisco Alles Canet Cuadra Yamo-llevant ","14 FRANKING 15 FRED DE LLEVANT ","B. FUSTER J. RIERA s. ","Alles c. Frontera ","2150 Cc3 2150 Cc3 ","Durango King (it) -Oraysa Pine Repoat Love (fr) Nissaga D'arc ","694 1.097 ","1.22.8 1.19.0 ","1-2-D(17)-1-0-2 3-0-5-2(17)-6-D ",
