"KG ","JINETE ","CUADRA ","PREPARADOR ","CAJON ","Ult.Actuac. ",
"62 ","IGROSJEAN ","C.BEST HORSE ","G.VAZ ","6 ","6,2,6,4,1 ",
"61,5 ","SR.LEZAMA A. (59,5) ","C.LEZAMA ","A.LEZAMA ","2 ","5,0,5,0,1 ",
"60,5 ","V.JANACEK ","C.ZEBRA ","M.TELLINI ","12 ","4,4,3,7,6 ",
"60 ","E.J.ARGUINZONES (58) ","Y.MILITAR ","J.P.ESPINOSA ","11 ","1,9,3,1,2 ",
"59,5 ","R.SOUSA ","KRAKES DO MINHO ","T.MARTINS ","4 ","3,7,3,0,6 ",
"59 ","I.MELGAREJO (57,5) ","SCUDERIA DREAMS ROAD ","M.TELLINI ","3 ","8,8,5,5,1 ",
"59 ","B.FAYOS ","C.RIO CUBAS ","D.A.SARABIA ","10 ","2,2,1,6,2 ",
"58,5 ","V.M.VALENZUELA (56,5) ","C.MANUELA ","J.CALDERON ","1 ","0,7,1,7,8 ",
"58,5 ","S.LE QUILLEUC ","C.ESPECTACULO ","H.PEREIRA ","7 ","6,6,6,2 ",
"56 ","D.FERREIRA (54) ","C.COLINO ","A.SANCHEZ c. ","8 ","4,6,0,5,6 ",
"56 ","J.GELABERT ","C.LUCARMADA ","C.DELCHER ","9 ","4,0,4,9,0 ",
"55 ","F.JIMENEZ ","ASIER SANCHEZ ","A.SANCHEZ M. ","5 ","1,0,1,0,0 ",
