"JINETE ","CUADRA ","PREPARADOR ","CAJÓN ","Ult.Actuac. ",
"C.A.LOAIZA (60) ","Y.MILITAR ","J.P.ESPINOSA ","7 ","6,4,7,7,1 ",
"IGELABERT ","C.LUCARMADA ","C.DELCHER ","3 ","6,7,7,3,6 ",
"B.FAYOS ","C.NANINA ","J.CALDERON ","11 ","0,7,5,5,8 ",
"F.JIMENEZ ","C.EL PLACAJE ","L.ENNOUNI ","8 ","6,7,7 ",
"I.MELGAREJO (57)(G iblanca) ","Y.MILITAR ","A.SUÑEN ","9 ","7,6,2,3,6 ",
"V.JANACEK ","Y.AGF ","G.ARIZKORRETA ","6 ","5,5,5,7 ",
"C.CADEL (G.roja) ","C.NANINA ","J.CALDERON ","2 ","7,1,2,2,7 ",
"V.M.VALENZUELA (54,5) ","C.ALVELA ","J.CALDERON ","4 ","6,5,6 ",
"R.SOUSA (B blanca) ","C.ALVELA ","J.CALDERON ","10 ","5,3,7,8,7 ",
"LC.MONTENEGRO ","C.KOTARRO ","R.AVIAL ","13 ","3,8,4,3,8 ",
"J.GROSJEAN (54) ","C.INDIA ","F.RODRIGUEZ ","5 ","9,4,6,9,6 ",
"E.J.ARGUINZONES (53,5) ","C.LAGUNILLA ","A.SANCHEZ M. ","12 ","6,9,0,0,0 ",
"M.HRUBOSOVA ","C.GUTIERREZ LA SERNA ","A.SANCHEZ c. ","1 ","6,5,0,4,0 ",
"F.MARTINEZ (52,5) ","C.CASTILLO DE CHARETA ","F.ALVARADO ","14 ","0,8,0,3,7 ",
