"a repartir 2.000 metros. ","","","Hora: ","14h. 10 m. ",
"JINETE ","CUADRA ","PREPARADOR ","CAJÓN ","Ult.Actuac. ",
"B.FAYOS ","C.RIO CUBAS ","O.ANAYA ","6 ","1,2,3,5,4 ",
"I.MELGAREJO (60) ","C.BEST HORSE ","G.VAZ ","3 ","7,4,3,4,5 ",
"J.GELABERT ","ROBERTO COCHETEUX ","J.M.OSORIO ","2 ","8,2,6,1,4 ",
"R.SOUSA ","C.ZEBRA ","J.LOPEZ ","5 ","5,6,4,4,3 ",
"V.JANACEK ","C.QUINTO REAL ","G.ARIZKORRETA ","4 ","6,7,2,8,2 ",
"V.M.VALENZUELA (57,5) ","C.NANINA ","J.CALDERON ","7 ","3,1,4,3,5 ",
"R.C.MONTENEGRO ","C.BERNARDO ","R.AVIAL ","8 ","4,1,7,6,4 ",
"J.GROSJEAN ","C.BEST HORSE ","G.VAZ ","1 ","1,5,9,2,2 ",
