"","CUADRA ","PREPARADOR ","CAJÓN ","llt.Actuac. ",
"","C.MEDREAL ","G.ARIZKORRETA ","11 ","1,2,7,4 ",
"","Y.VALIENTE ","I.LOPEZ ","8 ","1,2,3 ",
"(55) ","C.AGRADO ","J.C.CERQUEIRA ","1 ","6,0,8,1 ",
"(54) ","C.NANINA ","J.CALDERON ","9 ","5,6,7,7,7 ",
"","C.A GRANXA ","H.PEREIRA ","3 ","7,7,7,8,8 ",
"","C.SILVER ","D.TEIXEIRA ","6 ","8,6,0 ",
"","GANADERIA JUMAAN ","J.FUSTE ","10 ","Deb. ",
"","C.REMOLINA ","A.REMOLINA ","2 ","7,8,6 ",
"(G.azul) ","GANADERIA JUMAAN ","J.FUSTE ","4 ","Deb. ",
"","C.LUCARMADA ","C.DELCHER ","7 ","o ",
"","Y.TORREDUERO ","ARIZKORRETA ","5 ","4,7 ",
