"CARRERA ","Premi SIBIR ","","","","Guanyador ","","Quiniela ","","Trio ","A les 17:40 ",
"Trote Enganchado en premios: 460 at 1°. 230 al 2° ","Distancia 2. 150m 120 al3°, 70 al 4°, 50 5° 40 al 6°, 30 al 7* De 4y ","PLACA BEIG NUMERO más años, nacionales hasta ","NEGRO 999,99€ ","Matrícula 20€ ","","","Forfait 20% del premio ","","Cambio Conductor 18 e ","Autostart ",
"TARIO M. ","N° CABALLO He. 1 HONORATO ","CONDUCTO J. ROTGER ","ENTRENADOR P. ","DIST 2150 ","SCE Ca3 ","ORIGEN Spirit Beji (fr) Uranie Du Fosse (fr) ","SUMAS o ","R Abs Dist ","CLASIF ","UL TIMA CARRERA Debutante ",
"Ca'n Vidal Pañarito Calistro ","2 HEMISFERI DE NIT 3 HEIDI STAR 4 ELIA DU SEGUINEL ","A. VIDAL A c. CRUELLAS G. FUSTER ","Vidal A Ferriol Borras a ","2150 2150 2150 ","Cca Eca Ecti ","Onyx Jiel (fr)-Oronella De Nit Uno La Chesnaie (fr) Raida Des Valois (fr) Kalahari (fr)-Oceane Fawey (fr) ","o o o ","","O-D D(19)-D 0.0.0.0.0 ","26 12.20-0-MN-1725-A-0-A. VIDAL A 13.12.20-D-SP-2150-A-O-C.CRUELLAS 13.12.20-D-SP-2150-A-O-A.RIERAB ",
"Constance ","5 HISTORIA DE MAIG ","c. VISSIERE G. ","Sagrera S ","2150 ","Ea3 ","Tsar De Tonnerre (fr)-Ora Saint Latuin (fr) ","28 ","1.23.2 ","0-0-7 ","26.12.20-0-MN-1725-A-0-B.SAGRS S. ",
"Fornes Cladera ","6 HARLAY BOKO FC ","FORNES c. ","M. Fornes c ","2150 ","Ea3 ","Zola Boko (se)-Ambra Goal Fc ","30 ","1,20.7 1.20.7 ","7 ","13.12.20-7-SP-2150-A-1.20.7-M.FORNES c ",
"Catalina Oliver Salom C'an Pou S. ","7 HAVANERA os a GUIEMET ","c. OLIVER s. F. BENNASAR ","Vidal A M. Salleras ","2150 2150 ","Eca Co4 ","in Love With You -Mel D'ite Bg From Above (se) Turquesa Bird ","140 156 ","1.22.7 1,20.5 1.20.5 ","D-6-D-D-6-D 4-0-D-D-0-5 ","119.12.20-D-MN-2050-A-O-S.BAUZAB 113.12.20-4-SP-2150-A-1.20.5-F.BENNASAR ",
"Can Segov Bulla Fita Son Mas Vell Toni Valls Restaurante La Isla Estetica Marga Comas Son Ventura ","9 HERA SOMOLLI 10 HONGRIUS 11 HADOL CHIP 12 GIGOLO 04 13 HURACAN LA ISLA 14 HELENA DIR 15 GAS VENTURA ","B. FUSTER A. FRONTERA ASCARO VALLS RIUTORT COMAS SEBASTIA ","Fuster Frontera Garcia Valls Riutori Comas M Pujoi ","2150 2150 2150 2150 2150 2150 2150 ","Ea3 Cca Co3 Co4 Cc3 Eca Co4 ","Royal De Perthuis (fr)-Janis Somolli (se) Captain Cook (us)Gavina Z Quite Easy (us)-Mermaid's Twinkle (se) Universal- Hola Scot M Spirit Beji fr)-Saga Africa (fr) Armbro Reunion (us) Olandadir (it) Warren Boko (se)-Juli Branch Hv ","230 240 258 274 286 320 490 ","1,20.3 1.20.3 1.19.7 1.19.7 1.21.4 1.20.1 1.21.4 1.21.4 1.20.6 1.20.6 1.19.3 1.19.3 ","2 D-5-3-4 5-0-2(19)-R D(19)-D-3-D-D-2 R-0-D-D-D-3 2-6-D-0-4 0-4-5-7-4-4 ","13.12.20-2-SP-2150-A-1.20.3-B.FUSTER 19.12.20-D-MN-2050-A-O-A.FRONTERA 26.12.20-5-MN-1725-A-1.21.4-G.ANDREU 19.12.20-D-MN-2050-A-O-A.VALL 17.07.20-R-SP-2150-A-O-B.RIUTORT  19.12.20-2-MN-2050-A-1.21.0-B.FUSTER 14 11.20-0-SP-2150-A-O-P.SEBASTIA E ",
"Es Sementeret ","16 HEIDI DES LLORER ","G. SUREDA ","Sureda ","2150 ","","Nesta Effe (it) Nikita Bi (it) ","844 ","1.20.3 1.20.5 ","2-4-0-D-3-0 ","26.12.20-2-MN-1725-A-1.20.3-G.SUREDA ",
"CARRERA ","Premi ELEAZAR (PREMIUM) ","","","","Guanyador ","","Quiniela ","","Trio ","A las 18:12 ",
"Trote Enganchado en premios: 2.070 al 1°. 1036 ","Distancia 150m. 2°. 540 226 5°, 180 6. 134 7* ","PLACA VERDE NUMERO De más años. nacionales ","NEGRO de 000 /17 999 99€ ","Matrícula 34€ ","","","Forfait 20% del premio ","","Cambio Conductor 18€ ","Autostart ",
"PROPIETARIO ","N° CABALLO He. ","CONDUCTOR ","ENTRENADOR ","DIST ","SCE ","ORIGEN ","SUMAS ","R.Abs R.Dist ","CLASIF ","ULTIMA CARRERA ",
"Can Escafi M. ","1 FANFAN D'ESCAFI 2 FLYNN JUNIOR D4 ","E. PERPIÑAN ROTGER ","Vecina Estelrich ","2150 2150 ","Cos Cas ","Sharif Descafi-Urbina D'escafi Orateur (fr) -Olga Picarde (fr) ","17.228 14.333 ","1.14.8 1.15.7 1.17.2 1.17.2 ","1-2-6-3-6-3 0-7-D-D-R-7 ","-24.07.20-1-SP-2150-A-1.16.3-E.PERPINAN 23. L12.20-0-SP-2650-A-O-J.C.ROTGER ",
"Cuadras Es Cabanells Ca'n Tanca De Juliol S'escandol ","3 GALA DES NELLS 4 ELECTRIC ATAC 5 ELIOS PV 6 FANTASIA D'ESCANDOL D4 ","G. RIERA J. BAUZA B. FLUXA RIERA s. ","Riera Adrover M. Segui Massanet M. ","2150 2150 2150 2150 ","E04 Coti Cot Ec5 ","Exploit Caf (it)- Conrads Ellen (se) Captain Cook (us)-Via Ir Othello De Levres (fr) Vikinga De Biniati Oh Deco Sb-Unça D'es Massos ","13.794 17.949 17.307 14.626 ","1.15.0 1.16.1 1.16.0 1.16.0 1.15.8 1.16.1 1.15.7 1.15.7 ","3-2-1-1-6-D 4-4-6-D-1-3 4-0-7-3-D-3 1-0-4-5-1-2 ","18.12.20-3-SP-2650-A-1.15.8-G.RIERA 002.12.20-4-SP-2650-A-1.18.4-G.ANDREU 11.12.20-4-MN-2050-A-1.18.2-Jme.FLUXA 19.12.20-1-MN-2050-A-1.18.4-J.RIER ",
"Cuadras Son Sama ","7 FURIOSA ss ","M MARTI ","Marti ","2150 ","Ec5 ","O'sullivan (fr)-Speedy Di Monmes ","17.596 ","1.15.8 1.15.8 ","7-D-6-D-1-D ","23.12.20-7-SP-2150-A-1.16.4-M.A.MARTI ",
"Paris Grandchamp ","8 FUM WEST ","B. ASCARO ","Oliver R. ","2150 ","Cos ","Dexter Tilly (se) -Valeria West ","10.714 ","1.16.2 1.16.3 ","R-1-3-D-0-7 ","30.12.20-R-SP-2650-A-O-B.MASCARO ",
"Yamo-llevant Tous -guasch Cuadres Sa Illusio Ca'n Duran Bar Ca Na Prima Sa Marina Slu ","9 GREC DE LLEVANT 10 ELL DE CASTELLET 11 DON'T GO 12 FROM DURAN DP 13 EUFORIA LOVER 14 GOLD BLACK ","FRONTERA TOUS B. SAGRERA s. o PUIGSERVER A. RIERA a RIERA M. ","Frontera Guasch c. Sagrera S Puigserver Riera B. Riera M. ","2150 2150 2150 2150 2150 2150 ","Co4 Cot Cet Ce5 Ecti Cn4 ","From Above )-Sal De Llevant Ness Marceaux (fr) Une Castellet Lets Go (de) Tauba From Above (se)-Ultra Has Varenne (it) -Gesta Des Bose Gran Campeon Sr Valenta Twist ","16.788 15.127 13.566 10.562 17.884 12.344 ","1.15.6 1.15.9 1.16.4 1.16.6 1.15.8 1.15.8 1.16.0 1.16.1 1.16.2 1.16.2 1.15.7 1.15.7 ","D-2-6-2-4-2 7-3-5-0-2-3 4-2-2-0-3-3 R-2-5-5-0-1 5-2-1-1-2-1 D-D-3-0-D-3 ","18.12.20-D-SP-2650-A-O-AFRONTERA 23.12.20-7-SP-2650-A-1.16.6-G.RIE 223.12.20-4-SP-2650-A-1.16.5-C.SUBIRATS 330.12.20-R-SP-2650-A-O-O.PUIGSERVER 11.12.20-5-MN-2050-A-1.18.5-A.RIERA B 23.12.20-D-SP-2650-A-O-MP.RIERAM. ",
"Bonanza ","15 FLIPO ses PLANES ","G. ANDREU ","Riera M. ","2150 ","Ces ","Arctic Jetset (fi)- Epilog Sunset ","13.859 ","1.15.6 1.15.6 ","R-1-3-2-2-0 ","09.12.20-R-SP-2650-A-O-G.ANDREU ",
"CARRERA ","Premi VINCENNES (PREMIUM) ","","","","Guanyador ","","Quiniela ","","Trio ","A las 18:45 ",
"Trote Enganchado premios 760 al 1* ","Distancia 2. 650m 2°. 720 420 4°, 300 5°. 240 0°. 180 ","PLACA NEGRA De más. inscritos en el ","NUMERO BLANCO Francés partir ","Matrícula 45€ de 140.000€ ","","","Forfait 20% del premio ","","Cambio Conductor 18€ ","Autostart ",
"PROPIETARIO ","N° CABALLO He. ","CONDUCTOR ","ENTRENADOR ","DIST ","SCE ","ORIGEN ","SUMAS ","R.Abs RDist ","CLASIF. ","UL TIMA CARRERA ",
"Perfumeria Bruni S.I. Balear ","1 E1 ESPAGNA SPORT (FR) 04 2 ALTO DU LYS (FR) ","G. ANDREU s. CONTESTI ","J. Ortega M. Contesti ","2650 2650 ","Ech Ce10 ","Quincy Boy (fr) Ragazza Sport (fr) Magnificent Rodney (fr)-Hi Fi D'eronville (fr) ","150.042 389.979 ","1.13.4 1.16.4 1.12.3 1.15.0 ","5-7-1m-0-R-D 5-0-5m-7-0-2 ","09.12.20-5-SP-3100-A-1.16.7-G.ANDREU 13.12.20-5-SP-2650-A-1.15.0-S.CONTESTI ",
"Cuadras Cafe 1990 Berardi Ivan Vittorio ","3 ECHO DE LARRE (FR) 4 ANICET LE FOL (FR) D4 ","MATAMALAS BAUZA B. ","Genovart A Janer M. ","2650 2650 ","Coll Co10 ","Echo fr)-Sonnette Mika (fr) Look De Star (fr)-Odile Folle (fr) ","154.854 140.994 ","1.13.6 1.12.8 1.15.1 ","2-0 3-1-0-4-5-R ","19.12.20-2-MN-2050-A-1.16.7-M.MATAMALAS 19. 12.20-3-MN-2050-A-1 OLIVER ",
"Frutas Es Moya ","5 BOCCADOR (FR) ","J. RIERA s. ","S ","2650 ","Call ","Prince Gede tr)-Syracuse (fr) ","234.574 ","1.14.9 1.15.1 ","6-0-4-2-3-5 ","23.12.20-6-SP-2650-A-1.15.3-J.RIERA S ",
"M. ","6 E2 BEAUTIFUL ELDE (FR) ","J. ROTGER ","","2650 ","Co9 ","Quirky Jet (fr)-Nalkyrie Du Boulay (fr) ","238.684 ","1.12.6 1.14.6 ","4-3-1-4m-D-7 ","123.12.20-4-SP-2650-A-1.14.6-J.C.ROTGER ",
"Perfumeria Bruni S.I. M. ","7 E1 GUILLERMO SPORT (FR) 8 E2 VARIUSO DU BOUFFEY (FR) DA ","PASCUAL ","Ortega Estelrich ","2650 2650 ","Cail ","Orlando Sport Josselyn (fr) Look De Star (fr) Macumba Du Bouffey ","175.070 286.414 ","1.13.7 1.15.5 1.12.4 1.14.6 ","4-3 1-D-2m-1-2-4 ","09.12.20-4-SP-3100-A-1.16.7-P.J.PASCUAL L 123.12.20-1-SP-2650-A-1.14.6-P.ESTELRICH ",
"Binimelis müller, S.I. ","9 BASCO DE VILLODON (FR) ","M BINIMELIS ","Binimelis ","2650 ","Call ","Oyonnax (fr)-Miss De Villodon (fr) ","183.940 ","1.13.9 ","","Debutante ",
"Cuadras Es Cabanells ","10 ATHOS DE MARLA (FR) ","G. RIERA ","Riera ","2650 ","Coto ","Offshore Dream (fr)-Jessie De Vonnas (fr) ","220.062 ","1.13.0 1.14.9 ","0-7-3-0-0-7 ","23.12.20-0-SP-2650-A-O-G.RIERA ",
"Samba's Prim & Nico Ladil ","11 ADRIANO ROANNAIS (FR) 12 BIKINI (FR) ","RIERA B. FLUXA ","Riera B. Pocovi ","2650 2650 ","Ceto ","Orondo (fr) -Nadia Des Jacquots (fr) Niky (fr) Nerimee (fr) ","163.164 228.740 ","1.13.1 1.15.7 1.12.3 ","2-0-6-4-0-1 2-D-D ","-26.12.20-2-MN-645-H-1.11.5-A.RIERAB. 009.12.20-2-SP-3100-A-1.16.5-Jme.FLUXA ",
"CARRERA ","Premi VICHY (PREMIUM) ","","","","Guanyador ","","Quiniela ","","Trio ","A les 19:15 ",
"Trote Enganchado premios 300 al 1° 150 ","Distancia 2 650m 2° 600 ","PLACA NARANJA De 3y más inscritos en ","NUMERO NEGRO Stud Book Francés de 80.000 ","Matrícula 38€ 139 999 99€ ","","","Forfait 20% del premio ","","Cambio Conductor 18€ ","Autostart ",
"TARIO ","N° CABALLO He. ","CONDUCTOR ","ENTRENADOR ","DIST ","SCE ","ORIGEN ","SUMAS ","R.Abs R.Dist ","CLASIF ","UL TIMA CARRERA ",
"Datil Ladil ","1 VITAL (FR) 2 CALINE TURGOT (FR) ","F. BENNASAR Jme. FLUXA ","M. Salieras Pocovi ","2650 2650 ","Call Eati ","Nice Love (fr) Karlotta (fr) Gai Brillant (fr) -Soisik De Bussy (fr) ","131.876 136.290 ","1.13.9 1.14.5 1.12.4 ","7-1-0-5-3-3 0-0 ","123.12.20-7-SP-2650-A-1.15.3-F.BENNASAR 02.12.20-0-SP-2650-A-D-S.POCOVI ",
"Black ","3 BLACK (FR) D4 ","B. LLOBET R. ","Llobet ","2650 ","Cet ","islero De Bellouet (fr) Okita (fr) ","123.777 ","1.13.1 1.15.5 ","0-4-7-D-2-2 ","23.12.20-0-SP-2650-A-O-B.LLOBETR ",
"Bonanza Borras Frau ","4 ASAP POWER (FR) DA 5 VYGNUS DE GUERON (FR) ","G. ANDREU A. VALLS ","Riera M. R. ","2650 2650 ","Ceto Call ","Ready Cash (fr) Liana Blue (fr) Cygnus D'odyssee (fr)-Night Star (fr) ","131.349 116.802 ","1.14.1 1.15.3 1.14.1 1.15.6 ","5-0-4-3-4-0 1-2-5-1-1-6 ","222.11.20-5-SP-2200-A-1.16.3-G.ANDREU 19.12.20-1-MN-2050-A-1.16.6-A.VALLS ",
"Torres Ferrer Binimelis -müller, S.I. Toni Joan Qualitrot ","6 VENDETTA ROYALE (FR) 7 AXEL HAUFOR (FR) B VIKING DU GOHLENN (FR) 9 BOSS D'OURVILLE (FR) ","J. FORTEZA R. BINIMELIS J. RIERA M. RIERA B. ","Binimetis Janer R. Vaquer s. ","2650 2650 2650 2650 ","Eatt Ceso Cell Ceti ","Ozio Royal (fr) -gisusa De La Merite (fr) Paris Haufor (fr)-Ixia Haufor (fr) Let's Go Along (fr) -Kerale Du Niel (fr) Quaro (fr)-Oslo Du Pommeau (fr) ","126.981 110.235 95.811 133.554 ","1.12.6 1.15.3 1.14.6 1.15.9 1.14.9 1.15.9 1.13.2 1.15.7 ","5-3-1-D-1-4 4-6-3m-2m-5-0 4-4-2-3-2-3 0-1-7-5 ","002.12.20-5-SP-2650-A-1.16.2-A.FRONTERA 19.12.20-4-MN-2050-A-1.17.0-M.A.BINIMELS 19.12.20-4-MN-2050-A-1.15.7-A.FRONTERA 23 12 20-0 SP VAQUER S ",
"Son Ferragut Des Bosc ","10 BARMAN D'EGLEFIN (FR) 11 ALREADY DU POLI(FR) ","c. CRUELLAS FRONTERA ","G. Cruellas Frontera ","2650 2650 ","Coll Ceto ","Overtrick (fr)-Marikina (fr) Ready Cash (fr)- Fontaine Du Poli (fr) ","118.934 125,398 ","1.13.9 1.14.6 1.14.4 1.15.7 ","2-6-6-7-2-5 D-0-4-0-D-D ","23.12.20-2-SP-2650-A-1.14.6-C.CRUELLAS 23.12.20-D-SP-2650-A-O-AFRONTERA ",
"Oliver Ares ","12 BACCHUS CHAMBRAY (FR) ","RIERA ","A Vaquer is ","2650 ","Cad ","Petrus Du Bocage (fr)-Le Loubjenka (fr) ","112.770 ","1.14.3 ","D-D ","19 12 20 -MN 2050 RIERA B ",
"CARRERA ","Premi ASTRO MORA (PREMIUM) ","","","","Guanyador ","","Quiniela ","","Trio ","A les 19:45 ",
"Trote Enganchado premios 840 al 1* 920 ","Distancia 2. 650m 2°. 480 al 3°. 280 4°. 200 5°, 120 ","PLACA AZUL NUMERO De más años nacionales ","BLANCO de 000 99€ ","Matrícula 30€ ","","","Forfait 20% del premio ","","Cambio Conductor 18€ ","Autostart ",
"TARIO ","N° CABALLO He ","CONDUCTO ","ENTRENADOR ","DIST ","SCE ","ORIGEN ","SUMAS ","R.Abs RDist ","CLASIF ","UL TIMA CARRERA ",
"M. Son Blai Veloz Ladil ","1 EVER JADA D4 2 HARAJAH BLAI 3 HALLELUJAH 4 E1 HEREU DE LADIL ","J. ROTGER A. FRONTERA M. RIERA B. Jme FLUXA ","P Estelrich Frontera Vaquer s. Pocovi ","2650 2650 2650 2650 ","Cal) En3 Ea3 Co3 ","Orateur (fr) One Kiss Melody (fr) Maharajah (se)-Selena Blai Renardo Bello (fr) Espira Des Bosc Athos D'ecajeul (fr)-Samba De Ladil ","6.999 8.568 7.190 8.531 ","1.16.7 1.18.3 1.15.7 1.16.4 1.16.4 1.15.7 1.16.3 ","0-D-2-0-4-0 2-1-D-D-2-2 5-6-5-3-1-4 1-1-2-3-1-D ","23.12.20-0-SP-2150-A-O-J.C.ROTGER 01.12.20-2-SP-2150-A-1.15.7-A.FRONTERA 23 12.20-5-SP-2150-A-1.16.7-A VAQUERS 23.12.20-1-SP-2150-A-1.15.7-Jme.FLUXA ",
"Dos Perellons Rigo ","5 EVER DOS 6 GUAPETA PR ","P. STELRICH J. FORTEZA R. ","Estelrich Frontera ","2650 2650 ","Call Ea4 ","Orateur (fr)-Olga Dos Treboli Spa-Jenma R ","9.167 9.872 ","1.16.4 1.19.5 1.15.1 1.16.4 ","0-4-0-0-4-0 3-2-5-4-0-6 ","23.12.20-0-SP-2650-A-D-P. ESTELRICH 123.12.20-3-SP-2650-A-1.16.4-A.FRONTERA ",
"Ca'n Busco Son Peladi Jg C'an Pou S.L. Cañellas Fiol Ladil ","7 GOLIAT 8 DALLAS VICTORY 9 GEL D'ABRIL JG 10 EBOLI DE COSTITX 11 GORA D'ES PI 12 E1 GALA DE LADIL ","J. RIERA s. J. GARCIA JAUME BENNASAR G. CAÑELLAS s. POCOVI ","Frontera Matas c Vich Cañellas Pocovi ","2650 2650 2650 2650 2650 2650 ","","Renardo Bello (fr)-Bonnie Hammering (se) Musigny Degato (se) Miss Victory Warren Boko (se)-Saura Grant's Charger Huida Blai Blay D'es Pi-Nadia Star Athos D'ecajeul r)-Samba De Ladil ","8.336 7.190 9.906 9.578 7.504 8.408 ","1.15.8 1.19.4 1.15.3 1.18.6 1.15.3 1.19.4 1.16.5 1.17.4 1.15.7 1.16.4 1.16.0 ","D-2-1-5-5-1 5-3-0-0-0-7 1-0-1-5-1-4 0-D-0-0-0-5 D-6-4-D-5-D D-3-D-3-4(19)-6 ","102.12.20-D-SP-2150-A-O-AFRONTERA -26.12.20-5-MN-645-H-1.15.3-RMATAS M. 13.12.20-1-SP-2150-A-1.15.3-A.VAQUERS. 19.12.20-0-MN-2050-A-O-M.MASCAROY -23.12.20-D-SP-2150-A-O-G.CAÑELLAS 229.09.20-D-SP-2150-A-O-Jme.FLUXA ",
