"EDAD ","KG ","JINETE ","CUADRA ","PREPARADOR ","CAJON ","Jlt.Actuac. ",
"6 ","62 ","F.ALVARADO ","C.LA LLOSA ","O.ANAYA ","8 ","5,6,8,5,5 ",
"","61 ","B.FAYOS ","C.ASTURLENA ","J.LOPEZ ","7 ","4,2,7,1,8 ",
"","60,5 ","V.JANACEK ","C.FORMENTOR ","G.ARIZKORRETA ","5 ","1,3,5,6,1 ",
"10 ","60 ","A.GOMEZ ","C. .R.H.O. ","R.H.HUAYAS ","2 ","6,6,7,2,4 ",
"8 ","58 ","E.J.ARGUINZONES ","C.EL SABLE ","E.PUENTE ","3 ","5,7,0,0,4 ",
"4 ","57 ","R.C.MONTENEGRO ","C.ROBER ","R.AVIAL ","4 ","3,0,3,3,5 ",
"3 ","56,5 ","R.SOUSA ","C.MEDITERRANEO ","L.ENNOUNI ","10 ","1,2,9,6,4 ",
"4 ","56,5 ","J.GELABERT (55,5) ","C.MIRANDA S.L. ","C.DELCHER ","9 ","2,0,3,4,6 ",
"6 ","54 ","A.GUTIERREZ B.(52) (G.roja) ","C.EL SABLE ","E.PUENTE ","11 ","7,7,6,6,4 ",
"5 ","53,5 ","J.L.MARTINEZ ","STAND CARMO ","L.A.OLIVEIRA ","6 ","2,2,3,7,9 ",
"7 ","53 ","J.GROSJEAN ","C.EL AVILES ","D.DEL BARRIO ","12 ","3,6,5,4,0 ",
"","52,5 ","C.A.LOAIZA ","C.ESPECTACULO ","H.PEREIRA ","1 ","5,4,5,8,3 ",
