"KG ","JINETE ","CUADRA ","PREPARADOR ","CAJÓN ","Ult.Actuac. ",
"59 ","R.SOUSA ","C.JAYJO ","F.PEREZ ","3 ","3,1,1,5,4 ",
"56 ","B.FAYOS ","C.MARTUL ","A.IMAZ C. ","5 ","2,3,5,1,2 ",
"56 ","V.JANACEK (G.blanca) ","C.JAYJO ","F.PEREZ ","6 ","1,6,3,3 ",
"56 ","J.B.HAMEL ","C.MILD WEST ","A.IMAZ C. ","2 ","4,3,1,2,1 ",
"56 ","R.C.MONTENEGRO ","C.FEBANA ","R.AVIAL ","1 ","1,3,3,3,1 ",
"56 ","J.L.MARTINEZ (G.roja) ","C.MARTUL ","A.IMAZ C. ","7 ","9,1,2 ",
"54,5 ","J.GROSJEAN ","REZA PAZOOKI ","F.RODRIGUEZ ","4 ","0,5,2,3,1 ",
