"CABALLO ","","EDAD ","KG ","JINETE ","CUADRA ","PREPARADOR ","CAJÓN ","Ult.Actuac. ",
"FALCON PLACE(GB) ","","2 ","58 ","R.C.MONTENEGRO ","C.ALISARES ","A.IMAZ C. ","4 ","1,2,1 ",
"ANNE(FR) ","","2 ","56,5 ","B.FAYOS ","C.SANTA ANA ","A.IMAZ C. ","3 ","6,1,1 ",
"CURILLINES ","","2 ","56 ","C.CADEL ","C.ROBER ","R.AVIAL S. ","5 ","4,3 ",
"MONZALVOS ","","2 ","56 ","R.SOUSA ","C.MARALINHO ","S.VIDAL ","1 ","0 ",
"CANDANCHU(FR) ","","2 ","52,5 ","J.GELABERT ","C.ROBLEDAL ","S.VIDAL ","2 ","Deb. ",
