"EDAD ","KG ","JINETE ","CUADRA ","PREPARADOR ","CAJÓN ","Ult.Actuac. ",
"5 ","62 ","C.CADEL ","C.ROBER ","R.AVIAL S. ","4 ","7,1,2,3,5 ",
"","59,5 ","M.GOMES ","C.O TORRON ","R.AON ","6 ","3,0,3,3,6 ",
"","56,5 ","C.A.LOAIZA ","C.LOS AMIGOS ","I.LOPEZ ","2 ","8,7,2,4,4 ",
"8 ","54,5 ","E.J.ARGUINZONES ","C.EL SABLE ","E.PUENTE ","3 ","2,4,2,3,5 ",
"","53,5 ","A.GOMEZ ","C.COVADONGA ","R.H.HUAYAS ","7 ","9,6,4,9,8 ",
"5 ","51,5 ","SRTA.PEREZ C.(50,5)(G.roja) ","C.EL SABLE ","E.PUENTE ","5 ","6,5,8,4,5 ",
"6 ","51 ","J.GELABERT (50) ","C.ESTRADOS ","F.RODRIGUEZ ","1 ","6,5,7,6,4 ",
