"CABALLO ","","EDAD ","KG ","JINETE ","CUADRA ","PREPARADOR ","CAJÓN ","Ult.Actuac. ",
"ARKAITZ ","","5 ","59 ","J.L.MARTINEZ ","C.DI BENISICHI ","A.IMAZ C. ","5 ","7,3,2,1,4 ",
"KESHIRO(IRE) ","","6 ","59 ","O.O. DE URBINA ","C.MANDARINA RACING ","M.AUGELLI ","2 ","0,4,2,1,3 ",
"DE LA PLATA ","","6 ","58 ","R.SOUSA ","E.PEREZ GUZMAN ","J.A.RODRIGUEZ ","3 ","4,4,1,1,1 ",
"","(4) ","5 ","57,5 ","C.CADEL ","C.FEBANA ","R.AVIAL ","4 ","1,1,1,7,6 ",
"VIZCAYA(IRE) ","","4 ","57,5 ","V.JANACEK ","C.POPULAR ","G.ARIZKORRETA ","6 ","5,2,1,9,3 ",
"SANT'ALBERTO(ITY) ","(5) ","8 ","56 ","B.FAYOS ","C.SILVER ","D.TEIXEIRA ","1 ","2,6,4,6,5 ",
