"","SEXO ","EDAD ","PESO ","JINETE ","CUADRA ","PREPARADOR ","CAJON ","Ult. Actuac. ",
"","Cas ","3 ","57 ","F. JIMENEZ ","LAS AGUILAS ","F. RODRIGUEZ ","3 ","9,9,8,4,0 ",
"","","","56 ","J.L. BORREGO ","ODISEA ","A. CARRASCO ","7 ","Debut. ",
"","Y ","3 ","55,5 ","D. FERREIRA (54) ","ROBERTO COCHETEUX ","F. RODRIGUEZ ","9 ","6,6,8,11,10 ",
"","","","55,5 ","J. GELABERT ","EL GIRALDILLO ","A. SOTO ","6 ","8 ",
"","","","55,5 ","I. MELGAREJO ","NEO ","A. SOTO ","11 ","9 ",
"","","","55,5 ","R.N. VALLE ","BERNIE ","J.C. CERQUEIRA ","8 ","8 ",
"","Y ","3 ","55,5 ","N. GARCIA (54) ","CELSO MENDEZ ","J. LOPEZ ","12 ","5 ",
"","","","55,5 ","V. JANACEK (56) ","ADRIANA ","B. RAMA ","5 ","19 ",
"","","","55,5 ","J. VELASQUEZ (53) ","T. DIEZ ","D. DIEZ ","2 ","5,10,6,6 ",
"","","","54,5 ","C.A. LOAIZA (53) ","SIEMPRE FANI ","T. MARTINS ","4 ","Debut. ",
"","","","54,5 ","M. MONCEAUX (52) ","PETIT CANTER ","A. TSERETELI ","10 ","Debut. ",
"","","","54,5 ","B. FAYOS (55,5) ","YEGUADA VALIENTE ","I. LOPEZ ","1 ","Debut. ",
