"","","SEXO ","EDAD ","PESO ","JINETE ","CUADRA ","PREPARADOR ","CAJON ","Ult. Actuac. ",
"ESMERALDA (FR) (7.000) ","(2) (3) (4) ","Cas ","6 ","64 ","SR. PINEDA, G ","ZEBRA ","M. TELLINI ","9 ","8,6,1,5,2 ",
"COCHRAN (IRE) (7.000) ","","Cas ","4 ","64 ","SRTA. ALONSO, v. (61) ","CARBIAL ","o. ANAYA ","8 ","7,13,5,7,3 ",
"(GB) (7.000) ","(3) ","c ","6 ","64 ","SRTA. BOVILLE, c. (62) ","MARISOL ","J.C. CERQUEIRA ","5 ","2,4,13,8,3 ",
"(GB) (7.000) ","","c ","8 ","64 ","SR. URBANO, L. ","E. PEREZ GUZMAN ","J.A. RODRIGUEZ ","3 ","1,6,7,7,4 ",
"BAY (IRE) (7.000) ","","Cas ","4 ","64 ","SR. SAINZ, A. ","TINERFE ","o. ANAYA ","7 ","9,10,11,5,2 ",
"(7.000) ","","Y ","5 ","62,5 ","SRTA. BUESA, c. ","ZUL ","J.C. CERQUEIRA ","1 ","2,5,5,1,3 ",
"ME (FR) (5.000) ","","Cas ","5 ","62 ","SR. ALONSO, c. (63,5) ","PAULO ABREU ","H. PEREIRA ","6 ","5,6,3,2,3 ",
"(GB) (5.000) ","","Cas ","10 ","62 ","SRTA. LOPEZ L., D. ","TONETTI RACING ","E. LEON ","4 ","3,3,6,2,1 ",
"BERNIE (GB) (5.000) ","(4) ","Cas ","5 ","62 ","SR. LABORDE, P. ","ESPECTACULO ","H. PEREIRA ","2 ","4,7,4,5,6 ",
