"PESO ","JINETE ","CUADRA ","PREPARADOR ","CAJON ","Ult. Actuac. ",
"64 ","C.A. LOAIZA (62) ","ROCCO'S ","T. MARTINS ","7 ","2,11,6,7,12 ",
"62 ","R.N. VALLE ","RIO CUBAS ","I. LOPEZ ","4 ","4,1,8,7,4 ",
"61,5 ","B. FAYOS ","ENRIQUE FERNANDEZ DE LA VEGA ","J. LOPEZ ","1 ","4,3,8,4,5 ",
"59,5 ","J. GELABERT ","AFRICA ","J.M. OSORIO ","6 ","4,D,5,7,1 ",
"59 ","N. DE JULIAN ","PATRIZIA ROSANNA TESTA ","M. TELLINI ","3 ","1,4,3,8,3 ",
"58 ","v. JANACEK ","METAPHOR ","G. VAZ ","5 ","2,6,6,5,6 ",
"58 ","I. MELGAREJO (56,5) ","OUTSIDER RACING PROJECT ","A. SOTO ","8 ","3,2,9 ",
"57 ","J.L. BORREGO ","BOLAK ","M. AUGELLI ","2 ","3,2,3,6,7 ",
"56,5 ","D. FERREIRA (55) ","CELSO MENDEZ ","M. ALVAREZ ","9 ","5,9,6,5,9 ",
