"PESO ","JINETE ","CUADRA ","PREPARADOR ","CAJON ","Ult. Actuac. ",
"62 ","B. FAYOS ","PAULO ALVES JUNIOR ","H. PEREIRA ","3 ","7,10,2,1,8 ",
"61,5 ","F. JIMENEZ ","PATRIZIA ROSANNA TESTA ","M. TELLINI ","7 ","7,10,14,8,11 ",
"59 ","R.N. VALLE ","ORO ","A. TSERETELI ","1 ","10,11,9,2,2 ",
"58,5 ","D. FERREIRA (57) ","LAS AGUILAS ","F. RODRIGUEZ ","9 ","5,4,4,11,5 ",
"57 ","J. GELABERT ","JAYJO ","I. LOPEZ ","2 ","7,10,4,3,9 ",
"57 ","I. MELGAREJO (55,5) ","NEO ","A. SOTO ","8 ","4,10,7,6,4 ",
"56 ","J.L. BORREGO ","GRAN ELENCO ","J.C. ROSELL ","5 ","7,9,6,6,2 ",
"55 ","v. JANACEK (56) ","JIMENA ","B. RAMA ","4 ","6,8,12,2,1 ",
"51 ","N. GARCIA ","AIRES DE DOÑANA ","G. RODRIGUEZ ","6 ","4,6,7,8,6 ",
