"N° ","CABALLO ","","SEXO ","EDAD ","PESO ","JINETE ","CUADRA ","PREPARADOR ","CAJON ","Ult. Actuac. ",
"1 ","BILLYCOCK HILL (GB) ","","c ","4 ","70 ","SR. MAROTO, R. (68) ","MADRIZ ","G. ARIZKORRETA ","4 ","2,12,10,5,1 ",
"2 ","CAÑEDO ","","C ","4 ","69 ","SR. ALONSO V, C. ","YEGUADA LA LLANA ","A. REMOLINA ","6 ","1,7,3,5,2 ",
"3 ","MORDAN ","","C ","6 ","68 ","SR. LABORDE, P. ","LABERINTO ","o. ANAYA ","7 ","4,7,5,1,1 ",
"4 ","MR HOBBS (GB) ","(3) ","C ","5 ","67 ","SRTA. BOVILLE, c. (65) ","MARISOL ","J.C. CERQUEIRA ","2 ","4,13,8,3,3 ",
"5 ","DESERT DEER (IRE) ","","Cas ","4 ","66 ","SR. PINEDA, G. ","SIEMPRE FANI ","T. MARTINS ","3 ","2,1,7,5,5 ",
"6 ","KIKO (GB) ","","C ","4 ","66 ","SR. SARABIA, D. ","RIO CUBAS ","I. LOPEZ ","5 ","6,1,4,7,7 ",
"7 ","MOUNTAIN GUARD (IRE) ","","C ","4 ","62 ","SRTA. LOPEZ, D. ","NOSSA SENHORA DO VALE ","H. PEREIRA ","1 ","1,4,3,6,1 ",
