"N° ","CABALLO ","","SEXO ","EDAD ","PESO ","JINETE ","CUADRA ","PREPARADOR ","CAJON ","Ult. Actuac. ",
"1 ","DELTA CRUCIS (USA) ","","Cas ","8 ","62 ","B. FAYOS ","LAS AGUILAS ","F. RODRIGUEZ ","4 ","4,4,11,5,10 ",
"2 ","KISMAR (IRE) ","","Y ","6 ","59,5 ","J. GELABERT ","ROYAL GAIT ","J.A. RODRIGUEZ ","6 ","5,6,13,7,5 ",
"3 ","COYOTE DAX ","(5) ","Cas ","4 ","56,5 ","N. DE JULIAN ","TOLEDO ","A. NUÑEZ ","3 ","4,3,11,2,4 ",
"4 ","FARSAMAN (FR) ","(5) ","Cas ","4 ","55,5 ","R. SOUSA ","AGRO CARVALHO ","L.A. OLIVEIRA ","5 ","2,4,8,1,4 ",
"5 ","CIMA JELOIS (FR) ","(3) ","Y ","5 ","54 ","D. FERREIRA ","ANJOS SELVAGENS ","H. OLIVEIRA ","1 ","5,3,7,5,9 ",
"6 ","MY FERLOMA (FR) ","(3) ","Y ","6 ","51 ","N. GARCIA ","MENDES & SA COUTO ","H. OLIVEIRA ","2 ","5,7,8,6,4 ",
"7 ","ASCANIO ","","Cas ","5 ","51 ","C.A. LOAIZA (52,5) ","HELISABEL ","J. SALGUERO ","7 ","3,3,4,8,9 ",
