"N° ","CABALLO ","","SEXO ","EDAD ","PESO ","JINETE ","CUADRA ","PREPARADOR ","CAJON ","Ult. Actuac. ",
"1 ","SIR IKER (FR) ","","Cas ","3 ","58 ","J.L. MARTINEZ ","YEGUADA AGF ","G. ARIZKORRETA ","2 ","2,2,2,2,5 ",
"2 ","CITY MASTER (GB) ","(2) ","Cas ","3 ","56 ","R.N. VALLE ","MARISOL ","J.C. CERQUEIRA ","10 ","5,6,9,7,4 ",
"3 ","DEFERENCE (GB) ","","Cas ","3 ","56 ","R. SOUSA ","TINERFE ","o. ANAYA ","9 ","3,8,6,5,3 ",
"4 ","FLOKI ","","Cas ","3 ","56 ","C.A. LOAIZA (53.5) ","NAZARENA ","J. SALGUERO ","1 ","8,11,9 ",
"5 ","PULSING DRAGON (IRE) ","","Cas ","3 ","56 ","F. JIMENEZ ","MAZANTINNI ","A. CARRASCO ","8 ","5,3,3,11,6 ",
"6 ","SIR MAURO (GB) ","","c ","3 ","56 ","V. JANACEK (G.Roja) ","YEGUADA AGF ","G. ARIZKORRETA ","4 ","3,9 ",
"7 ","LADY MARENGO (IRE) ","","Y ","3 ","55,5 ","B. FAYOS ","HISPANICA ","o. ANAYA ","5 ","11,5,11,4,2 ",
"8 ","QUELLE FORME (FR) ","","Y ","3 ","54,5 ","D. FERREIRA (54) ","AGRO CARVALHO ","L.A. OLIVEIRA ","3 ","Debut. ",
"9 ","QUENA (FR) ","(3) ","Y ","3 ","54,5 ","N. DE JULIAN ","ROBERTO COCHETEUX ","M. ALVAREZ ","7 ","10,10,5,11,6 ",
"10 ","TICOLET (IRE) ","","Y ","3 ","54,5 ","J. GELABERT ","MEDITERRANEO ","A. SOTO ","6 ","4,11,12,13 ",
