"N° ","CABALLO ","","SEXO ","EDAD ","PESO ","JINETE ","CUADRA ","PREPARADOR ","CAJON ","Ult. Actuac. ",
"1 ","CECILIUS ","(3) ","C ","4 ","62,5 ","J. GELABERT ","CELSO MENDEZ ","M. ALVAREZ ","6 ","10,6,2,1,1 ",
"2 ","MIKELTOS (FR) ","(3) ","Cas ","9 ","61,5 ","B. FAYOS ","ALGEMESI ","o. ANAYA ","5 ","1,4,1,7,5 ",
"3 ","SON BOU (GB) ","","Cas ","9 ","61,5 ","SR. SARABIA, D. ","TONETTI RACING ","E. LEON ","7 ","3,6,2,1,1 ",
"4 ","BUDGIE (GB) ","(2) ","c ","4 ","60,5 ","R. SOUSA ","ROCCO'S ","T. MARTINS ","9 ","11,6,7,12,10 ",
"5 ","CRIMSON MYSTERY (IRE) ","","Cas ","4 ","58,5 ","D. FERREIRA (57) ","ANJOS SELVAGENS ","H. OLIVEIRA ","1 ","2,1,1,12,11 ",
"6 ","DARK PROFIT (IRE) ","","Cas ","7 ","57,5 ","F. JIMENEZ ","MAZANTINNI ","A. CARRASCO ","8 ","4,8,4,7,3 ",
"7 ","THE LAST ONE ","(5) ","c ","8 ","57,5 ","L. FONSECA ","AGRO CARVALHO ","L.A. OLIVEIRA ","3 ","8,D,3,4,13 ",
"8 ","YOUNG BERNIE (GB) ","","Cas ","4 ","57,5 ","V. JANACEK ","ESPECTACULO ","H. PEREIRA ","4 ","7,4,5,6 ",
"9 ","MYA DA TORRE (POR) ","(3) ","Y ","3 ","55,5 ","N. DE JULIAN (G.Roja) ","AGRO CARVALHO ","L.A. OLIVEIRA ","2 ","4,4,8 ",
