"N° ","CABALLO ","","SEXO ","EDAD ","PESO ","JINETE ","CUADRA ","PREPARADOR ","CAJON ","Ult. Actuac. ",
"1 ","OBANOS (IRE) ","","Cas ","5 ","62 ","R. SOUSA ","CANTER ","E. LEON ","1 ","3,7,7,6,3 ",
"2 ","BARRY LYNDON (FR) ","(3) ","c ","5 ","60 ","SR. SARABIA, D. ","RIO CUBAS ","I. LOPEZ ","2 ","1,8,7,4,4 ",
"3 ","BARENTON (FR) ","(5) ","Cas ","5 ","59 ","V. JANACEK ","SILVER ","D. TEIXEIRA ","4 ","6,1,11,7,4 ",
"4 ","COLIBRI (IRE) ","","Cas ","5 ","55 ","F. JIMENEZ ","BARRA SUR ","L. ENNOUNI ","5 ","3,6,7,4,6 ",
"5 ","MY MAN CHARLIE (FR) ","","c ","6 ","54 ","D. FERREIRA ","ANJOS SELVAGENS ","H. OLIVEIRA ","3 ","5,3,6,1,9 ",
"6 ","KARIBBEAN DREAM (FR) ","(3) ","c ","3 ","53,5 ","J. GELABERT ","EUPHORIA ","J.A. RODRIGUEZ ","6 ","8,10,4,2,1 ",
