"N° ","CABALLO ","","EDAD ","KG ","JINETE ","CUADRA ","PREPARADOR ","CAJÓN ","Últ. actuaciones ",
"1 ","SOLANA ","(3) ","5 años ","62 ","V.JANACEK ","BOLAK ","M.AUGELLI ","10 ","[02,04,01,08,1 ",
"2 ","PANISIDE ","","7 años ","61,5 ","J.GELABERT (60,5) ","INDIA ","F.RODRIGUEZ ","8 ","[06,09,05,05,0 ",
"3 ","SUEVA ","","5 años ","61,5 ","J.L.MARTINEZ ","TIZIANO ","I.L.MAROTO ","9 ","[02,08,03,01,0 ",
"4 ","STEEVO (IRE) ","","4 años ","60,5 ","N.DE JULIAN (59,5) ","QUINTA SANTA JUSTA MAIA ","C.VIDINHA ","2 ","[03,05,10,NP,0 ",
"5 ","SUNSUNA (GB) ","(3) ","4 años ","60 ","I.BORREGO ","CAPRI ","J.JERSIN ","1 ","[NP,07,09,02,0 ",
"6 ","CINNAMON CRESCENT (FR) ","","6 años ","59,5 ","I.L.BORREGO ","COSTA LA VALL ","X.XATRUCH ","6 ","[04,01,02,06,0 ",
"7 ","SCHEME OF THE MOON (FR) ","","4 años ","59 ","H.OLIVEIRA (59,5) (G.Blanca) ","QUINTA SANTA JUSTA MAIA ","C.VIDINHA ","11 ","[07,06,05,07,0 ",
"8 ","GAVIA (FR) ","(4) ","3 años ","57 ","B.FAYOS ","CENTRO ","M.A.MARIN ","4 ","[09,02,11,10,0 ",
"9 ","ASTURIA (GER) ","","4 años ","56,5 ","R.SOUSA ","KUONA ","G.RODRIGUEZ ","5 ","[03,NP,02,02,0 ",
"10 ","MONTANCHEZ (IRE) ","(5) ","3 años ","56 ","N.GARCIA ","PAZ ","I.A.RODRIGUEZ ","7 ","[09,05,09,08,0 ",
"11 ","PARAFIN YOUNG (GB) ","","3 años ","56 ","A.GOMEZ ","ENALTO ","B.RAMA ","12 ","[08,06,08,09,1 ",
"12 ","KINGKAYE (FR) ","","5 años ","55,5 ","M.GOMES ","HABIT ","C.FERNANDEZ ","3 ","[08,NP,06,03,0 ",
