"N° ","CABALLO ","","EDAD ","KG ","JINETE ","CUADRA ","PREPARADOR ","CAJÓN ",".actuaciones ",
"1 ","MAN OF TIME (IRE) ","","3 años ","58 ","A.J.GRATEROL ","SOÑADOR ","ILLOPEZ ","6 ","[NP,10,02,05,0 ",
"2 ","ABU AL HAWA (GB) ","","3 años ","56,5 ","V,JANACEK ","R QUE R ","B.RAMA ","14 ","[08] ",
"3 ","CIRENE ","(5) ","3 años ","56,5 ","J.GELABERT (55) ","SAN MAMES ","T.CALLEJO S. ","5 ","[10,07,07,03,0 ",
"4 ","FAST CAT (IRE) ","(4)(5) ","3 años ","56,5 ","R.SOUSA ","NOSSA SENHORA DO VALE ","H.PEREIRA ","8 ","[NP,09,NP,05,0 ",
"5 ","FROZEN BROOKS (IRE) ","","3 años ","56,5 ","I.CASTAÑO ","LAS AGUILAS ","T.CALLEJO M. ","3 ","[11,15,07,12 ",
"6 ","HABANA ","","3 años ","56,5 ","N.GARCIA ","YEGUADA CORTIÑAL ","|.A.RODRIGUEZ ","15 ","[04,15,10,07 ",
"7 ","ISQUEIRO DA MAIA (POR) ","","3 años ","56,5 ","J.L.MARTINEZ ","DIROSA ","H.PEREIRA ","9 ","[14,NP,NP] ",
"8 ","NIOBE ","","3 años ","56,5 ","B.FAYOS ","DUQUE DE ALBURQUERQUE ","I.M.OSORIO ","4 ","[03,08,02,09,0 ",
"9 ","ON GUARD (FR) ","","3 años ","56,5 ","G.MADERO ","REZA PAZOOKI ","F.RODRIGUEZ ","2 ","[14] ",
"10 ","PERUVIAN QUEEN ","","3 años ","56,5 ","A.GOMEZ ","SIEMPRE FANI ","T.MARTINS ","7 ","[02,05,10,04,N ",
"11 ","TARA'S QUEST (GB) ","(5) ","3 años ","56,5 ","C.A.LOAIZA ","SARA FERVENZA ","H.PEREIRA ","11 ","[07,NP,05,03,0 ",
"12 ","ATOMICA ","(5) ","3 años ","55 ","J.L.BORREGO ","ENALTO ","F.PEREZ ","1 ","[05,10,07,05,0 ",
"13 ","BALLAD OF MULAN (IRE) ","","3 años ","55 ","E.ARGUINZONES ","GREILET ","A.SANCHEZ ( ","10 ","[09,06,06,08,1 ",
"14 ","DOUNALY BARELIERE (FR) ","","3 años ","55 ","I.BORREGO ","E. PEREZ GUZMAN ","I.A.RODRIGUEZ ","12 ","[09,10,08] ",
"15 ","GOUT DU SEL (IRE) ","","3 años ","55 ","M.GOMES ","LAURA COSTA ","M.TELLINI ","13 ","[09,07,05,02,0 ",
