"N° ","CABALLO ","","EDAD ","KG ","JINETE ","CUADRA ","PREPARADOR ","CAJÓN ","Últ. actuaciones ",
"1 ","THE LAST ONE ","(5) ","5 años ","62 ","N.DE JULIAN (61) ","AGRO CARVALHO ","D.TEXEIRA ","8 ","[NP,03,01,04,0 ",
"2 ","ALABARDA ","","6 años ","62 ","B.FAYOS ","IL PADRINO ","J.LOPEZ ","9 ","[04,03,07,09,0 ",
"3 ","BIPOLAR ","(3) ","8 años ","61,5 ","J.L.MARTINEZ ","BEST OF CAFFE ","L.A.OLIVEIRA ","4 ","[06,08,08,09,0 ",
"4 ","AGREEABLE LADY (IRE) ","","4 años ","61,5 ","J.CASTAÑO ","LAS AGUILAS ","T.CALLEJO M. ","3 ","[10,09,NP,07,0 ",
"5 ","LABAREDA ","","3 años ","61 ","I.BORREGO ","BRUNO MIGUEZ ","D.DEL BARRIO ","2 ","[07,14,16,04,0 ",
"6 ","KUBOKI (FR) ","","5 años ","59,5 ","R.SOUSA ","ZEZINHO ","J.C.CERQUEIRA ","5 ","[05,03,06,01,0 ",
"7 ","MANOLETE ","(5) ","4 años ","59 ","N.GARCIA ","ROYAL GAIT ","J.A.RODRIGUEZ ","1 ","[03,03,05,07,0 ",
"8 ","CIUDADANO KANE ","(5) ","6 años ","58,5 ","J.GELABERT (57,5) ","TURF LA GARE ","I.LOPEZ ","6 ","[01,08,03,03,0 ",
"9 ","MAKAAMEN (GB) ","","10 años ","55 ","J.L.BORREGO ","EACHWAY ","A.SANCHEZ C. ","7 ","[04,NP,02,04,0 ",
"10 ","FIONA ","(2)(5) ","5 años ","53 ","E.ARGUINZONES (G.Blanca) ","EACHWAY ","A.SANCHEZ C. ","11 ","[02,NP,07,08,0 ",
"11 ","PERSIAN VALLEY (GB) ","","5 años ","51,5 ","A.GOMEZ (52) (G.Roja) ","LAS AGUILAS ","T.CALLEJO M. ","10 ","[05,02,03,07,0 ",
