"N° ","CABALLO ","","EDAD ","KG ","JINETE ","CUADRA ","PREPARADOR ","CAJÓN ","Últ. actuaciones ",
"1 ","BUSCAVIDAS (IRE) ","","5 años ","63 ","J.L.MARTINEZ ","ODISEA ","A.CARRASCO ","8 ","[02,07,NP,02,0 ",
"2 ","OREGON ","","5 años ","62 ","B.FAYOS ","YEGUADA CORTIÑAL ","J.A.RODRIGUEZ ","12 ","[04,01,01,02,0 ",
"3 ","DUBAI SPRING (USA) ","(5) ","7 años ","57,5 ","SRTA BUESA,C. (55,5) ","ZEZINHO ","J.C.CERQUEIRA ","7 ","[03,11,03,08,N ",
"4 ","MU GAMARA (GB) ","","5 años ","56,5 ","J.L.BORREGO ","T.DIEZ ","D.DIEZ ","5 ","[04,08,06,08,0 ",
"5 ","MR LUXOR (IRE) ","","4 años ","56,5 ","N.DE JULIAN (55,5) ","ALTAMIRA ","A.NUÑEZ ","4 ","[05,05,02,09,0 ",
"6 ","SEASALT (ITY) ","","5 años ","56,5 ","M.GOMES ","PAOLA MORELLI ","M.TELLINI ","11 ","[07,01,07,11,0 ",
"7 ","BUSTURIA (IRE) ","","4 años ","54,5 ","V.JANACEK (55) ","POPULAR ","G.ARIZKORRETA ","2 ","[05,05,01,03,0 ",
"8 ","DIVISA AZUL ","","5 años ","54 ","G.MADERO ","LOS COLCHONEROS ","M.J.PEREZ ","1 ","[07,08,01,08,0 ",
"9 ","MICKEY (GER) ","","6 años ","53,5 ","R.SOUSA ","FRANCISCO SANTOS ","F.SANTOS ","10 ","[05,NP,04,02,0 ",
"10 ","VICARAGE (IRE) ","","4 años ","52,5 ","C.A.LOAIZA ","LAS AGUILAS ","T.CALLEJO M. ","9 ","[03,05,08,03,0 ",
"11 ","JOAQUINA ","(5) ","6 años ","52,5 ","J.GELABERT (51,5) ","INDIA ","F.RODRIGUEZ ","3 ","[03,05,05,04,0 ",
"12 ","SUEVO ","(5) ","4 años ","52 ","A.GOMEZ ","TIZIANO ","J.L.MAROTO ","6 ","[04,10,10,02,0 ",
