"N° ","CABALLO ","","EDAD ","KG ","JINETE ","CUADRA ","PREPARADOR ","CAJÓN ","Últ. actuaciones ",
"1 ","ALTAIR ","","2 años ","58 ","V.JANACEK ","INDIA ","F.RODRIGUEZ ","3 ","[04] ",
"2 ","GASTON MIX (GB) ","","2 años ","58 ","B.FAYOS ","TOLOSANA ","J.L.MAROTO ","4 ","[05,06] ",
"3 ","PERFECTA ","","2 años ","56,5 ","J.L.MARTINEZ ","C.E. LOUREIRO VELHO ","D.TEXEIRA ","1 ","[04] ",
"4 ","QUASAR ","","2 años ","56,5 ","J.GELABERT ","LAC INTERNACIONAL ","I.LOPEZ ","6 ","I Debutante ",
"5 ","STAR WARS ","","2 años ","56,5 ","N.GARCIA ","PALOMARES ","I.A.RODRIGUEZ ","5 ","[02,03] ",
"6 ","AMANECER ","","2 años ","55 ","R.SOUSA ","E. PEREZ GUZMAN ","J.A.RODRIGUEZ ","2 ","[ Debutante ",
