"","","","","","","","","",
"","","","KG ","JINETE ","CUADRA ","PREPARADOR ","CAJÓN ","Ult.Actuac. ",
"OSCAR ","","3 ","58 ","J.GELABERT ","C.MARBELLA ","G.ARIZKORRETA ","7 ","2,1,5 ",
"","","","57 ","J.M.BORREGO ","Y.MILITAR ","F.LINAN ","3 ","5,0,0,3,0 ",
"","","3 ","57 ","J.L.MARTINEZ (G.roja) ","Y.MILITAR ","J.P.ESPINOSA ","5 ","2,0,3,7,6 ",
"","","3 ","56 ","R.SOUSA ","CDE.CIBELES ","PROP. ART. 26 ","8 ","7,9 ",
"","","","56 ","M.GOMES ","C.OMBRA ","M.COMAS ","9 ","5,3,0 ",
"","","","56 ","B.FAYOS ","C.ENALTO ","F.PEREZ ","2 ","3,6,4 ",
"","","","56 ","N.DE JULIAN (G.blanca) ","Y.MILITAR ","J.P.ESPINOSA ","4 ","7,5 ",
"","(5) ","3 ","56 ","F.MARTINEZ (G.azul) ","Y.MILITAR ","A.SUÑEN ","1 ","6,7,8,0,8 ",
"","","","54,5 ","F.ALVARADO (55) ","C.BUELNA EQUII ","F.ALVARADO ","10 ","Deb. ",
"","","3 ","54,5 ","R.C.MONTENEGRO ","CELSO MENDEZ ","J.LOPEZ ","6 ","4,6,5,9 ",
