"KG ","JINETE ","CUADRA ","PREPARADOR ","CAJON ","Ult.Actuac. ",
"59 ","M.GOMES ","C.REMOLINA ","A.REMOLINA ","3 ","4,0,1,5,1 ",
"59 ","J.L.BORREGO ","C.MIRANDA S.L. ","M.DELCHER S. ","11 ","1,2,6,2 ",
"56 ","R.SOUSA ","C.MARTUL ","A.IMAZ C. ","6 ","4,2,1,1,4 ",
"56 ","J.ZAMBUDIO (G.roja) ","C.REMOLINA ","A.REMOLINA ","9 ","1,2,6,3,2 ",
"56 ","B.FAYOS ","C.EXTREMEÑA OP ","M.AUGELLI ","2 ","7,2,2,4,8 ",
"56 ","J.E.JARCOVSKY ","DOHA HORSE CLUB ","J.C.ROSELL ","4 ","6,5,1 ",
"56 ","R.C.MONTENEGRO ","C.LEVANTE ","A.IMAZ C. ","1 ","3,4,9,3,1 ",
"56 ","J.GELABERT ","C.MEDITERRANEO ","G.ARIZKORRETA ","8 ","3,1,7,3,1 ",
"56 ","D.ALBERCA-GAVILAN ","C.SANTA BARBARA ","J.M.OSORIO ","5 ","7,1,3,2 ",
"56 ","J.L.MARTINEZ ","C.ARCO ","J.SALGUERO ","7 ","1,2,2 ",
"54,5 ","C.A.LOAIZA ","C.ESPECTACULO ","H.PEREIRA ","10 ","1,3,6,4,8 ",
"Diario ","Vasco (Categoría C) - 15.300 ","Euros a repartir - 1.400 ","metros. Hora: 19 h. ","50 m. ","",
"KG ","JINETE ","CUADRA ","PREPARADOR ","CAJÓN ","Ult.Actuac. ",
"59 ","C.A.LOAIZA ","C.NANINA ","J.CALDERON ","7 ","5,2,2,7,0 ",
"59 ","F.JIMENEZ ","C.ROBER ","R.AVIAL ","6 ","7,4,5,2,3 ",
"58 ","B.FAYOS ","C.RIO CUBAS S.L. ","O.ANAYA ","9 ","2,2,8,2,0 ",
"58 ","R.SOUSA ","J.J.MONTAGNE ","A.IMAZ C. ","8 ","5,3,3,0,1 ",
"57 ","R.C.MONTENEGRO ","JUAN PEINADO ","A.IMAZ C. ","4 ","0,1,7,2,3 ",
"56 ","J.L.MARTINEZ ","C.A GRANXA ","H.PEREIRA ","3 ","1,3,2,3,5 ",
"56 ","J.E.JARCOVSKY ","C.MANUELA ","J.CALDERON ","2 ","3,6,4,6,1 ",
"56 ","M.GOMES ","AS.PORTO COLLECTOR ","J.P.OLIVEIRA ","1 ","0,0,0,3,5 ",
"56 ","J.GELABERT ","Y.AGF ","G.ARIZKORRETA ","5 ","2,1,5,0,3 ",
