"","1 Carrera - ","Premio ","Equinoccio ","","Viajes (Amazonas y Gentlemen) - ","6.800 Euros a repartir - ","2.200 metros. Hora: 17 ","h. 30 m. ","",
"N° ","CABALLO ","","EDAD ","KG ","JINETE ","CUADRA ","PREPARADOR ","CAJÓN ","Ult.Actuac. ",
"1 ","GREEN SOLDIER(FR) ","","6 ","68,5 ","SR.CARMENA M. ","C.EDIF ","A.IMAZ C. ","3 ","6,4,4,3,4 ",
"2 ","KURDO(FR) ","(3) ","9 ","67,5 ","SR.PINEDA G. ","Y.AGF ","G.ARIZKORRETA ","5 ","2,5,1,4,5 ",
"3 ","ATACAMA ","","4 ","65,5 ","SR.MELGAREJO I ","C.MARTUL ","A.IMAZ C. ","2 ","0,4,0,4,3, ",
"4 ","PEMAN(IRE) ","","4 ","65,5 ","SR.ALONSO V., C. (64) ","C.INTERLAWYERS ","A.IMAZ C. ","1 ","8,3,2,8,7 ",
"5 ","MELOPEA ","","5 ","63 ","SR.REVUELTA M. ","C.BUELNA EQUII ","F.ALVARADO ","4 ","8,7 ",
