"N° ","CARILLA ","","FDAD ","KG ","JINETE ","CUADRA ","PREPARADOR ","CAJON ","UE ",
"1 ","BABLA KARAN ","(3) ","","57 ","R.SDUSA ","","","9 ","(02,01,01,03,10 ",
"2 ","","","Jalos ","57 ","","MAGICA ","","1 ","(03,01,04,04,07) ",
"3 ","MELAMPO ","","alas ","57 ","","ZIRRAQUIN ","REANA ","4 ","(07,03,04,05,09) ",
"4 ","MONTENDGRAL ","(3) ","alos ","37 ","IMELGARE) ","BECARIS ","","3 ","",
"5 ","TIERVES ","","alos ","57 ","","MIRANDA ","ASOTO ","5 ","(02,02,02,00,06) ",
"4 ","TRESETES ","(4) ","alos ","37 ","(C.Ro(a) ","ZIRRAQUEN ","BRANA ","2 ","",
"7 ","TROMID ","","alsas ","57 ","","LATINTILIL ","","1 ","[04,01,03,NP,01] ",
"a ","","","3 ales ","245 ","F.IMINEZ ","AGBLIDO ","","B ","(NP,01,03.03,02) ",
"1 ","KAMIDAA ","(2) ","ales ","55,5 ","","ENALTO ","","11 ","Debutante I ",
"10 ","SIDATRICA ","","ales ","55,5 ","","VECHADA DONOSTIAIRA ","G LARONORAITA ","10 ","(01,03,04) ",
"11 ","TERANDOT ","","Talos ","95,5 ","RRAMOS ","TECEIADA ","","6 ","(01.05.01.07.01) ",
