"N° ","CABALLO ","","","KG ","JINETE ","CUADRA ","PREPARADOR ","CAJÚN ","",
"1 ","ASTURIAS ","(4) ","Zalos ","57 ","","TEGUADA ROCIO ","","2 ","(05,02,01,04) ",
"2 ","GEANNINA ","","alos ","57 ","","MARQUES DE MIRAFLORES DE SAN ANTONIO ","OLDELOIER ","3 ","(07,01,02) ",
"3 ","IDEAL ","","alos ","57 ","ILNARTINEZ ","","GARONDRAFTA ","5 ","[02] ",
"4 ","MARACAY ","","Zalos ","57 ","","TOLEDO ","AMINEZ ","6 ","",
"5 ","CATREA ","","2 ales ","57 ","","DE ALBERQUERQUE ","","1 ","I Debutante 1 ",
"& ","SICALINIA ","","2 alas ","57 ","SETARIBAL ","zue ","","4 ","(04,07,06) ",
