"N° ","CABALLO ","","EDAD ","KG ","JINETE ","CUADRA ","PREPARADOR ","CAJÓN ","de ",
"1 ","BARKOS ","","","57 ","F.IMENEZ ","EL LETORNO ","LENMOINI ","1 ","[89] ",
"2 ","","","Zalos ","57 ","","AMAZING TURE ","","6 ","",
"3 ","MATURAL TALENT ","","2 ales ","57 ","VJANACEX ","MUNCA SE SAEE ","","2 ","",
"4 ","MUR ","","2 ales ","57 ","","REA ","","4 ","",
"5 ","SANDEASS ","","ales ","57 ","LIONSITA ","","",", ","(03,04,03,05) ",
"4 ","TUNANTE ","","alas ","57 ","RAAMOS ","EPERIZ CIZMAN ","JABODRIGUE ","5 ","(04,01,04,02) ",
", ","INITED STATIS ","","ales ","57 ","IGELABERT ","TIZIANO ","","3 ","[05,02,NP,01] ",
