"N° ","CABALLO ","","EDAD ","KG ","JINETE ","CUADRA ","PREPARADOR ","CAJÓN ","Últ. actuaciones* ",
"1 ","BABA KARAM ","(3) ","3 años ","62 ","I.MELGAREJO (60,5) ","REZA PAZOOKI ","O.ANAYA ","8 ","[03,10,06,02,01] ",
"2 ","GORMAZ ","(3)(4) ","4 años ","62 ","N.SACCU (59) ","L'ETOILE ","G.ARIZKORRETA ","7 ","[12,05,07,03,04] ",
"3 ","CAROLINI (FR) (a) ","","5 años ","61,5 ","R.SOUSA (G.Roja) ","REZA PAZOOKI ","O.ANAYA ","1 ","[01,08,01,08,04] ",
"4 ","SONNY BOY ","","5 años ","61 ","N.DE JULIAN ","MAGICA ","M&M RACING ","5 ","[10,08,06,04,02] ",
"5 ","CIRIACO ","(3) ","10 años ","58,5 ","V.JANACEK ","RIO AULENCIA ","G.ARIZKORRETA ","4 ","[05,04,02,03,03] ",
"6 ","PITIA ","","3 años ","55,5 ","L.FONSECA (54) ","T.DIEZ ","D.DIEZ ","3 ","[09,05,03] ",
"7 ","RUN RUN ","(5) ","5 años ","52,5 ","J.GELABERT ","KARIKATO ","M&M RACING ","6 ","[01,01,05,09,05] ",
"8 ","ZINZA ","","4 años ","51 ","M.MONCEAUX (46,5) ","GRAN ELENCO ","I.C.ROSELL ","2 ","[05,03,01,05,08] ",
