"N° ","CABALLO ","","EDAD ","KG ","JINETE ","CUADRA ","PREPARADOR ","CAJÓN ","Últ. actuaciones* ",
"1 ","DRAPER (IRE) (8.000) ","","3 años ","59,5 ","J.L.BORREGO ","MARISOL ","J.HORCAJADA ","3 ","[06,NP,13,02,03] ",
"2 ","CALAMBRITOS (IRE)(10.000) ","","3 años ","59 ","C.A.LOAIZA (56,5) ","CARRUYO ","J.C.CERQUEIRA ","4 ","[04,09] ",
"3 ","TAGUAL FR)(10.000) ","","3 años ","59 ","I.MELGAREJO (57) ","LAC INTERNACIONAL ","A.SOTO ","10 ","[02,03,07,06,02] ",
"4 ","FAVEUR GRINE (GB)(8.000) ","","3 años ","58 ","R.RAMOS ","M'HAMMED KARIMINE ","A.SOTO ","6 ","[08,05,01,02,02] ",
"5 ","PUEYO (IRE)(6.000) ","(5) ","3 años ","58 ","N.DE JULIAN ","MARTUL ","R.MARTIN V. ","8 ","[06,08,03,01,02] ",
"6 ","DINAMITA (GB)(6.000) ","(5) ","3 años ","56 ","M.E.FERNANDEZ ","JULIAN VIEITEZ ","O.ANAYA ","1 ","[12,10,09,05,05] ",
"7 ","SHOKOLINE (GER) (8.000) ","","3 años ","56 ","A.MARTINEZ (52) ","REZA PAZOOKI ","O.ANAYA ","2 ","[05,13] ",
"8 ","YOZAKURA (FR)(6.000) ","(5) ","3 años ","56 ","N.GARCIA (54,5) ","AMAZING TURF ","I.A.RODRIGUEZ ","7 ","[10,10,09,08,08 ",
"9 ","IRENE(6.000) ","(5) ","3 años ","54,5 ","M.HRUBOSOVA (49,5) ","MEDITERRANEO ","G.ARIZKORRETA ","5 ","[NP,09,10,NP,NP ",
"10 ","LINDA (IRE) (6.000) ","","3 años ","54,5 ","L.FONSECA (54) ","TONETTI RACING ","E.LEON ","9 ","[06,06,09,10,06] ",
