"N° ","CABALLO ","","EDAD ","KG ","JINETE ","CUADRA ","PREPARADOR ","CAJÓN ","Últ. actuaciones* ",
"1 ","SALLAB (IRE) ","","5 años ","62 ","I.MELGAREJO (60) ","CARTAGENA DE INDIAS ","O.ANAYA ","2 ","[02,06,02,01,04] ",
"2 ","OBANOS (IRE) ","","6 años ","59 ","V.JANACEK ","CANTER ","E.LEON ","5 ","[01,13,01,02,01) ",
"3 ","RED MAN (FR) ","","4 años ","59 ","B.FAYOS ","RAPIER ","E.LEON ","3 ","[NP,01,01,02,01] ",
"4 ","PELLIQUERO (FR) ","","3 años ","57 ","J.L.BORREGO ","CIELO DE MADRID ","I.A.RODRIGUEZ ","1 ","[06,05,03,01,13] ",
"5 ","TALES (GB) (a) ","","3 años ","55 ","J.GELABERT ","DUQUE DE ALBURQUERQUE ","I.M.OSORIO ","4 ","[08] ",
