"N° ","CABALLO ","","EDAD ","KG ","JINETE ","CUADRA ","PREPARADOR ","CAJÓN ","Últ. actuaciones* ",
"1 ","BRISCOLA (GB) ","(3) ","5 años ","62 ","SR SARABIA,D. ","RIO CUBAS ","E.LEON ","6 ","[10,01,07,03,03] ",
"2 ","RONEO (FR) ","(5) ","5 años ","60 ","R.SOUSA ","HERDADE GOMES ","M.GOMES ","2 ","[01,04,12,08,06 ",
"3 ","BERTUCHI ","(5) ","4 años ","60 ","B.FAYOS ","YEGUADA ILIBERIS ","J.LOPEZ ","1 ","[03,10,09,05,11 ",
"4 ","TONDERO (FR) ","(5) ","3 años ","58,5 ","D.FERREIRA (57) ","SIEMPRE FANI ","T.MARTINS ","5 ","[01,08,11,10] ",
"5 ","NICE TO MEET YOU (ITY) ","(3) ","6 años ","58 ","J.GELABERT ","JACOPO TELLINI ","M&M RACING ","4 ","[08,06,04,03,02 ",
"6 ","LAST DRINK (GB) ","","5 años ","55 ","C.HAZEN (53) ","MULABEL ","J.LOPEZ ","7 ","[04,06,02,04,04] ",
"7 ","VICTORIA FALLS (FR) ","(3) ","3 años ","53,5 ","N.DE JULIAN ","E. PEREZ GUZMAN ","J.A.RODRIGUEZ ","3 ","[02,06,05,09,06] ",
