"N° ","CABALLO ","","EDAD ","KG ","JINETE ","CUADRA ","PREPARADOR ","CAJÓN ","Últ. actuaciones* ",
"1 ","RADAMES(IRE) ","","5 años ","70,5 ","SR PINEDA,G. ","YEGUADA AGF ","G.ARIZKORRETA ","5 ","[09,NP,07,12,01] ",
"2 ","PERCY GREEN (IRE) ","","3 años ","63,5 ","SR SARABIA,D. ","MALLOW GRAN CANARIA ","O.ANAYA ","6 ","[05,07,04,04,01 ",
"3 ","BRANDON (FR) ","","4 años ","62 ","SR SAINZ A. ","HERMANOS ABOIN ","A.CARRASCO ","3 ","[04,07,08,08,06 ",
"4 ","PORT GRIMAUD (IRE) ","","5 años ","61,5 ","SRTA GIAVARINI,S. ","SHOSHOLOZA ","M&M RACING ","1 ","[05,08,02,03,02 ",
"5 ","LAJEEN (GB) ","","4 años ","61,5 ","SR GREDILLA,P. ","JACAL ","A.TSERETELI ","2 ","[03,04,05,NP,06] ",
"6 ","MYALDAGOBA ","","5 años ","57 ","SRTA BOVILLE,C. (54,5) ","COMETA ","I.C.ROSELL ","4 ","[06,13,NP,06,06] ",
