"KG ","JIINETE ","CUADRA ","PREPARADOR ","CAJÓN ","Ult.Actuac. ",
"62 ","G.MADERO ","C.MARTUL ","A.IMAZ B ","5 ","8,0,3,8,0 ",
"62 ","J.C.CERQUEIRA ","DANIEL ROSET ","T.CALLEJO ","10 ","5,3,3,2,3 ",
"61 ","J.GROSJEAN ","C.MULTI ","R.AVIAL ","2 ","4,2,3,2,8 ",
"61 ","J.HORCAJADA ","C.EL SABLE ","E.PUENTE ","9 ","3,0,2,3,8 ",
"59 ","S.MARTIN ","C.MIRANDA SL ","M.DELCHER S ","7 ","4,3,3,2,7 ",
"56 ","O.O.DE URBINA ","C.LAMASON ","J.L.MAROTO ","4 ","1,7,9,0,4 ",
"56 ","J.JIMENEZ (54) ","C.JIMENEZ ","J.JIMENEZ ","1 ","9,9,3,0,5 ",
"56 ","V.JANACEK ","C.EL ESTRIBO ","E.PUENTE ","12 ","2,3,0,0,6 ",
"54 ","J.CROCQUEVIEILLE (54,5) ","C.RESTAURANTE ARAETA ","M.ALONSO ","6 ","3,2,2,3,3 ",
"53 ","J.B.HAMEL (54) ","C.ROBER ","R.AVIAL ","11 ","4,5,9,6,7 ",
"53 ","J.M.SANCHEZ c (51)(B.roja) ","C.ROBER ","R.AVIAL ","8 ","5,6,0,9,0 ",
"51 ","A.GOMEZ ","C.SAN MAMES ","E.LEON ","3 ","9,8,0,7 ",
