"CABALLO ","","EDAD ","KG ","JINETE ","CUADRA ","PREPARADOR ","CAJON ","Ult.Actuac. ",
"ROLANDINO(FR) ","","5 ","62 ","J.L.BORREGO ","Y.URDIN-ORIYA ","F.PEREZ ","6 ","2,1,7,5,0 ",
"OBATALA(FR) ","","5 ","60 ","J.B.HAMEL ","C.OSUNA ","M.ALONSO ","5 ","2,4,7,5,4 ",
"CAPE(IRE) ","","4 ","59 ","J.C.CERQUEIRA ","DANIEL ROSET ","T.CALLEJO ","3 ","5,7,2,2,9 ",
"CROSS ","","4 ","59 ","J.HORCAJADA ","C.TIZIANO ","M.DELCHER S ","4 ","5,2,3,4,3 ",
"","(3) ","5 ","58 ","B.FAYOS ","C.LLAS ","J.LOP.VALVERDE ","2 ","1,6,7,6,6 ",
"PERSICUS(GB) ","(5) ","5 ","57 ","J.GROSJEAN ","C.HISPANICA ","F.RODRIGUEZ ","1 ","0,7,4,7,4 ",
