"EDAD ","KG ","JINETE ","CUADRA ","PREPARADOR ","CAJÓN ","Últ. actuaciones** ",
"","57 ","J.HORCAJADA ","C.MIRANDA SL ","M.DELCHER S ","5 ","4,9 ",
"2 ","57 ","V.JANACEK ","C.FACTOR SORPRESA ","G.ARIZKORRETA ","7 ","6 ",
"2 ","57 ","J.B.HAMEL ","MARIUS JAUBERTIE ","S.VIDAL ","4 ","7,6 ",
"","55,5 ","J.CROCQUEVIEILLE ","C.CALEJAÑA ","J.C.FERNANDEZ ","2 ","7 ",
"2 ","55,5 ","B.FAYOS (56) ","C.BRAZACORTA ","G.VILLARTA ","3 ","5,2,2 ",
"2 ","55,5 ","J.GROSJEAN ","C.SAFSAF ","F.RODRIGUEZ ","1 ","4 ",
"2 ","55,5 ","G.MADERO ","C.ROBER ","R.AVIAL ","8 ","7,0,5,2 ",
"2 ","53,5 ","F.R.MARTINEZ ","C.COHETON ","P.R.URBINA ","6 ","Deb. ",
