"CABALLO ","","EDAD ","KG ","JINETE ","CUADRA ","PREPARADOR ","CAJÓN ","Ult.Actuac. ",
"DE COEUR(FR) ","(3) ","5 ","66 ","SR.FOULON Q ","C.SAN MARCIAL ","J.M.BORREGO B ","5 ","1,2,4,7,8 ",
"YALLAYAN(FR) ","(5) ","4 ","66 ","SR.SARABIA D.A. (64) ","C.RIO CUBAS SL ","J.C.FERNANDEZ ","3 ","2,3,4,4,1 ",
"BERE(FR) ","4)(5 ","5 ","65 ","SR.MARTIN A., R ","C.ESTRADOS ","R.MARTIN S ","7 ","5,9,0,0,8 ",
"MOL ","","7 ","64 ","SR.CAMPO E. (60) ","ENDICA ARCENTALES ","E.PUENTE ","1 ","4,3,3,0,2 ",
"LLANURA(CAN) ","","3 ","63,5 ","SRTA.LOPEZ D ","C.TIZIANO ","M.DELCHER S ","4 ","4,1,3,3,4 ",
"SARASATE(GB) ","","5 ","63 ","SRTA. BUESA c (61) ","C.QUINTO REAL ","G.ARIZKORRETA ","2 ","5,6,1,4,2 ",
"TCHAPATCHAPA(FR) ","","3 ","58,5 ","SR.NASARI B (64,5) ","C.LA TALETA ","E.ABAJAS ","6 ","0,6,7,9 ",
